timestamp,day_of_week,hour,is_weekend,is_holiday,weather,temperature,customers_in_queue,employees_working,avg_service_time,orders_last_30min,waiting_time
2025-01-01 08:00:00,Wednesday,8,0,1,Rainy,13.9,2,4,6.12,5,4.18
2025-01-01 08:15:00,Wednesday,8,0,1,Rainy,17.6,1,5,5.35,2,0.5
2025-01-01 08:30:00,Wednesday,8,0,1,Rainy,16.7,1,5,5.84,2,5.82
2025-01-01 08:45:00,Wednesday,8,0,1,Rainy,16.2,1,5,4.84,0,1.59
2025-01-01 09:00:00,Wednesday,9,0,1,Rainy,17.8,2,6,6.04,4,0.58
2025-01-01 09:15:00,Wednesday,9,0,1,Rainy,18.0,3,5,6.27,3,0.5
2025-01-01 09:30:00,Wednesday,9,0,1,Rainy,17.3,2,6,5.35,5,0.5
2025-01-01 09:45:00,Wednesday,9,0,1,Rainy,15.8,5,6,5.21,9,2.54
2025-01-01 10:00:00,Wednesday,10,0,1,Rainy,17.9,3,6,5.44,5,0.5
2025-01-01 10:15:00,Wednesday,10,0,1,Sunny,15.7,7,6,4.12,17,4.24
2025-01-01 10:30:00,Wednesday,10,0,1,Rainy,16.4,6,5,6.59,12,10.8
2025-01-01 10:45:00,Wednesday,10,0,1,Rainy,19.5,5,6,5.75,9,6.04
2025-01-01 11:00:00,Wednesday,11,0,1,Rainy,21.7,6,7,5.37,13,0.56
2025-01-01 11:15:00,Wednesday,11,0,1,Rainy,16.6,6,7,6.17,9,0.98
2025-01-01 11:30:00,Wednesday,11,0,1,Rainy,18.0,11,7,6.39,22,11.01
2025-01-01 11:45:00,Wednesday,11,0,1,Rainy,17.7,7,7,5.19,14,7.54
2025-01-01 12:00:00,Wednesday,12,0,1,Rainy,19.6,11,7,5.57,21,10.11
2025-01-01 12:15:00,Wednesday,12,0,1,Rainy,17.4,12,7,4.44,27,8.34
2025-01-01 12:30:00,Wednesday,12,0,1,Rainy,18.3,9,7,5.38,21,4.93
2025-01-01 12:45:00,Wednesday,12,0,1,Cloudy,17.8,10,7,4.82,26,4.67
2025-01-01 13:00:00,Wednesday,13,0,1,Rainy,16.7,14,7,5.08,25,8.32
2025-01-01 13:15:00,Wednesday,13,0,1,Rainy,15.0,8,6,7.82,20,8.3
2025-01-01 13:30:00,Wednesday,13,0,1,Rainy,18.2,6,8,5.69,9,0.5
2025-01-01 13:45:00,Wednesday,13,0,1,Rainy,19.3,6,7,5.81,14,1.77
2025-01-01 14:00:00,Wednesday,14,0,1,Rainy,18.2,11,7,6.68,21,3.83
2025-01-01 14:15:00,Wednesday,14,0,1,Rainy,18.1,5,6,4.66,9,2.2
2025-01-01 14:30:00,Wednesday,14,0,1,Rainy,18.7,9,7,6.44,18,9.46
2025-01-01 14:45:00,Wednesday,14,0,1,Rainy,19.0,9,5,6.42,16,14.48
2025-01-01 15:00:00,Wednesday,15,0,1,Rainy,18.4,5,6,6.18,9,2.87
2025-01-01 15:15:00,Wednesday,15,0,1,Rainy,19.5,4,6,4.65,9,1.94
2025-01-01 15:30:00,Wednesday,15,0,1,Rainy,16.7,9,6,5.59,17,12.01
2025-01-01 15:45:00,Wednesday,15,0,1,Rainy,15.9,8,5,6.11,14,11.45
2025-01-01 16:00:00,Wednesday,16,0,1,Sunny,17.5,4,6,4.46,3,0.5
2025-01-01 16:15:00,Wednesday,16,0,1,Rainy,16.7,6,6,5.57,14,3.38
2025-01-01 16:30:00,Wednesday,16,0,1,Rainy,15.5,6,6,6.24,9,3.88
2025-01-01 16:45:00,Wednesday,16,0,1,Rainy,16.1,12,6,5.56,27,13.37
2025-01-01 17:00:00,Wednesday,17,0,1,Rainy,16.4,11,6,3.84,17,4.6
2025-01-01 17:15:00,Wednesday,17,0,1,Sunny,20.5,16,6,5.91,32,17.91
2025-01-01 17:30:00,Wednesday,17,0,1,Rainy,19.1,13,6,5.64,28,15.67
2025-01-01 17:45:00,Wednesday,17,0,1,Rainy,17.3,10,6,6.03,20,13.56
2025-01-01 18:00:00,Wednesday,18,0,1,Sunny,18.2,16,6,4.57,22,14.7
2025-01-01 18:15:00,Wednesday,18,0,1,Rainy,16.4,11,5,5.66,22,14.54
2025-01-01 18:30:00,Wednesday,18,0,1,Rainy,17.9,9,6,5.61,19,9.71
2025-01-01 18:45:00,Wednesday,18,0,1,Rainy,16.8,19,6,5.54,34,23.31
2025-01-01 19:00:00,Wednesday,19,0,1,Rainy,16.1,17,5,5.93,33,24.62
2025-01-01 19:15:00,Wednesday,19,0,1,Rainy,18.3,17,6,5.76,39,19.2
2025-01-01 19:30:00,Wednesday,19,0,1,Rainy,15.7,12,6,5.77,20,12.47
2025-01-01 19:45:00,Wednesday,19,0,1,Rainy,18.6,10,6,5.71,19,7.92
2025-01-01 20:00:00,Wednesday,20,0,1,Rainy,15.0,10,7,4.57,17,4.94
2025-01-01 20:15:00,Wednesday,20,0,1,Rainy,18.2,10,6,6.15,20,11.65
2025-01-01 20:30:00,Wednesday,20,0,1,Rainy,17.9,7,5,4.36,12,8.02
2025-01-01 20:45:00,Wednesday,20,0,1,Rainy,15.1,4,5,5.88,6,3.27
2025-01-01 21:00:00,Wednesday,21,0,1,Rainy,19.1,8,5,4.3,14,9.73
2025-01-01 21:15:00,Wednesday,21,0,1,Rainy,17.2,8,5,5.97,12,11.15
2025-01-01 21:30:00,Wednesday,21,0,1,Rainy,17.2,7,5,3.45,14,7.89
2025-01-01 21:45:00,Wednesday,21,0,1,Rainy,15.8,3,4,5.37,7,7.32
2025-01-02 08:00:00,Thursday,8,0,0,Cloudy,24.7,1,3,5.16,1,0.5
2025-01-02 08:15:00,Thursday,8,0,0,Cloudy,26.9,0,2,4.73,0,0.5
2025-01-02 08:30:00,Thursday,8,0,0,Cloudy,27.2,0,3,4.72,2,0.5
2025-01-02 08:45:00,Thursday,8,0,0,Cloudy,25.2,0,3,5.49,0,0.5
2025-01-02 09:00:00,Thursday,9,0,0,Cloudy,23.3,3,4,4.76,2,2.72
2025-01-02 09:15:00,Thursday,9,0,0,Cloudy,26.8,2,4,5.72,3,0.5
2025-01-02 09:30:00,Thursday,9,0,0,Cloudy,26.9,2,3,5.58,0,2.45
2025-01-02 09:45:00,Thursday,9,0,0,Cloudy,26.5,4,4,4.76,11,3.75
2025-01-02 10:00:00,Thursday,10,0,0,Cloudy,26.4,2,4,5.57,0,0.5
2025-01-02 10:15:00,Thursday,10,0,0,Cloudy,28.3,3,5,5.82,3,0.5
2025-01-02 10:30:00,Thursday,10,0,0,Cloudy,25.8,7,4,5.91,9,7.87
2025-01-02 10:45:00,Thursday,10,0,0,Cloudy,25.7,6,4,5.39,14,2.27
2025-01-02 11:00:00,Thursday,11,0,0,Cloudy,26.2,7,5,6.65,14,2.5
2025-01-02 11:15:00,Thursday,11,0,0,Cloudy,23.1,10,5,5.23,21,12.37
2025-01-02 11:30:00,Thursday,11,0,0,Cloudy,28.6,10,5,5.84,17,3.39
2025-01-02 11:45:00,Thursday,11,0,0,Cloudy,24.5,8,4,5.55,17,4.12
2025-01-02 12:00:00,Thursday,12,0,0,Cloudy,26.0,12,5,5.69,22,10.18
2025-01-02 12:15:00,Thursday,12,0,0,Cloudy,25.1,8,5,5.38,15,8.83
2025-01-02 12:30:00,Thursday,12,0,0,Cloudy,29.2,5,5,5.82,9,2.56
2025-01-02 12:45:00,Thursday,12,0,0,Cloudy,27.6,14,5,4.32,30,9.8
2025-01-02 13:00:00,Thursday,13,0,0,Cloudy,26.4,10,5,5.43,17,9.76
2025-01-02 13:15:00,Thursday,13,0,0,Cloudy,26.6,12,5,7.45,21,15.03
2025-01-02 13:30:00,Thursday,13,0,0,Cloudy,28.7,4,5,5.53,8,0.5
2025-01-02 13:45:00,Thursday,13,0,0,Cloudy,26.7,11,5,5.34,21,7.69
2025-01-02 14:00:00,Thursday,14,0,0,Cloudy,28.6,10,6,6.04,17,4.48
2025-01-02 14:15:00,Thursday,14,0,0,Cloudy,27.0,5,4,6.0,8,4.75
2025-01-02 14:30:00,Thursday,14,0,0,Cloudy,27.0,9,4,6.39,17,10.73
2025-01-02 14:45:00,Thursday,14,0,0,Cloudy,27.5,9,4,7.56,19,11.62
2025-01-02 15:00:00,Thursday,15,0,0,Cloudy,26.7,6,4,5.86,7,8.65
2025-01-02 15:15:00,Thursday,15,0,0,Cloudy,26.2,4,4,6.65,7,3.51
2025-01-02 15:30:00,Thursday,15,0,0,Cloudy,27.1,5,4,6.14,10,4.83
2025-01-02 15:45:00,Thursday,15,0,0,Cloudy,28.2,5,5,6.06,8,0.5
2025-01-02 16:00:00,Thursday,16,0,0,Cloudy,28.3,7,4,5.86,11,7.11
2025-01-02 16:15:00,Thursday,16,0,0,Cloudy,26.0,8,4,5.55,17,8.94
2025-01-02 16:30:00,Thursday,16,0,0,Cloudy,26.3,5,5,6.32,11,2.43
2025-01-02 16:45:00,Thursday,16,0,0,Cloudy,26.6,11,4,5.47,27,13.38
2025-01-02 17:00:00,Thursday,17,0,0,Cloudy,23.3,10,4,5.45,13,11.69
2025-01-02 17:15:00,Thursday,17,0,0,Cloudy,26.0,8,5,5.84,13,5.04
2025-01-02 17:30:00,Thursday,17,0,0,Cloudy,25.1,4,4,5.11,9,1.2
2025-01-02 17:45:00,Thursday,17,0,0,Cloudy,22.1,6,3,5.46,13,12.5
2025-01-02 18:00:00,Thursday,18,0,0,Cloudy,27.2,11,4,6.25,25,14.76
2025-01-02 18:15:00,Thursday,18,0,0,Cloudy,24.2,11,4,6.29,20,19.38
2025-01-02 18:30:00,Thursday,18,0,0,Cloudy,24.5,11,5,4.13,21,5.81
2025-01-02 18:45:00,Thursday,18,0,0,Cloudy,27.4,11,5,6.2,20,10.54
2025-01-02 19:00:00,Thursday,19,0,0,Sunny,27.4,9,4,4.93,18,10.65
2025-01-02 19:15:00,Thursday,19,0,0,Cloudy,26.8,18,5,6.16,38,20.38
2025-01-02 19:30:00,Thursday,19,0,0,Cloudy,26.4,10,4,4.64,17,9.29
2025-01-02 19:45:00,Thursday,19,0,0,Cloudy,27.0,13,4,5.2,20,18.18
2025-01-02 20:00:00,Thursday,20,0,0,Cloudy,25.2,9,4,4.35,18,8.26
2025-01-02 20:15:00,Thursday,20,0,0,Cloudy,26.2,6,2,6.43,14,25.77
2025-01-02 20:30:00,Thursday,20,0,0,Cloudy,24.5,5,3,5.3,9,7.99
2025-01-02 20:45:00,Thursday,20,0,0,Cloudy,26.2,6,4,5.2,15,6.19
2025-01-02 21:00:00,Thursday,21,0,0,Cloudy,27.6,13,3,6.51,20,30.73
2025-01-02 21:15:00,Thursday,21,0,0,Rainy,24.2,1,3,6.99,0,2.24
2025-01-02 21:30:00,Thursday,21,0,0,Cloudy,26.4,1,2,5.04,1,2.01
2025-01-02 21:45:00,Thursday,21,0,0,Cloudy,26.5,6,3,6.28,12,10.83
2025-01-03 08:00:00,Friday,8,0,0,Rainy,20.6,2,4,5.28,6,0.5
2025-01-03 08:15:00,Friday,8,0,0,Rainy,16.1,1,4,6.4,0,0.5
2025-01-03 08:30:00,Friday,8,0,0,Cloudy,20.8,0,4,5.25,3,0.5
2025-01-03 08:45:00,Friday,8,0,0,Rainy,18.5,2,4,5.79,8,3.7
2025-01-03 09:00:00,Friday,9,0,0,Rainy,17.4,3,5,5.59,2,2.47
2025-01-03 09:15:00,Friday,9,0,0,Rainy,15.3,1,5,6.86,1,0.5
2025-01-03 09:30:00,Friday,9,0,0,Rainy,18.9,1,5,5.76,0,0.5
2025-01-03 09:45:00,Friday,9,0,0,Rainy,18.8,1,5,4.58,3,0.5
2025-01-03 10:00:00,Friday,10,0,0,Rainy,18.0,1,5,3.81,3,0.5
2025-01-03 10:15:00,Friday,10,0,0,Rainy,19.1,2,5,4.93,4,1.85
2025-01-03 10:30:00,Friday,10,0,0,Rainy,16.0,5,4,5.99,4,6.68
2025-01-03 10:45:00,Friday,10,0,0,Rainy,20.4,2,5,6.71,2,0.5
2025-01-03 11:00:00,Friday,11,0,0,Rainy,19.3,5,6,5.03,7,0.5
2025-01-03 11:15:00,Friday,11,0,0,Rainy,18.1,4,6,4.75,6,0.5
2025-01-03 11:30:00,Friday,11,0,0,Rainy,19.3,7,6,5.78,9,5.87
2025-01-03 11:45:00,Friday,11,0,0,Rainy,19.9,6,6,4.92,12,2.46
2025-01-03 12:00:00,Friday,12,0,0,Rainy,19.6,6,6,5.66,12,1.72
2025-01-03 12:15:00,Friday,12,0,0,Rainy,19.6,7,6,6.11,12,6.67
2025-01-03 12:30:00,Friday,12,0,0,Rainy,20.9,6,5,4.09,15,5.59
2025-01-03 12:45:00,Friday,12,0,0,Rainy,18.9,8,5,6.52,16,10.17
2025-01-03 13:00:00,Friday,13,0,0,Rainy,18.9,12,5,4.38,25,10.6
2025-01-03 13:15:00,Friday,13,0,0,Rainy,19.0,6,5,6.01,10,3.37
2025-01-03 13:30:00,Friday,13,0,0,Sunny,20.7,10,6,5.61,21,0.5
2025-01-03 13:45:00,Friday,13,0,0,Rainy,22.2,6,6,5.03,13,0.5
2025-01-03 14:00:00,Friday,14,0,0,Rainy,17.4,3,6,5.08,3,0.5
2025-01-03 14:15:00,Friday,14,0,0,Rainy,19.3,5,5,5.19,11,6.53
2025-01-03 14:30:00,Friday,14,0,0,Rainy,17.5,3,5,5.0,4,0.5
2025-01-03 14:45:00,Friday,14,0,0,Rainy,21.2,4,5,4.65,7,0.5
2025-01-03 15:00:00,Friday,15,0,0,Rainy,17.8,5,5,6.4,13,5.09
2025-01-03 15:15:00,Friday,15,0,0,Rainy,19.9,2,5,6.05,2,1.75
2025-01-03 15:30:00,Friday,15,0,0,Rainy,17.1,1,5,5.26,2,0.5
2025-01-03 15:45:00,Friday,15,0,0,Cloudy,19.2,6,5,5.53,13,4.99
2025-01-03 16:00:00,Friday,16,0,0,Rainy,16.5,7,5,6.02,18,4.93
2025-01-03 16:15:00,Friday,16,0,0,Rainy,20.7,8,6,4.78,18,2.41
2025-01-03 16:30:00,Friday,16,0,0,Rainy,20.7,4,4,5.69,6,3.04
2025-01-03 16:45:00,Friday,16,0,0,Sunny,18.3,8,5,5.2,15,5.16
2025-01-03 17:00:00,Friday,17,0,0,Rainy,18.4,7,5,5.58,12,0.59
2025-01-03 17:15:00,Friday,17,0,0,Rainy,17.6,6,5,5.86,7,2.96
2025-01-03 17:30:00,Friday,17,0,0,Rainy,18.4,4,5,5.85,7,0.5
2025-01-03 17:45:00,Friday,17,0,0,Rainy,20.0,9,4,5.13,15,8.45
2025-01-03 18:00:00,Friday,18,0,0,Rainy,20.2,13,4,5.27,20,15.15
2025-01-03 18:15:00,Friday,18,0,0,Rainy,19.2,11,5,5.77,23,11.92
2025-01-03 18:30:00,Friday,18,0,0,Rainy,20.3,6,5,5.64,11,3.02
2025-01-03 18:45:00,Friday,18,0,0,Rainy,18.6,5,5,6.27,11,4.14
2025-01-03 19:00:00,Friday,19,0,0,Rainy,19.4,8,5,6.0,17,4.99
2025-01-03 19:15:00,Friday,19,0,0,Rainy,19.9,11,5,5.74,14,9.53
2025-01-03 19:30:00,Friday,19,0,0,Rainy,18.2,4,5,6.24,9,3.99
2025-01-03 19:45:00,Friday,19,0,0,Rainy,17.7,6,4,5.79,16,9.74
2025-01-03 20:00:00,Friday,20,0,0,Rainy,16.1,8,5,5.23,17,3.4
2025-01-03 20:15:00,Friday,20,0,0,Rainy,18.4,5,4,5.63,6,7.69
2025-01-03 20:30:00,Friday,20,0,0,Rainy,18.6,10,4,4.33,22,9.54
2025-01-03 20:45:00,Friday,20,0,0,Rainy,18.0,4,5,5.89,8,1.26
2025-01-03 21:00:00,Friday,21,0,0,Rainy,18.8,4,4,7.27,8,4.36
2025-01-03 21:15:00,Friday,21,0,0,Rainy,20.2,6,4,5.42,15,6.75
2025-01-03 21:30:00,Friday,21,0,0,Rainy,19.2,1,4,5.6,1,0.5
2025-01-03 21:45:00,Friday,21,0,0,Rainy,17.3,2,4,4.9,5,0.5
2025-01-04 08:00:00,Saturday,8,1,0,Sunny,33.4,4,4,5.77,5,3.35
2025-01-04 08:15:00,Saturday,8,1,0,Sunny,32.4,3,3,5.51,3,3.56
2025-01-04 08:30:00,Saturday,8,1,0,Sunny,34.6,1,3,5.64,2,0.5
2025-01-04 08:45:00,Saturday,8,1,0,Sunny,31.7,3,3,5.26,8,3.22
2025-01-04 09:00:00,Saturday,9,1,0,Sunny,32.6,3,4,5.51,6,1.49
2025-01-04 09:15:00,Saturday,9,1,0,Sunny,29.5,4,4,7.25,9,5.99
2025-01-04 09:30:00,Saturday,9,1,0,Sunny,30.2,2,3,4.78,4,0.92
2025-01-04 09:45:00,Saturday,9,1,0,Sunny,30.6,2,3,5.46,3,4.9
2025-01-04 10:00:00,Saturday,10,1,0,Sunny,31.7,5,4,4.87,6,4.03
2025-01-04 10:15:00,Saturday,10,1,0,Sunny,32.6,4,4,6.23,8,4.45
2025-01-04 10:30:00,Saturday,10,1,0,Sunny,30.0,8,5,4.24,17,5.95
2025-01-04 10:45:00,Saturday,10,1,0,Rainy,31.3,3,4,4.79,4,0.5
2025-01-04 11:00:00,Saturday,11,1,0,Sunny,32.6,10,5,5.28,23,10.56
2025-01-04 11:15:00,Saturday,11,1,0,Sunny,33.8,9,5,5.64,22,11.45
2025-01-04 11:30:00,Saturday,11,1,0,Sunny,29.7,5,5,5.35,6,3.78
2025-01-04 11:45:00,Saturday,11,1,0,Sunny,31.9,8,5,5.47,17,7.3
2025-01-04 12:00:00,Saturday,12,1,0,Sunny,28.9,11,5,4.78,27,9.19
2025-01-04 12:15:00,Saturday,12,1,0,Sunny,36.0,11,6,4.62,20,5.17
2025-01-04 12:30:00,Saturday,12,1,0,Sunny,34.6,17,5,5.99,34,20.28
2025-01-04 12:45:00,Saturday,12,1,0,Sunny,30.0,15,5,4.33,28,14.45
2025-01-04 13:00:00,Saturday,13,1,0,Sunny,32.8,14,5,6.29,25,15.75
2025-01-04 13:15:00,Saturday,13,1,0,Sunny,32.8,14,5,6.05,24,15.15
2025-01-04 13:30:00,Saturday,13,1,0,Sunny,31.6,13,5,6.83,29,15.75
2025-01-04 13:45:00,Saturday,13,1,0,Sunny,33.3,13,4,6.08,23,22.74
2025-01-04 14:00:00,Saturday,14,1,0,Sunny,31.6,10,5,5.56,16,10.45
2025-01-04 14:15:00,Saturday,14,1,0,Sunny,33.6,6,4,5.17,11,6.33
2025-01-04 14:30:00,Saturday,14,1,0,Sunny,31.6,5,3,6.56,8,11.69
2025-01-04 14:45:00,Saturday,14,1,0,Sunny,31.9,10,4,5.61,18,13.69
2025-01-04 15:00:00,Saturday,15,1,0,Sunny,34.7,8,4,5.7,17,13.17
2025-01-04 15:15:00,Saturday,15,1,0,Cloudy,33.9,4,5,5.6,10,0.5
2025-01-04 15:30:00,Saturday,15,1,0,Sunny,34.7,6,4,5.44,11,5.58
2025-01-04 15:45:00,Saturday,15,1,0,Sunny,31.7,8,4,5.83,18,10.26
2025-01-04 16:00:00,Saturday,16,1,0,Sunny,32.4,10,4,6.89,20,17.82
2025-01-04 16:15:00,Saturday,16,1,0,Sunny,34.4,10,5,4.73,17,10.68
2025-01-04 16:30:00,Saturday,16,1,0,Sunny,30.9,13,4,6.07,30,24.45
2025-01-04 16:45:00,Saturday,16,1,0,Sunny,33.3,11,4,6.63,16,15.97
2025-01-04 17:00:00,Saturday,17,1,0,Sunny,32.2,10,4,6.36,20,12.27
2025-01-04 17:15:00,Saturday,17,1,0,Sunny,33.5,13,4,6.74,25,20.43
2025-01-04 17:30:00,Saturday,17,1,0,Sunny,31.2,20,4,7.78,39,45.12
2025-01-04 17:45:00,Saturday,17,1,0,Sunny,32.1,24,4,8.07,53,52.25
2025-01-04 18:00:00,Saturday,18,1,0,Sunny,33.1,17,4,7.56,34,33.54
2025-01-04 18:15:00,Saturday,18,1,0,Sunny,31.3,30,4,8.73,53,68.06
2025-01-04 18:30:00,Saturday,18,1,0,Sunny,31.2,18,4,5.94,36,27.96
2025-01-04 18:45:00,Saturday,18,1,0,Sunny,31.4,15,4,6.75,23,29.05
2025-01-04 19:00:00,Saturday,19,1,0,Sunny,32.7,17,4,6.76,30,33.01
2025-01-04 19:15:00,Saturday,19,1,0,Sunny,33.5,12,4,6.93,22,16.02
2025-01-04 19:30:00,Saturday,19,1,0,Sunny,30.4,17,4,5.71,33,28.06
2025-01-04 19:45:00,Saturday,19,1,0,Sunny,33.1,13,4,6.24,22,20.0
2025-01-04 20:00:00,Saturday,20,1,0,Sunny,32.9,11,4,5.93,21,18.76
2025-01-04 20:15:00,Saturday,20,1,0,Sunny,32.1,8,4,4.78,15,8.09
2025-01-04 20:30:00,Saturday,20,1,0,Sunny,29.9,11,3,5.98,18,28.67
2025-01-04 20:45:00,Saturday,20,1,0,Sunny,30.5,6,3,5.81,11,10.19
2025-01-04 21:00:00,Saturday,21,1,0,Sunny,31.9,9,3,7.3,15,24.11
2025-01-04 21:15:00,Saturday,21,1,0,Sunny,33.1,6,3,4.97,14,11.19
2025-01-04 21:30:00,Saturday,21,1,0,Sunny,32.2,10,3,6.49,18,20.62
2025-01-04 21:45:00,Saturday,21,1,0,Sunny,33.0,5,3,4.99,8,6.51
2025-01-05 08:00:00,Sunday,8,1,0,Sunny,25.7,2,4,4.68,5,0.5
2025-01-05 08:15:00,Sunday,8,1,0,Sunny,30.7,2,5,4.7,6,0.5
2025-01-05 08:30:00,Sunday,8,1,0,Sunny,28.8,4,4,4.66,7,0.99
2025-01-05 08:45:00,Sunday,8,1,0,Sunny,29.2,1,4,4.84,3,2.3
2025-01-05 09:00:00,Sunday,9,1,0,Sunny,27.5,5,5,5.55,12,4.28
2025-01-05 09:15:00,Sunday,9,1,0,Sunny,27.1,1,5,5.07,0,0.5
2025-01-05 09:30:00,Sunday,9,1,0,Sunny,28.6,5,5,4.85,10,2.9
2025-01-05 09:45:00,Sunday,9,1,0,Sunny,27.2,3,5,5.05,7,0.5
2025-01-05 10:00:00,Sunday,10,1,0,Sunny,27.4,8,5,6.76,18,13.59
2025-01-05 10:15:00,Sunday,10,1,0,Sunny,29.6,7,5,6.2,12,8.93
2025-01-05 10:30:00,Sunday,10,1,0,Sunny,27.1,5,4,5.39,10,5.51
2025-01-05 10:45:00,Sunday,10,1,0,Sunny,28.9,7,5,5.65,13,10.24
2025-01-05 11:00:00,Sunday,11,1,0,Sunny,28.3,6,6,5.48,10,0.5
2025-01-05 11:15:00,Sunday,11,1,0,Sunny,28.8,5,6,5.14,8,0.5
2025-01-05 11:30:00,Sunday,11,1,0,Sunny,28.7,11,7,5.11,28,3.41
2025-01-05 11:45:00,Sunday,11,1,0,Sunny,31.9,16,6,5.4,33,8.72
2025-01-05 12:00:00,Sunday,12,1,0,Sunny,28.1,8,6,6.29,17,3.82
2025-01-05 12:15:00,Sunday,12,1,0,Sunny,30.1,14,6,5.64,23,12.75
2025-01-05 12:30:00,Sunday,12,1,0,Sunny,27.3,16,6,6.64,29,17.57
2025-01-05 12:45:00,Sunday,12,1,0,Sunny,28.5,16,6,5.37,30,13.62
2025-01-05 13:00:00,Sunday,13,1,0,Sunny,29.4,12,6,4.78,19,6.52
2025-01-05 13:15:00,Sunday,13,1,0,Sunny,27.0,18,6,6.06,32,23.46
2025-01-05 13:30:00,Sunday,13,1,0,Rainy,28.7,9,6,6.34,15,6.89
2025-01-05 13:45:00,Sunday,13,1,0,Sunny,29.1,16,6,5.89,33,17.38
2025-01-05 14:00:00,Sunday,14,1,0,Sunny,27.8,10,6,6.11,16,7.21
2025-01-05 14:15:00,Sunday,14,1,0,Sunny,27.6,6,5,5.77,9,4.24
2025-01-05 14:30:00,Sunday,14,1,0,Sunny,29.7,7,5,4.6,10,6.6
2025-01-05 14:45:00,Sunday,14,1,0,Sunny,29.7,3,6,5.8,5,0.5
2025-01-05 15:00:00,Sunday,15,1,0,Sunny,31.6,7,5,5.46,10,6.01
2025-01-05 15:15:00,Sunday,15,1,0,Sunny,29.9,9,5,5.64,21,10.37
2025-01-05 15:30:00,Sunday,15,1,0,Rainy,26.6,2,5,5.21,3,0.5
2025-01-05 15:45:00,Sunday,15,1,0,Sunny,27.6,11,5,5.84,23,14.35
2025-01-05 16:00:00,Sunday,16,1,0,Sunny,28.8,10,5,5.03,19,6.12
2025-01-05 16:15:00,Sunday,16,1,0,Sunny,29.7,8,4,4.82,19,9.84
2025-01-05 16:30:00,Sunday,16,1,0,Sunny,29.2,11,5,5.54,23,7.63
2025-01-05 16:45:00,Sunday,16,1,0,Sunny,28.1,9,5,5.59,16,5.23
2025-01-05 17:00:00,Sunday,17,1,0,Sunny,31.1,8,5,4.85,15,8.21
2025-01-05 17:15:00,Sunday,17,1,0,Sunny,28.3,9,5,4.89,12,5.1
2025-01-05 17:30:00,Sunday,17,1,0,Sunny,29.7,13,5,6.6,23,15.09
2025-01-05 17:45:00,Sunday,17,1,0,Sunny,28.2,15,5,6.25,26,18.0
2025-01-05 18:00:00,Sunday,18,1,0,Sunny,28.7,14,5,6.38,31,15.49
2025-01-05 18:15:00,Sunday,18,1,0,Sunny,27.7,14,5,5.69,30,14.26
2025-01-05 18:30:00,Sunday,18,1,0,Sunny,29.6,19,4,6.83,33,35.56
2025-01-05 18:45:00,Sunday,18,1,0,Sunny,27.4,14,5,5.86,22,14.5
2025-01-05 19:00:00,Sunday,19,1,0,Sunny,26.7,20,4,5.53,44,30.37
2025-01-05 19:15:00,Sunday,19,1,0,Sunny,28.6,16,5,5.56,34,15.84
2025-01-05 19:30:00,Sunday,19,1,0,Sunny,28.2,12,4,5.92,17,16.3
2025-01-05 19:45:00,Sunday,19,1,0,Sunny,28.4,18,5,5.65,35,22.65
2025-01-05 20:00:00,Sunday,20,1,0,Sunny,26.7,12,5,5.64,20,10.78
2025-01-05 20:15:00,Sunday,20,1,0,Sunny,27.4,21,4,7.28,40,38.66
2025-01-05 20:30:00,Sunday,20,1,0,Sunny,25.3,16,4,5.09,32,18.74
2025-01-05 20:45:00,Sunday,20,1,0,Sunny,30.6,5,4,5.55,8,5.13
2025-01-05 21:00:00,Sunday,21,1,0,Sunny,28.2,2,4,5.8,10,2.05
2025-01-05 21:15:00,Sunday,21,1,0,Sunny,30.8,11,4,6.68,20,17.25
2025-01-05 21:30:00,Sunday,21,1,0,Sunny,29.4,2,4,6.67,5,0.5
2025-01-05 21:45:00,Sunday,21,1,0,Sunny,26.5,7,4,6.25,18,6.47
2025-01-06 08:00:00,Monday,8,0,0,Cloudy,26.1,4,1,7.0,11,31.15
2025-01-06 08:15:00,Monday,8,0,0,Cloudy,25.6,0,2,5.27,0,0.5
2025-01-06 08:30:00,Monday,8,0,0,Cloudy,25.2,0,2,5.31,1,1.06
2025-01-06 08:45:00,Monday,8,0,0,Cloudy,23.5,2,2,5.91,2,0.5
2025-01-06 09:00:00,Monday,9,0,0,Stormy,25.8,1,3,5.42,3,0.76
2025-01-06 09:15:00,Monday,9,0,0,Cloudy,23.0,2,3,6.75,4,1.03
2025-01-06 09:30:00,Monday,9,0,0,Cloudy,25.9,3,3,5.78,7,2.84
2025-01-06 09:45:00,Monday,9,0,0,Cloudy,25.0,2,3,4.55,2,2.32
2025-01-06 10:00:00,Monday,10,0,0,Cloudy,26.8,1,3,6.07,0,0.5
2025-01-06 10:15:00,Monday,10,0,0,Cloudy,25.2,3,4,6.13,7,1.76
2025-01-06 10:30:00,Monday,10,0,0,Cloudy,25.4,5,3,5.45,9,7.61
2025-01-06 10:45:00,Monday,10,0,0,Cloudy,24.0,6,3,5.04,11,3.69
2025-01-06 11:00:00,Monday,11,0,0,Cloudy,27.0,5,5,6.02,10,0.5
2025-01-06 11:15:00,Monday,11,0,0,Sunny,22.8,6,4,7.12,13,7.95
2025-01-06 11:30:00,Monday,11,0,0,Cloudy,27.5,17,4,7.54,37,33.44
2025-01-06 11:45:00,Monday,11,0,0,Cloudy,26.8,8,4,5.51,12,5.27
2025-01-06 12:00:00,Monday,12,0,0,Cloudy,25.9,6,4,4.99,13,6.04
2025-01-06 12:15:00,Monday,12,0,0,Cloudy,25.1,13,4,5.93,28,13.83
2025-01-06 12:30:00,Monday,12,0,0,Rainy,24.6,8,4,5.39,15,9.53
2025-01-06 12:45:00,Monday,12,0,0,Cloudy,26.9,8,4,5.72,14,8.86
2025-01-06 13:00:00,Monday,13,0,0,Cloudy,27.3,8,4,5.14,17,6.81
2025-01-06 13:15:00,Monday,13,0,0,Cloudy,24.9,10,4,6.31,20,13.41
2025-01-06 13:30:00,Monday,13,0,0,Cloudy,25.7,8,3,6.37,19,15.14
2025-01-06 13:45:00,Monday,13,0,0,Cloudy,26.6,8,4,4.53,17,5.99
2025-01-06 14:00:00,Monday,14,0,0,Stormy,25.3,7,4,5.74,15,7.62
2025-01-06 14:15:00,Monday,14,0,0,Cloudy,26.5,4,3,5.08,6,3.46
2025-01-06 14:30:00,Monday,14,0,0,Cloudy,25.5,8,3,5.95,17,15.4
2025-01-06 14:45:00,Monday,14,0,0,Cloudy,24.7,5,4,4.39,10,1.97
2025-01-06 15:00:00,Monday,15,0,0,Cloudy,26.3,3,2,4.42,4,3.96
2025-01-06 15:15:00,Monday,15,0,0,Cloudy,23.3,6,3,5.83,10,13.72
2025-01-06 15:30:00,Monday,15,0,0,Cloudy,27.0,3,3,4.6,5,2.55
2025-01-06 15:45:00,Monday,15,0,0,Cloudy,26.5,2,3,4.72,3,0.5
2025-01-06 16:00:00,Monday,16,0,0,Sunny,24.2,7,2,4.88,13,16.05
2025-01-06 16:15:00,Monday,16,0,0,Cloudy,23.6,7,3,5.81,11,12.59
2025-01-06 16:30:00,Monday,16,0,0,Cloudy,25.5,6,3,5.78,12,12.51
2025-01-06 16:45:00,Monday,16,0,0,Cloudy,26.2,10,3,6.0,19,17.43
2025-01-06 17:00:00,Monday,17,0,0,Cloudy,25.8,15,3,6.88,26,35.29
2025-01-06 17:15:00,Monday,17,0,0,Cloudy,24.9,8,3,6.12,13,17.66
2025-01-06 17:30:00,Monday,17,0,0,Cloudy,26.2,11,3,6.98,17,23.93
2025-01-06 17:45:00,Monday,17,0,0,Cloudy,23.9,9,3,5.65,21,15.7
2025-01-06 18:00:00,Monday,18,0,0,Cloudy,24.5,17,3,7.1,38,42.05
2025-01-06 18:15:00,Monday,18,0,0,Cloudy,27.2,12,3,5.07,18,17.16
2025-01-06 18:30:00,Monday,18,0,0,Cloudy,24.7,17,3,7.44,36,45.45
2025-01-06 18:45:00,Monday,18,0,0,Cloudy,25.9,13,4,5.88,25,17.98
2025-01-06 19:00:00,Monday,19,0,0,Cloudy,24.1,10,3,6.74,16,21.02
2025-01-06 19:15:00,Monday,19,0,0,Cloudy,26.4,8,3,6.24,16,15.19
2025-01-06 19:30:00,Monday,19,0,0,Cloudy,27.1,7,3,5.57,11,10.81
2025-01-06 19:45:00,Monday,19,0,0,Cloudy,25.1,18,3,6.15,29,39.03
2025-01-06 20:00:00,Monday,20,0,0,Cloudy,26.3,6,3,6.52,8,14.31
2025-01-06 20:15:00,Monday,20,0,0,Cloudy,26.2,7,2,5.3,16,19.44
2025-01-06 20:30:00,Monday,20,0,0,Cloudy,25.2,6,2,7.01,12,20.93
2025-01-06 20:45:00,Monday,20,0,0,Sunny,25.1,8,3,5.1,14,10.39
2025-01-06 21:00:00,Monday,21,0,0,Cloudy,25.8,1,3,5.93,0,0.5
2025-01-06 21:15:00,Monday,21,0,0,Cloudy,25.7,10,2,5.02,17,23.29
2025-01-06 21:30:00,Monday,21,0,0,Cloudy,25.3,3,1,7.6,5,24.86
2025-01-06 21:45:00,Monday,21,0,0,Sunny,23.7,6,3,6.61,16,11.38
2025-01-07 08:00:00,Tuesday,8,0,0,Sunny,30.2,2,4,6.6,4,2.12
2025-01-07 08:15:00,Tuesday,8,0,0,Sunny,33.3,3,4,5.82,6,5.34
2025-01-07 08:30:00,Tuesday,8,0,0,Sunny,32.2,1,4,5.98,4,0.5
2025-01-07 08:45:00,Tuesday,8,0,0,Cloudy,31.8,0,4,4.66,0,0.5
2025-01-07 09:00:00,Tuesday,9,0,0,Sunny,30.8,2,5,5.89,3,0.5
2025-01-07 09:15:00,Tuesday,9,0,0,Sunny,32.4,2,4,5.13,6,0.83
2025-01-07 09:30:00,Tuesday,9,0,0,Sunny,30.2,1,5,4.63,0,0.5
2025-01-07 09:45:00,Tuesday,9,0,0,Sunny,31.6,0,5,4.73,0,0.5
2025-01-07 10:00:00,Tuesday,10,0,0,Sunny,32.2,3,5,5.15,7,0.5
2025-01-07 10:15:00,Tuesday,10,0,0,Sunny,33.0,4,5,4.92,9,0.5
2025-01-07 10:30:00,Tuesday,10,0,0,Sunny,31.1,3,5,5.7,5,0.5
2025-01-07 10:45:00,Tuesday,10,0,0,Sunny,32.1,5,5,6.34,8,2.72
2025-01-07 11:00:00,Tuesday,11,0,0,Sunny,28.5,5,7,5.3,9,0.5
2025-01-07 11:15:00,Tuesday,11,0,0,Sunny,31.1,8,6,4.9,14,3.54
2025-01-07 11:30:00,Tuesday,11,0,0,Sunny,30.6,7,7,4.26,15,0.5
2025-01-07 11:45:00,Tuesday,11,0,0,Sunny,33.9,12,6,5.65,30,11.8
2025-01-07 12:00:00,Tuesday,12,0,0,Sunny,29.9,13,6,4.55,22,5.84
2025-01-07 12:15:00,Tuesday,12,0,0,Sunny,30.3,13,7,5.46,26,1.4
2025-01-07 12:30:00,Tuesday,12,0,0,Sunny,31.2,9,6,5.75,18,5.04
2025-01-07 12:45:00,Tuesday,12,0,0,Sunny,33.2,13,6,5.7,24,5.27
2025-01-07 13:00:00,Tuesday,13,0,0,Sunny,29.2,5,6,7.03,11,2.43
2025-01-07 13:15:00,Tuesday,13,0,0,Stormy,29.4,5,6,7.12,10,2.25
2025-01-07 13:30:00,Tuesday,13,0,0,Sunny,31.2,6,5,6.37,12,1.9
2025-01-07 13:45:00,Tuesday,13,0,0,Sunny,32.4,6,6,5.71,11,0.5
2025-01-07 14:00:00,Tuesday,14,0,0,Sunny,32.2,8,6,4.91,16,0.5
2025-01-07 14:15:00,Tuesday,14,0,0,Sunny,29.6,9,5,5.98,16,6.51
2025-01-07 14:30:00,Tuesday,14,0,0,Sunny,33.6,6,5,5.75,11,2.21
2025-01-07 14:45:00,Tuesday,14,0,0,Sunny,33.3,3,5,6.94,7,0.5
2025-01-07 15:00:00,Tuesday,15,0,0,Cloudy,30.4,7,5,6.49,11,5.08
2025-01-07 15:15:00,Tuesday,15,0,0,Sunny,33.2,5,5,6.02,8,0.5
2025-01-07 15:30:00,Tuesday,15,0,0,Sunny,32.5,2,5,5.86,2,0.5
2025-01-07 15:45:00,Tuesday,15,0,0,Sunny,32.1,9,5,5.9,18,11.07
2025-01-07 16:00:00,Tuesday,16,0,0,Sunny,30.9,4,5,5.21,9,0.5
2025-01-07 16:15:00,Tuesday,16,0,0,Sunny,34.4,6,5,5.58,10,7.17
2025-01-07 16:30:00,Tuesday,16,0,0,Sunny,30.6,6,5,6.97,14,5.44
2025-01-07 16:45:00,Tuesday,16,0,0,Sunny,32.7,10,5,6.2,21,9.5
2025-01-07 17:00:00,Tuesday,17,0,0,Sunny,30.2,8,5,5.0,15,1.89
2025-01-07 17:15:00,Tuesday,17,0,0,Sunny,32.3,15,5,5.54,31,16.67
2025-01-07 17:30:00,Tuesday,17,0,0,Sunny,33.4,7,5,5.58,16,2.65
2025-01-07 17:45:00,Tuesday,17,0,0,Sunny,30.4,15,5,6.79,26,19.0
2025-01-07 18:00:00,Tuesday,18,0,0,Sunny,30.2,19,5,6.23,33,24.61
2025-01-07 18:15:00,Tuesday,18,0,0,Sunny,28.6,14,5,5.17,25,13.61
2025-01-07 18:30:00,Tuesday,18,0,0,Sunny,30.4,10,5,5.21,22,8.44
2025-01-07 18:45:00,Tuesday,18,0,0,Sunny,29.9,12,5,4.81,22,9.66
2025-01-07 19:00:00,Tuesday,19,0,0,Sunny,30.9,9,5,4.88,19,7.88
2025-01-07 19:15:00,Tuesday,19,0,0,Sunny,31.1,9,5,5.7,19,8.99
2025-01-07 19:30:00,Tuesday,19,0,0,Sunny,29.5,10,4,7.13,16,13.9
2025-01-07 19:45:00,Tuesday,19,0,0,Sunny,32.3,12,5,6.95,22,16.99
2025-01-07 20:00:00,Tuesday,20,0,0,Sunny,29.5,9,5,5.53,15,5.33
2025-01-07 20:15:00,Tuesday,20,0,0,Sunny,29.7,9,4,5.88,18,13.25
2025-01-07 20:30:00,Tuesday,20,0,0,Sunny,30.3,9,4,5.57,19,11.02
2025-01-07 20:45:00,Tuesday,20,0,0,Sunny,33.7,8,4,3.99,19,2.74
2025-01-07 21:00:00,Tuesday,21,0,0,Sunny,29.2,5,4,4.27,6,0.5
2025-01-07 21:15:00,Tuesday,21,0,0,Sunny,32.2,5,4,4.33,12,0.8
2025-01-07 21:30:00,Tuesday,21,0,0,Sunny,30.5,3,3,5.23,4,7.61
2025-01-07 21:45:00,Tuesday,21,0,0,Windy,31.0,3,3,4.62,6,0.57
2025-01-08 08:00:00,Wednesday,8,0,0,Rainy,17.2,2,4,4.62,1,0.5
2025-01-08 08:15:00,Wednesday,8,0,0,Rainy,17.6,2,4,5.52,4,1.02
2025-01-08 08:30:00,Wednesday,8,0,0,Rainy,19.6,1,4,5.9,0,0.5
2025-01-08 08:45:00,Wednesday,8,0,0,Rainy,19.6,0,4,6.28,1,0.5
2025-01-08 09:00:00,Wednesday,9,0,0,Rainy,18.1,2,4,6.35,6,2.98
2025-01-08 09:15:00,Wednesday,9,0,0,Rainy,20.5,1,5,6.06,0,0.5
2025-01-08 09:30:00,Wednesday,9,0,0,Rainy,17.1,3,5,6.18,5,3.28
2025-01-08 09:45:00,Wednesday,9,0,0,Rainy,17.8,1,4,5.99,0,0.5
2025-01-08 10:00:00,Wednesday,10,0,0,Rainy,18.9,5,5,4.37,9,4.19
2025-01-08 10:15:00,Wednesday,10,0,0,Rainy,17.4,5,5,4.35,14,3.5
2025-01-08 10:30:00,Wednesday,10,0,0,Rainy,18.5,4,5,5.23,11,3.79
2025-01-08 10:45:00,Wednesday,10,0,0,Rainy,16.8,3,5,5.84,2,0.5
2025-01-08 11:00:00,Wednesday,11,0,0,Rainy,19.3,4,5,4.55,6,2.75
2025-01-08 11:15:00,Wednesday,11,0,0,Rainy,19.8,7,6,5.46,15,5.95
2025-01-08 11:30:00,Wednesday,11,0,0,Rainy,19.3,8,6,5.5,12,6.48
2025-01-08 11:45:00,Wednesday,11,0,0,Sunny,19.9,5,6,4.72,12,0.5
2025-01-08 12:00:00,Wednesday,12,0,0,Rainy,18.8,10,5,4.71,16,6.22
2025-01-08 12:15:00,Wednesday,12,0,0,Sunny,19.4,5,7,5.74,13,0.5
2025-01-08 12:30:00,Wednesday,12,0,0,Rainy,18.4,4,6,6.33,10,0.5
2025-01-08 12:45:00,Wednesday,12,0,0,Sunny,19.7,16,6,5.78,29,14.55
2025-01-08 13:00:00,Wednesday,13,0,0,Rainy,19.3,6,6,5.88,13,6.06
2025-01-08 13:15:00,Wednesday,13,0,0,Sunny,17.1,10,6,5.59,15,8.33
2025-01-08 13:30:00,Wednesday,13,0,0,Rainy,18.5,10,5,5.64,20,8.02
2025-01-08 13:45:00,Wednesday,13,0,0,Rainy,15.7,8,6,4.97,12,1.55
2025-01-08 14:00:00,Wednesday,14,0,0,Cloudy,23.1,6,6,5.96,10,3.79
2025-01-08 14:15:00,Wednesday,14,0,0,Cloudy,16.9,5,5,4.7,7,0.5
2025-01-08 14:30:00,Wednesday,14,0,0,Rainy,19.2,4,5,5.98,10,4.6
2025-01-08 14:45:00,Wednesday,14,0,0,Rainy,20.7,8,5,5.31,13,4.24
2025-01-08 15:00:00,Wednesday,15,0,0,Rainy,17.6,5,5,6.34,11,4.8
2025-01-08 15:15:00,Wednesday,15,0,0,Rainy,18.6,3,6,4.31,4,0.5
2025-01-08 15:30:00,Wednesday,15,0,0,Sunny,19.4,6,5,5.97,10,1.01
2025-01-08 15:45:00,Wednesday,15,0,0,Rainy,18.8,4,5,5.8,9,0.5
2025-01-08 16:00:00,Wednesday,16,0,0,Rainy,20.0,2,6,6.67,4,0.5
2025-01-08 16:15:00,Wednesday,16,0,0,Windy,19.2,9,5,5.36,16,5.98
2025-01-08 16:30:00,Wednesday,16,0,0,Rainy,19.7,6,6,4.85,16,3.37
2025-01-08 16:45:00,Wednesday,16,0,0,Rainy,19.1,3,5,5.75,7,3.33
2025-01-08 17:00:00,Wednesday,17,0,0,Rainy,18.7,4,5,5.05,8,1.98
2025-01-08 17:15:00,Wednesday,17,0,0,Rainy,17.2,10,5,5.5,22,14.75
2025-01-08 17:30:00,Wednesday,17,0,0,Rainy,18.8,6,5,6.48,13,4.06
2025-01-08 17:45:00,Wednesday,17,0,0,Rainy,18.9,6,6,4.84,9,1.71
2025-01-08 18:00:00,Wednesday,18,0,0,Rainy,18.9,9,5,6.12,21,13.38
2025-01-08 18:15:00,Wednesday,18,0,0,Rainy,19.6,8,6,4.95,13,3.6
2025-01-08 18:30:00,Wednesday,18,0,0,Rainy,21.6,7,4,4.44,11,8.44
2025-01-08 18:45:00,Wednesday,18,0,0,Rainy,19.9,15,5,5.12,29,16.93
2025-01-08 19:00:00,Wednesday,19,0,0,Rainy,20.4,9,5,5.07,20,8.17
2025-01-08 19:15:00,Wednesday,19,0,0,Rainy,19.3,6,5,5.78,13,3.38
2025-01-08 19:30:00,Wednesday,19,0,0,Rainy,19.2,6,5,5.84,12,5.81
2025-01-08 19:45:00,Wednesday,19,0,0,Rainy,15.7,7,5,5.37,17,2.54
2025-01-08 20:00:00,Wednesday,20,0,0,Rainy,18.3,9,5,5.8,18,10.65
2025-01-08 20:15:00,Wednesday,20,0,0,Rainy,17.9,5,5,5.36,7,2.82
2025-01-08 20:30:00,Wednesday,20,0,0,Rainy,18.7,6,4,4.53,15,5.93
2025-01-08 20:45:00,Wednesday,20,0,0,Rainy,19.2,7,4,6.7,13,8.24
2025-01-08 21:00:00,Wednesday,21,0,0,Rainy,18.1,5,4,5.76,12,5.73
2025-01-08 21:15:00,Wednesday,21,0,0,Rainy,18.2,10,4,6.86,16,18.68
2025-01-08 21:30:00,Wednesday,21,0,0,Sunny,17.6,2,4,5.11,0,0.83
2025-01-08 21:45:00,Wednesday,21,0,0,Rainy,11.1,4,4,5.86,4,6.54
2025-01-09 08:00:00,Thursday,8,0,0,Sunny,27.3,4,2,5.81,8,6.84
2025-01-09 08:15:00,Thursday,8,0,0,Sunny,31.1,0,2,5.51,0,0.5
2025-01-09 08:30:00,Thursday,8,0,0,Sunny,30.6,3,2,5.92,4,5.69
2025-01-09 08:45:00,Thursday,8,0,0,Rainy,29.8,3,2,7.02,4,9.78
2025-01-09 09:00:00,Thursday,9,0,0,Sunny,28.8,1,2,6.95,0,0.5
2025-01-09 09:15:00,Thursday,9,0,0,Sunny,32.5,3,3,6.42,6,5.22
2025-01-09 09:30:00,Thursday,9,0,0,Sunny,28.9,4,3,7.56,7,3.76
2025-01-09 09:45:00,Thursday,9,0,0,Sunny,29.7,3,3,5.66,6,0.5
2025-01-09 10:00:00,Thursday,10,0,0,Sunny,32.1,2,2,4.01,3,3.19
2025-01-09 10:15:00,Thursday,10,0,0,Sunny,27.8,3,3,4.04,7,0.5
2025-01-09 10:30:00,Thursday,10,0,0,Sunny,31.1,5,3,7.43,4,10.8
2025-01-09 10:45:00,Thursday,10,0,0,Rainy,30.0,6,3,5.75,18,12.89
2025-01-09 11:00:00,Thursday,11,0,0,Sunny,32.5,4,4,4.77,9,0.5
2025-01-09 11:15:00,Thursday,11,0,0,Sunny,32.3,5,4,5.83,8,2.51
2025-01-09 11:30:00,Thursday,11,0,0,Sunny,31.7,4,4,5.87,12,4.3
2025-01-09 11:45:00,Thursday,11,0,0,Sunny,31.8,6,4,5.91,6,7.38
2025-01-09 12:00:00,Thursday,12,0,0,Sunny,30.1,11,4,5.66,19,8.67
2025-01-09 12:15:00,Thursday,12,0,0,Sunny,29.6,9,4,5.98,18,14.95
2025-01-09 12:30:00,Thursday,12,0,0,Sunny,32.2,18,5,5.47,27,17.05
2025-01-09 12:45:00,Thursday,12,0,0,Sunny,30.8,14,4,6.49,22,19.7
2025-01-09 13:00:00,Thursday,13,0,0,Sunny,30.4,6,5,6.52,9,6.07
2025-01-09 13:15:00,Thursday,13,0,0,Sunny,30.4,9,4,5.62,17,9.85
2025-01-09 13:30:00,Thursday,13,0,0,Sunny,33.5,6,4,5.54,9,2.7
2025-01-09 13:45:00,Thursday,13,0,0,Sunny,33.0,2,5,5.55,5,0.5
2025-01-09 14:00:00,Thursday,14,0,0,Sunny,30.6,7,4,4.95,12,5.05
2025-01-09 14:15:00,Thursday,14,0,0,Sunny,28.7,4,3,3.28,8,5.03
2025-01-09 14:30:00,Thursday,14,0,0,Sunny,32.4,5,3,5.6,9,4.8
2025-01-09 14:45:00,Thursday,14,0,0,Sunny,29.0,6,3,6.72,11,12.58
2025-01-09 15:00:00,Thursday,15,0,0,Sunny,30.9,1,3,5.06,1,0.5
2025-01-09 15:15:00,Thursday,15,0,0,Sunny,30.8,4,3,6.24,3,5.78
2025-01-09 15:30:00,Thursday,15,0,0,Sunny,29.6,4,2,5.99,10,3.62
2025-01-09 15:45:00,Thursday,15,0,0,Sunny,29.6,4,2,4.72,5,10.35
2025-01-09 16:00:00,Thursday,16,0,0,Sunny,32.6,9,3,7.2,20,24.6
2025-01-09 16:15:00,Thursday,16,0,0,Sunny,30.5,9,3,6.56,14,17.78
2025-01-09 16:30:00,Thursday,16,0,0,Sunny,30.3,8,3,5.89,11,15.0
2025-01-09 16:45:00,Thursday,16,0,0,Sunny,31.4,8,3,7.41,13,14.49
2025-01-09 17:00:00,Thursday,17,0,0,Sunny,27.6,9,3,6.71,20,22.01
2025-01-09 17:15:00,Thursday,17,0,0,Sunny,32.3,14,3,6.81,29,32.97
2025-01-09 17:30:00,Thursday,17,0,0,Sunny,34.5,7,4,6.66,15,5.82
2025-01-09 17:45:00,Thursday,17,0,0,Sunny,30.0,11,3,5.94,21,17.7
2025-01-09 18:00:00,Thursday,18,0,0,Sunny,31.5,15,4,5.02,29,20.22
2025-01-09 18:15:00,Thursday,18,0,0,Sunny,29.1,14,2,6.99,33,49.48
2025-01-09 18:30:00,Thursday,18,0,0,Cloudy,33.3,14,4,6.33,31,20.41
2025-01-09 18:45:00,Thursday,18,0,0,Sunny,29.9,12,4,7.57,21,24.38
2025-01-09 19:00:00,Thursday,19,0,0,Sunny,30.1,13,3,5.82,23,25.16
2025-01-09 19:15:00,Thursday,19,0,0,Sunny,28.9,11,3,5.01,21,18.49
2025-01-09 19:30:00,Thursday,19,0,0,Sunny,33.1,13,3,6.07,26,26.26
2025-01-09 19:45:00,Thursday,19,0,0,Sunny,31.3,10,3,5.88,18,18.54
2025-01-09 20:00:00,Thursday,20,0,0,Sunny,32.5,9,3,6.62,18,17.23
2025-01-09 20:15:00,Thursday,20,0,0,Sunny,29.9,6,2,5.82,14,21.68
2025-01-09 20:30:00,Thursday,20,0,0,Sunny,30.0,4,2,6.74,10,15.72
2025-01-09 20:45:00,Thursday,20,0,0,Sunny,29.6,5,3,5.51,7,3.85
2025-01-09 21:00:00,Thursday,21,0,0,Sunny,29.4,2,2,6.41,4,4.41
2025-01-09 21:15:00,Thursday,21,0,0,Sunny,30.8,10,1,7.68,18,81.38
2025-01-09 21:30:00,Thursday,21,0,0,Sunny,30.3,5,2,6.48,10,13.9
2025-01-09 21:45:00,Thursday,21,0,0,Sunny,29.1,7,2,7.08,16,24.98
2025-01-10 08:00:00,Friday,8,0,0,Sunny,31.7,4,3,5.4,12,4.31
2025-01-10 08:15:00,Friday,8,0,0,Sunny,32.9,0,4,4.2,0,0.5
2025-01-10 08:30:00,Friday,8,0,0,Sunny,30.5,2,4,4.71,3,0.98
2025-01-10 08:45:00,Friday,8,0,0,Sunny,32.2,1,3,5.04,6,2.87
2025-01-10 09:00:00,Friday,9,0,0,Sunny,33.8,0,4,6.98,2,0.5
2025-01-10 09:15:00,Friday,9,0,0,Sunny,31.9,2,4,7.2,5,0.5
2025-01-10 09:30:00,Friday,9,0,0,Sunny,31.7,3,4,6.08,5,0.5
2025-01-10 09:45:00,Friday,9,0,0,Sunny,35.8,2,5,5.81,1,0.5
2025-01-10 10:00:00,Friday,10,0,0,Sunny,32.4,3,4,4.39,6,0.5
2025-01-10 10:15:00,Friday,10,0,0,Sunny,32.2,9,4,5.52,19,10.38
2025-01-10 10:30:00,Friday,10,0,0,Sunny,28.8,6,4,5.66,9,4.53
2025-01-10 10:45:00,Friday,10,0,0,Sunny,33.4,4,4,5.43,9,2.06
2025-01-10 11:00:00,Friday,11,0,0,Sunny,35.4,6,5,5.71,11,1.56
2025-01-10 11:15:00,Friday,11,0,0,Sunny,34.9,6,5,5.7,14,3.35
2025-01-10 11:30:00,Friday,11,0,0,Sunny,30.4,3,5,5.23,5,2.2
2025-01-10 11:45:00,Friday,11,0,0,Sunny,32.2,13,5,6.35,33,15.87
2025-01-10 12:00:00,Friday,12,0,0,Sunny,32.2,9,5,5.83,13,6.1
2025-01-10 12:15:00,Friday,12,0,0,Sunny,30.9,15,5,6.39,30,18.19
2025-01-10 12:30:00,Friday,12,0,0,Sunny,34.5,9,5,6.42,18,12.18
2025-01-10 12:45:00,Friday,12,0,0,Sunny,35.3,10,5,6.02,16,10.14
2025-01-10 13:00:00,Friday,13,0,0,Sunny,32.6,11,5,5.58,21,6.71
2025-01-10 13:15:00,Friday,13,0,0,Sunny,33.1,7,5,5.97,16,7.68
2025-01-10 13:30:00,Friday,13,0,0,Sunny,32.7,5,5,4.22,5,0.5
2025-01-10 13:45:00,Friday,13,0,0,Sunny,32.7,9,5,5.08,16,4.96
2025-01-10 14:00:00,Friday,14,0,0,Sunny,31.9,10,6,5.55,20,9.26
2025-01-10 14:15:00,Friday,14,0,0,Cloudy,33.4,10,4,5.41,20,10.59
2025-01-10 14:30:00,Friday,14,0,0,Sunny,33.6,7,4,4.87,12,5.76
2025-01-10 14:45:00,Friday,14,0,0,Sunny,31.0,4,4,6.36,7,0.5
2025-01-10 15:00:00,Friday,15,0,0,Sunny,37.2,4,3,5.36,6,5.73
2025-01-10 15:15:00,Friday,15,0,0,Sunny,31.0,3,5,5.96,9,0.5
2025-01-10 15:30:00,Friday,15,0,0,Sunny,32.8,3,4,5.85,5,0.5
2025-01-10 15:45:00,Friday,15,0,0,Sunny,32.7,5,4,4.69,13,3.01
2025-01-10 16:00:00,Friday,16,0,0,Sunny,34.6,7,5,6.71,14,8.3
2025-01-10 16:15:00,Friday,16,0,0,Sunny,34.0,6,3,6.04,12,14.74
2025-01-10 16:30:00,Friday,16,0,0,Sunny,32.4,14,4,6.49,24,20.38
2025-01-10 16:45:00,Friday,16,0,0,Sunny,35.9,12,5,6.53,22,11.05
2025-01-10 17:00:00,Friday,17,0,0,Sunny,31.4,10,5,4.92,19,6.85
2025-01-10 17:15:00,Friday,17,0,0,Sunny,32.7,9,4,5.5,22,12.4
2025-01-10 17:30:00,Friday,17,0,0,Sunny,32.5,9,4,4.74,16,8.88
2025-01-10 17:45:00,Friday,17,0,0,Sunny,33.0,17,4,7.25,40,32.7
2025-01-10 18:00:00,Friday,18,0,0,Sunny,30.1,18,3,7.84,35,45.84
2025-01-10 18:15:00,Friday,18,0,0,Sunny,33.6,25,4,7.79,49,51.09
2025-01-10 18:30:00,Friday,18,0,0,Sunny,32.5,12,3,6.29,27,22.38
2025-01-10 18:45:00,Friday,18,0,0,Sunny,33.0,9,4,4.56,15,11.58
2025-01-10 19:00:00,Friday,19,0,0,Sunny,32.5,9,4,6.47,13,11.45
2025-01-10 19:15:00,Friday,19,0,0,Sunny,32.6,10,4,4.34,17,8.02
2025-01-10 19:30:00,Friday,19,0,0,Sunny,32.3,4,4,5.2,6,0.5
2025-01-10 19:45:00,Friday,19,0,0,Sunny,32.7,8,4,4.33,15,3.44
2025-01-10 20:00:00,Friday,20,0,0,Sunny,31.7,14,4,4.96,29,16.41
2025-01-10 20:15:00,Friday,20,0,0,Sunny,32.7,5,3,6.65,9,7.74
2025-01-10 20:30:00,Friday,20,0,0,Sunny,31.9,5,3,6.11,15,12.29
2025-01-10 20:45:00,Friday,20,0,0,Sunny,35.2,6,4,6.88,5,5.72
2025-01-10 21:00:00,Friday,21,0,0,Sunny,34.8,10,3,4.77,25,20.07
2025-01-10 21:15:00,Friday,21,0,0,Sunny,31.9,8,3,6.63,17,15.85
2025-01-10 21:30:00,Friday,21,0,0,Sunny,32.7,6,3,5.36,9,4.83
2025-01-10 21:45:00,Friday,21,0,0,Sunny,31.9,5,3,5.02,13,8.64
2025-01-11 08:00:00,Saturday,8,1,0,Sunny,31.5,2,5,4.53,3,0.5
2025-01-11 08:15:00,Saturday,8,1,0,Cloudy,30.0,1,5,5.61,1,0.5
2025-01-11 08:30:00,Saturday,8,1,0,Sunny,32.4,2,5,4.06,5,4.4
2025-01-11 08:45:00,Saturday,8,1,0,Sunny,34.3,4,5,3.77,10,0.5
2025-01-11 09:00:00,Saturday,9,1,0,Sunny,32.4,5,6,6.48,10,3.8
2025-01-11 09:15:00,Saturday,9,1,0,Sunny,33.4,0,6,6.17,0,0.5
2025-01-11 09:30:00,Saturday,9,1,0,Sunny,29.6,1,6,5.46,0,0.5
2025-01-11 09:45:00,Saturday,9,1,0,Sunny,34.1,2,5,5.78,4,0.5
2025-01-11 10:00:00,Saturday,10,1,0,Sunny,30.8,3,6,5.21,4,0.5
2025-01-11 10:15:00,Saturday,10,1,0,Sunny,32.5,5,5,5.62,10,2.14
2025-01-11 10:30:00,Saturday,10,1,0,Sunny,31.8,6,7,5.15,9,2.89
2025-01-11 10:45:00,Saturday,10,1,0,Sunny,33.8,9,6,5.17,16,5.3
2025-01-11 11:00:00,Saturday,11,1,0,Sunny,33.5,5,7,6.61,12,0.73
2025-01-11 11:15:00,Saturday,11,1,0,Sunny,33.3,8,7,5.66,16,3.48
2025-01-11 11:30:00,Saturday,11,1,0,Sunny,33.5,17,7,6.68,34,13.0
2025-01-11 11:45:00,Saturday,11,1,0,Sunny,31.0,12,7,5.08,22,3.07
2025-01-11 12:00:00,Saturday,12,1,0,Sunny,33.7,9,7,5.17,16,0.5
2025-01-11 12:15:00,Saturday,12,1,0,Sunny,30.2,13,7,6.02,29,8.47
2025-01-11 12:30:00,Saturday,12,1,0,Sunny,32.3,15,7,6.41,25,7.78
2025-01-11 12:45:00,Saturday,12,1,0,Sunny,33.2,11,7,6.38,20,3.77
2025-01-11 13:00:00,Saturday,13,1,0,Sunny,29.2,9,7,5.12,17,0.5
2025-01-11 13:15:00,Saturday,13,1,0,Sunny,32.9,7,7,5.56,10,3.12
2025-01-11 13:30:00,Saturday,13,1,0,Sunny,32.1,13,7,5.99,22,12.18
2025-01-11 13:45:00,Saturday,13,1,0,Sunny,33.6,18,7,7.46,36,17.05
2025-01-11 14:00:00,Saturday,14,1,0,Sunny,34.6,5,7,6.34,9,3.42
2025-01-11 14:15:00,Saturday,14,1,0,Sunny,32.6,11,6,4.05,19,2.75
2025-01-11 14:30:00,Saturday,14,1,0,Sunny,31.6,5,7,3.45,9,0.5
2025-01-11 14:45:00,Saturday,14,1,0,Sunny,34.2,9,7,4.68,18,0.6
2025-01-11 15:00:00,Saturday,15,1,0,Sunny,31.1,4,6,6.0,8,2.93
2025-01-11 15:15:00,Saturday,15,1,0,Sunny,29.8,8,6,5.56,13,2.56
2025-01-11 15:30:00,Saturday,15,1,0,Sunny,34.9,9,6,5.56,18,4.26
2025-01-11 15:45:00,Saturday,15,1,0,Sunny,32.6,2,6,4.9,4,0.5
2025-01-11 16:00:00,Saturday,16,1,0,Sunny,32.9,14,6,4.23,28,5.07
2025-01-11 16:15:00,Saturday,16,1,0,Sunny,31.7,15,6,5.79,33,11.86
2025-01-11 16:30:00,Saturday,16,1,0,Windy,32.1,6,6,6.11,9,0.5
2025-01-11 16:45:00,Saturday,16,1,0,Windy,34.9,13,6,6.41,21,9.34
2025-01-11 17:00:00,Saturday,17,1,0,Sunny,30.3,4,6,5.66,10,0.51
2025-01-11 17:15:00,Saturday,17,1,0,Sunny,31.7,9,6,5.4,20,5.69
2025-01-11 17:30:00,Saturday,17,1,0,Sunny,32.0,14,6,4.57,27,8.5
2025-01-11 17:45:00,Saturday,17,1,0,Sunny,29.8,15,6,4.27,23,10.77
2025-01-11 18:00:00,Saturday,18,1,0,Sunny,31.7,15,6,5.1,25,8.87
2025-01-11 18:15:00,Saturday,18,1,0,Sunny,30.7,17,6,5.7,35,16.79
2025-01-11 18:30:00,Saturday,18,1,0,Sunny,28.5,16,6,5.4,33,14.7
2025-01-11 18:45:00,Saturday,18,1,0,Sunny,35.0,16,6,6.13,35,23.69
2025-01-11 19:00:00,Saturday,19,1,0,Sunny,30.4,18,6,4.79,35,17.9
2025-01-11 19:15:00,Saturday,19,1,0,Sunny,32.0,15,6,6.24,28,15.98
2025-01-11 19:30:00,Saturday,19,1,0,Sunny,32.0,15,7,4.91,25,6.49
2025-01-11 19:45:00,Saturday,19,1,0,Sunny,30.1,20,6,6.55,27,18.79
2025-01-11 20:00:00,Saturday,20,1,0,Sunny,32.2,14,6,6.5,28,16.02
2025-01-11 20:15:00,Saturday,20,1,0,Sunny,33.9,13,5,4.97,26,15.19
2025-01-11 20:30:00,Saturday,20,1,0,Sunny,31.5,7,5,6.24,14,6.97
2025-01-11 20:45:00,Saturday,20,1,0,Sunny,33.4,10,5,6.17,22,10.5
2025-01-11 21:00:00,Saturday,21,1,0,Sunny,33.2,10,5,5.47,21,14.08
2025-01-11 21:15:00,Saturday,21,1,0,Sunny,31.4,8,5,4.28,10,3.8
2025-01-11 21:30:00,Saturday,21,1,0,Sunny,33.0,4,5,4.8,7,0.5
2025-01-11 21:45:00,Saturday,21,1,0,Sunny,31.8,5,5,5.34,6,0.5
2025-01-12 08:00:00,Sunday,8,1,0,Sunny,18.7,2,5,5.7,3,0.5
2025-01-12 08:15:00,Sunday,8,1,0,Cloudy,22.6,2,5,5.09,5,0.5
2025-01-12 08:30:00,Sunday,8,1,0,Cloudy,21.1,2,5,5.05,3,0.55
2025-01-12 08:45:00,Sunday,8,1,0,Cloudy,20.5,3,5,5.64,3,0.71
2025-01-12 09:00:00,Sunday,9,1,0,Cloudy,21.1,1,7,5.27,0,0.5
2025-01-12 09:15:00,Sunday,9,1,0,Cloudy,20.2,1,7,5.95,2,0.5
2025-01-12 09:30:00,Sunday,9,1,0,Cloudy,18.6,3,6,4.95,3,0.5
2025-01-12 09:45:00,Sunday,9,1,0,Cloudy,21.7,6,6,6.63,14,2.93
2025-01-12 10:00:00,Sunday,10,1,0,Cloudy,19.6,5,6,4.64,16,0.5
2025-01-12 10:15:00,Sunday,10,1,0,Cloudy,22.2,14,6,4.91,31,14.01
2025-01-12 10:30:00,Sunday,10,1,0,Cloudy,22.7,6,6,4.75,11,0.5
2025-01-12 10:45:00,Sunday,10,1,0,Cloudy,20.9,4,5,6.77,7,0.5
2025-01-12 11:00:00,Sunday,11,1,0,Cloudy,22.9,12,7,4.9,25,7.55
2025-01-12 11:15:00,Sunday,11,1,0,Cloudy,22.8,19,7,6.64,36,16.04
2025-01-12 11:30:00,Sunday,11,1,0,Cloudy,21.1,11,7,6.18,19,5.81
2025-01-12 11:45:00,Sunday,11,1,0,Cloudy,20.3,9,6,5.5,16,3.75
2025-01-12 12:00:00,Sunday,12,1,0,Cloudy,21.2,7,8,7.13,11,0.5
2025-01-12 12:15:00,Sunday,12,1,0,Cloudy,23.7,13,7,4.6,20,0.5
2025-01-12 12:30:00,Sunday,12,1,0,Cloudy,21.7,18,7,5.82,34,14.62
2025-01-12 12:45:00,Sunday,12,1,0,Cloudy,22.1,14,7,5.51,23,5.62
2025-01-12 13:00:00,Sunday,13,1,0,Cloudy,24.8,11,7,4.91,24,3.06
2025-01-12 13:15:00,Sunday,13,1,0,Cloudy,23.1,9,7,5.39,18,0.5
2025-01-12 13:30:00,Sunday,13,1,0,Cloudy,22.3,9,7,5.75,18,2.21
2025-01-12 13:45:00,Sunday,13,1,0,Cloudy,22.8,11,7,6.03,22,9.82
2025-01-12 14:00:00,Sunday,14,1,0,Cloudy,24.9,11,7,7.63,19,4.42
2025-01-12 14:15:00,Sunday,14,1,0,Cloudy,21.6,8,7,4.86,18,0.89
2025-01-12 14:30:00,Sunday,14,1,0,Cloudy,23.0,9,5,4.76,16,8.0
2025-01-12 14:45:00,Sunday,14,1,0,Cloudy,23.8,6,6,5.72,10,5.62
2025-01-12 15:00:00,Sunday,15,1,0,Cloudy,22.7,6,6,5.67,12,3.16
2025-01-12 15:15:00,Sunday,15,1,0,Cloudy,22.6,8,6,5.84,16,1.77
2025-01-12 15:30:00,Sunday,15,1,0,Cloudy,24.5,7,7,4.71,13,2.82
2025-01-12 15:45:00,Sunday,15,1,0,Cloudy,22.1,5,6,6.05,12,1.39
2025-01-12 16:00:00,Sunday,16,1,0,Cloudy,21.4,2,6,4.53,4,0.5
2025-01-12 16:15:00,Sunday,16,1,0,Cloudy,19.7,7,6,4.61,15,0.5
2025-01-12 16:30:00,Sunday,16,1,0,Cloudy,22.7,10,6,6.02,21,4.86
2025-01-12 16:45:00,Sunday,16,1,0,Cloudy,22.9,7,7,4.47,16,0.5
2025-01-12 17:00:00,Sunday,17,1,0,Cloudy,21.8,9,6,4.11,18,3.25
2025-01-12 17:15:00,Sunday,17,1,0,Cloudy,21.3,12,7,5.47,28,3.84
2025-01-12 17:30:00,Sunday,17,1,0,Cloudy,21.5,11,6,4.51,23,4.31
2025-01-12 17:45:00,Sunday,17,1,0,Cloudy,21.8,16,7,5.51,30,7.16
2025-01-12 18:00:00,Sunday,18,1,0,Cloudy,20.4,18,6,5.45,35,18.66
2025-01-12 18:15:00,Sunday,18,1,0,Cloudy,22.3,20,5,6.7,31,24.9
2025-01-12 18:30:00,Sunday,18,1,0,Cloudy,21.4,22,6,6.05,44,24.56
2025-01-12 18:45:00,Sunday,18,1,0,Rainy,22.6,10,6,5.0,15,4.62
2025-01-12 19:00:00,Sunday,19,1,0,Cloudy,23.3,17,6,6.03,27,15.63
2025-01-12 19:15:00,Sunday,19,1,0,Cloudy,21.4,23,6,5.43,45,22.86
2025-01-12 19:30:00,Sunday,19,1,0,Cloudy,22.1,16,6,6.81,31,17.58
2025-01-12 19:45:00,Sunday,19,1,0,Cloudy,21.5,21,6,5.51,43,20.52
2025-01-12 20:00:00,Sunday,20,1,0,Cloudy,19.4,12,6,6.57,23,7.94
2025-01-12 20:15:00,Sunday,20,1,0,Cloudy,22.7,9,5,5.25,21,5.62
2025-01-12 20:30:00,Sunday,20,1,0,Sunny,22.3,17,5,6.67,33,21.5
2025-01-12 20:45:00,Sunday,20,1,0,Cloudy,21.3,5,6,6.39,9,0.5
2025-01-12 21:00:00,Sunday,21,1,0,Cloudy,22.1,11,4,6.22,26,19.45
2025-01-12 21:15:00,Sunday,21,1,0,Cloudy,18.8,5,5,7.3,8,9.59
2025-01-12 21:30:00,Sunday,21,1,0,Cloudy,23.4,1,5,6.4,5,0.5
2025-01-12 21:45:00,Sunday,21,1,0,Cloudy,20.6,9,4,3.85,23,13.31
2025-01-13 08:00:00,Monday,8,0,0,Sunny,28.7,5,2,5.32,12,13.02
2025-01-13 08:15:00,Monday,8,0,0,Sunny,28.9,2,2,5.42,0,6.66
2025-01-13 08:30:00,Monday,8,0,0,Sunny,28.9,0,2,6.56,1,0.5
2025-01-13 08:45:00,Monday,8,0,0,Sunny,28.9,2,2,6.12,1,2.67
2025-01-13 09:00:00,Monday,9,0,0,Sunny,28.7,1,3,6.31,0,0.5
2025-01-13 09:15:00,Monday,9,0,0,Sunny,30.4,3,3,5.84,8,4.16
2025-01-13 09:30:00,Monday,9,0,0,Sunny,29.7,2,3,6.46,7,1.96
2025-01-13 09:45:00,Monday,9,0,0,Sunny,28.3,2,3,5.43,6,0.5
2025-01-13 10:00:00,Monday,10,0,0,Sunny,31.6,3,3,6.35,9,2.83
2025-01-13 10:15:00,Monday,10,0,0,Sunny,30.2,3,3,5.62,5,0.5
2025-01-13 10:30:00,Monday,10,0,0,Sunny,30.6,5,3,5.66,13,3.7
2025-01-13 10:45:00,Monday,10,0,0,Sunny,32.6,3,2,6.52,6,7.99
2025-01-13 11:00:00,Monday,11,0,0,Rainy,26.9,2,4,6.29,3,5.82
2025-01-13 11:15:00,Monday,11,0,0,Sunny,30.8,2,4,5.27,4,0.5
2025-01-13 11:30:00,Monday,11,0,0,Sunny,27.9,10,4,5.44,21,11.82
2025-01-13 11:45:00,Monday,11,0,0,Sunny,29.4,7,4,6.18,14,5.94
2025-01-13 12:00:00,Monday,12,0,0,Sunny,31.2,9,5,6.96,19,9.9
2025-01-13 12:15:00,Monday,12,0,0,Sunny,29.3,11,4,5.7,21,12.79
2025-01-13 12:30:00,Monday,12,0,0,Sunny,31.5,5,4,5.53,11,1.35
2025-01-13 12:45:00,Monday,12,0,0,Sunny,28.3,15,4,4.76,30,17.63
2025-01-13 13:00:00,Monday,13,0,0,Sunny,32.4,12,3,7.28,25,30.77
2025-01-13 13:15:00,Monday,13,0,0,Sunny,31.0,7,3,5.95,14,14.45
2025-01-13 13:30:00,Monday,13,0,0,Sunny,29.9,19,4,5.65,36,26.97
2025-01-13 13:45:00,Monday,13,0,0,Cloudy,32.2,7,4,4.03,13,5.45
2025-01-13 14:00:00,Monday,14,0,0,Sunny,29.8,6,4,4.25,9,4.51
2025-01-13 14:15:00,Monday,14,0,0,Sunny,29.5,4,3,5.17,9,4.73
2025-01-13 14:30:00,Monday,14,0,0,Sunny,30.2,4,4,5.68,4,1.86
2025-01-13 14:45:00,Monday,14,0,0,Sunny,32.2,3,3,4.74,7,1.45
2025-01-13 15:00:00,Monday,15,0,0,Sunny,29.5,6,3,5.02,14,7.35
2025-01-13 15:15:00,Monday,15,0,0,Sunny,31.0,4,3,5.03,10,8.16
2025-01-13 15:30:00,Monday,15,0,0,Sunny,30.2,6,2,6.43,7,17.88
2025-01-13 15:45:00,Monday,15,0,0,Rainy,29.7,2,3,5.51,4,0.5
2025-01-13 16:00:00,Monday,16,0,0,Sunny,28.9,2,2,5.5,0,8.03
2025-01-13 16:15:00,Monday,16,0,0,Sunny,31.3,8,3,5.87,14,12.89
2025-01-13 16:30:00,Monday,16,0,0,Sunny,29.3,9,3,5.64,10,15.88
2025-01-13 16:45:00,Monday,16,0,0,Sunny,32.5,5,2,6.63,13,17.27
2025-01-13 17:00:00,Monday,17,0,0,Sunny,31.1,15,3,7.04,26,34.81
2025-01-13 17:15:00,Monday,17,0,0,Sunny,31.0,15,3,5.36,29,27.26
2025-01-13 17:30:00,Monday,17,0,0,Sunny,32.0,5,3,5.92,6,2.19
2025-01-13 17:45:00,Monday,17,0,0,Sunny,28.9,11,3,5.25,16,20.41
2025-01-13 18:00:00,Monday,18,0,0,Sunny,28.0,10,4,5.68,24,16.49
2025-01-13 18:15:00,Monday,18,0,0,Sunny,28.9,12,3,6.2,21,21.77
2025-01-13 18:30:00,Monday,18,0,0,Sunny,27.6,12,3,5.49,23,25.74
2025-01-13 18:45:00,Monday,18,0,0,Sunny,32.3,10,3,6.6,16,22.26
2025-01-13 19:00:00,Monday,19,0,0,Sunny,30.9,11,4,7.1,22,18.5
2025-01-13 19:15:00,Monday,19,0,0,Sunny,26.6,16,3,6.71,36,39.01
2025-01-13 19:30:00,Monday,19,0,0,Sunny,29.2,13,3,5.5,26,25.86
2025-01-13 19:45:00,Monday,19,0,0,Sunny,28.7,7,3,6.48,15,9.67
2025-01-13 20:00:00,Monday,20,0,0,Sunny,31.5,11,3,6.57,23,19.76
2025-01-13 20:15:00,Monday,20,0,0,Sunny,28.5,7,2,6.39,14,19.24
2025-01-13 20:30:00,Monday,20,0,0,Sunny,27.4,10,2,6.18,22,26.19
2025-01-13 20:45:00,Monday,20,0,0,Sunny,27.7,5,2,5.78,13,14.26
2025-01-13 21:00:00,Monday,21,0,0,Sunny,29.4,8,2,6.14,20,24.15
2025-01-13 21:15:00,Monday,21,0,0,Sunny,28.3,5,2,6.02,9,15.72
2025-01-13 21:30:00,Monday,21,0,0,Sunny,32.8,5,3,6.49,11,5.98
2025-01-13 21:45:00,Monday,21,0,0,Sunny,29.3,5,2,6.06,11,13.24
2025-01-14 08:00:00,Tuesday,8,0,0,Windy,20.8,0,5,6.23,0,0.5
2025-01-14 08:15:00,Tuesday,8,0,0,Windy,17.0,1,4,5.04,4,0.5
2025-01-14 08:30:00,Tuesday,8,0,0,Sunny,18.8,0,4,7.0,0,0.5
2025-01-14 08:45:00,Tuesday,8,0,0,Windy,18.7,1,4,6.36,2,0.5
2025-01-14 09:00:00,Tuesday,9,0,0,Windy,17.6,1,5,5.87,5,0.5
2025-01-14 09:15:00,Tuesday,9,0,0,Windy,18.4,0,5,5.41,0,0.5
2025-01-14 09:30:00,Tuesday,9,0,0,Windy,20.4,0,5,2.94,0,0.5
2025-01-14 09:45:00,Tuesday,9,0,0,Windy,20.3,3,4,5.98,5,2.82
2025-01-14 10:00:00,Tuesday,10,0,0,Windy,18.6,2,5,4.69,4,0.5
2025-01-14 10:15:00,Tuesday,10,0,0,Windy,21.3,3,4,5.7,6,0.61
2025-01-14 10:30:00,Tuesday,10,0,0,Windy,18.2,7,5,6.83,15,6.98
2025-01-14 10:45:00,Tuesday,10,0,0,Windy,19.3,6,5,5.21,14,4.87
2025-01-14 11:00:00,Tuesday,11,0,0,Windy,19.2,10,6,4.39,20,7.22
2025-01-14 11:15:00,Tuesday,11,0,0,Windy,18.4,4,6,2.89,10,0.5
2025-01-14 11:30:00,Tuesday,11,0,0,Windy,19.0,10,6,4.53,18,1.01
2025-01-14 11:45:00,Tuesday,11,0,0,Windy,19.4,9,6,6.12,12,3.72
2025-01-14 12:00:00,Tuesday,12,0,0,Sunny,19.8,7,7,6.04,15,0.5
2025-01-14 12:15:00,Tuesday,12,0,0,Sunny,21.3,13,5,4.51,31,5.3
2025-01-14 12:30:00,Tuesday,12,0,0,Windy,18.5,12,6,5.25,27,10.11
2025-01-14 12:45:00,Tuesday,12,0,0,Windy,18.7,6,5,4.08,11,4.08
2025-01-14 13:00:00,Tuesday,13,0,0,Windy,20.2,10,6,4.75,21,4.83
2025-01-14 13:15:00,Tuesday,13,0,0,Windy,19.3,5,6,6.09,10,0.5
2025-01-14 13:30:00,Tuesday,13,0,0,Windy,19.4,10,6,5.62,18,3.69
2025-01-14 13:45:00,Tuesday,13,0,0,Windy,17.4,2,6,5.33,4,0.5
2025-01-14 14:00:00,Tuesday,14,0,0,Windy,20.1,7,6,4.5,13,0.97
2025-01-14 14:15:00,Tuesday,14,0,0,Windy,19.9,3,5,4.95,8,1.37
2025-01-14 14:30:00,Tuesday,14,0,0,Windy,20.2,5,5,6.2,7,2.6
2025-01-14 14:45:00,Tuesday,14,0,0,Windy,20.7,7,5,5.6,13,10.21
2025-01-14 15:00:00,Tuesday,15,0,0,Sunny,20.5,8,5,5.03,18,0.95
2025-01-14 15:15:00,Tuesday,15,0,0,Windy,19.0,3,5,5.24,4,0.5
2025-01-14 15:30:00,Tuesday,15,0,0,Windy,18.7,6,6,4.72,10,0.76
2025-01-14 15:45:00,Tuesday,15,0,0,Windy,19.8,9,5,5.87,18,6.55
2025-01-14 16:00:00,Tuesday,16,0,0,Windy,22.3,3,6,5.71,7,0.5
2025-01-14 16:15:00,Tuesday,16,0,0,Windy,18.2,4,6,6.41,8,0.5
2025-01-14 16:30:00,Tuesday,16,0,0,Windy,18.3,8,5,4.57,17,5.68
2025-01-14 16:45:00,Tuesday,16,0,0,Cloudy,20.4,8,4,5.27,16,7.69
2025-01-14 17:00:00,Tuesday,17,0,0,Windy,21.9,5,5,5.18,10,0.5
2025-01-14 17:15:00,Tuesday,17,0,0,Windy,20.9,11,5,6.09,19,16.13
2025-01-14 17:30:00,Tuesday,17,0,0,Windy,19.0,8,5,6.32,18,2.69
2025-01-14 17:45:00,Tuesday,17,0,0,Windy,19.4,6,5,5.97,11,1.11
2025-01-14 18:00:00,Tuesday,18,0,0,Windy,19.5,12,4,4.9,21,12.4
2025-01-14 18:15:00,Tuesday,18,0,0,Windy,18.2,4,5,5.12,7,1.54
2025-01-14 18:30:00,Tuesday,18,0,0,Windy,21.0,14,6,6.24,22,6.9
2025-01-14 18:45:00,Tuesday,18,0,0,Windy,20.1,11,5,5.02,17,8.78
2025-01-14 19:00:00,Tuesday,19,0,0,Sunny,19.8,18,6,6.43,34,19.28
2025-01-14 19:15:00,Tuesday,19,0,0,Windy,22.2,14,5,7.08,30,17.9
2025-01-14 19:30:00,Tuesday,19,0,0,Windy,20.8,19,5,6.4,34,19.96
2025-01-14 19:45:00,Tuesday,19,0,0,Windy,19.0,6,5,6.85,11,4.29
2025-01-14 20:00:00,Tuesday,20,0,0,Windy,20.6,4,5,5.9,7,1.72
2025-01-14 20:15:00,Tuesday,20,0,0,Windy,17.5,8,3,5.4,12,14.72
2025-01-14 20:30:00,Tuesday,20,0,0,Windy,21.6,8,4,5.5,10,14.95
2025-01-14 20:45:00,Tuesday,20,0,0,Windy,18.8,6,4,5.76,7,0.5
2025-01-14 21:00:00,Tuesday,21,0,0,Windy,21.4,2,4,5.15,5,0.92
2025-01-14 21:15:00,Tuesday,21,0,0,Windy,22.2,5,4,5.23,9,0.5
2025-01-14 21:30:00,Tuesday,21,0,0,Windy,17.7,2,4,5.54,5,2.08
2025-01-14 21:45:00,Tuesday,21,0,0,Windy,16.4,3,4,4.83,10,0.54
2025-01-15 08:00:00,Wednesday,8,0,0,Sunny,21.3,2,4,5.67,2,0.5
2025-01-15 08:15:00,Wednesday,8,0,0,Stormy,14.6,0,4,7.22,0,0.5
2025-01-15 08:30:00,Wednesday,8,0,0,Stormy,15.3,2,5,3.53,6,0.5
2025-01-15 08:45:00,Wednesday,8,0,0,Stormy,18.5,0,4,4.49,1,0.5
2025-01-15 09:00:00,Wednesday,9,0,0,Stormy,16.5,0,5,6.5,0,0.5
2025-01-15 09:15:00,Wednesday,9,0,0,Stormy,17.0,0,5,6.13,4,0.5
2025-01-15 09:30:00,Wednesday,9,0,0,Stormy,18.8,1,5,5.94,0,0.5
2025-01-15 09:45:00,Wednesday,9,0,0,Stormy,17.3,3,5,6.28,8,0.5
2025-01-15 10:00:00,Wednesday,10,0,0,Stormy,18.7,3,5,6.45,6,1.87
2025-01-15 10:15:00,Wednesday,10,0,0,Stormy,17.4,3,5,8.45,5,0.5
2025-01-15 10:30:00,Wednesday,10,0,0,Stormy,15.3,2,5,4.88,3,0.5
2025-01-15 10:45:00,Wednesday,10,0,0,Stormy,17.6,4,5,5.85,11,0.5
2025-01-15 11:00:00,Wednesday,11,0,0,Stormy,18.0,6,6,4.49,10,0.99
2025-01-15 11:15:00,Wednesday,11,0,0,Stormy,17.7,10,5,7.65,21,15.04
2025-01-15 11:30:00,Wednesday,11,0,0,Stormy,17.2,3,6,6.23,5,0.5
2025-01-15 11:45:00,Wednesday,11,0,0,Stormy,20.5,8,6,6.99,13,2.98
2025-01-15 12:00:00,Wednesday,12,0,0,Stormy,17.1,1,6,4.68,0,0.5
2025-01-15 12:15:00,Wednesday,12,0,0,Sunny,20.5,10,7,5.22,19,5.11
2025-01-15 12:30:00,Wednesday,12,0,0,Stormy,17.9,10,5,6.23,14,10.32
2025-01-15 12:45:00,Wednesday,12,0,0,Stormy,17.2,2,6,3.78,6,1.29
2025-01-15 13:00:00,Wednesday,13,0,0,Stormy,21.5,1,6,6.86,3,0.5
2025-01-15 13:15:00,Wednesday,13,0,0,Stormy,18.6,7,6,5.98,10,0.68
2025-01-15 13:30:00,Wednesday,13,0,0,Stormy,19.7,0,6,6.64,2,0.5
2025-01-15 13:45:00,Wednesday,13,0,0,Stormy,20.0,3,6,6.07,5,1.4
2025-01-15 14:00:00,Wednesday,14,0,0,Stormy,18.2,3,6,4.65,2,0.5
2025-01-15 14:15:00,Wednesday,14,0,0,Sunny,18.6,12,5,6.07,20,12.37
2025-01-15 14:30:00,Wednesday,14,0,0,Stormy,18.8,5,6,6.4,13,7.44
2025-01-15 14:45:00,Wednesday,14,0,0,Stormy,15.6,5,5,6.02,10,1.44
2025-01-15 15:00:00,Wednesday,15,0,0,Stormy,16.9,5,5,5.4,11,0.58
2025-01-15 15:15:00,Wednesday,15,0,0,Stormy,21.6,1,5,3.99,0,1.12
2025-01-15 15:30:00,Wednesday,15,0,0,Stormy,18.6,5,5,4.59,9,0.5
2025-01-15 15:45:00,Wednesday,15,0,0,Stormy,17.8,2,5,8.44,3,0.5
2025-01-15 16:00:00,Wednesday,16,0,0,Stormy,16.4,3,5,6.48,6,6.55
2025-01-15 16:15:00,Wednesday,16,0,0,Stormy,17.7,10,5,4.93,17,6.93
2025-01-15 16:30:00,Wednesday,16,0,0,Stormy,19.7,2,6,6.35,0,0.5
2025-01-15 16:45:00,Wednesday,16,0,0,Stormy,18.0,5,5,6.15,15,5.53
2025-01-15 17:00:00,Wednesday,17,0,0,Stormy,19.3,8,5,6.66,12,6.05
2025-01-15 17:15:00,Wednesday,17,0,0,Stormy,17.4,3,5,4.32,9,0.5
2025-01-15 17:30:00,Wednesday,17,0,0,Stormy,18.3,8,4,8.16,15,14.74
2025-01-15 17:45:00,Wednesday,17,0,0,Stormy,14.6,9,5,7.31,14,10.9
2025-01-15 18:00:00,Wednesday,18,0,0,Stormy,15.8,8,4,5.96,12,10.1
2025-01-15 18:15:00,Wednesday,18,0,0,Stormy,17.6,10,4,6.04,20,15.0
2025-01-15 18:30:00,Wednesday,18,0,0,Stormy,19.3,12,4,6.85,18,20.31
2025-01-15 18:45:00,Wednesday,18,0,0,Stormy,18.2,9,5,3.66,18,7.9
2025-01-15 19:00:00,Wednesday,19,0,0,Stormy,16.2,7,5,5.79,15,6.79
2025-01-15 19:15:00,Wednesday,19,0,0,Stormy,16.9,11,5,5.87,21,14.88
2025-01-15 19:30:00,Wednesday,19,0,0,Stormy,16.1,10,6,6.66,18,9.95
2025-01-15 19:45:00,Wednesday,19,0,0,Stormy,18.6,9,5,5.61,16,12.92
2025-01-15 20:00:00,Wednesday,20,0,0,Stormy,16.1,8,4,5.36,10,7.28
2025-01-15 20:15:00,Wednesday,20,0,0,Stormy,15.5,8,5,5.22,15,8.88
2025-01-15 20:30:00,Wednesday,20,0,0,Stormy,14.9,7,4,6.44,15,8.97
2025-01-15 20:45:00,Wednesday,20,0,0,Stormy,16.5,6,4,7.05,11,9.78
2025-01-15 21:00:00,Wednesday,21,0,0,Stormy,17.6,6,4,6.48,14,7.43
2025-01-15 21:15:00,Wednesday,21,0,0,Stormy,18.7,7,4,5.46,9,6.09
2025-01-15 21:30:00,Wednesday,21,0,0,Stormy,15.7,6,4,5.42,10,8.62
2025-01-15 21:45:00,Wednesday,21,0,0,Stormy,17.0,2,4,6.2,6,3.79
2025-01-16 08:00:00,Thursday,8,0,0,Cloudy,24.6,1,4,5.29,2,0.5
2025-01-16 08:15:00,Thursday,8,0,0,Cloudy,25.6,0,3,6.83,0,0.5
2025-01-16 08:30:00,Thursday,8,0,0,Cloudy,24.4,1,3,5.59,5,1.83
2025-01-16 08:45:00,Thursday,8,0,0,Cloudy,23.4,3,3,5.36,6,7.94
2025-01-16 09:00:00,Thursday,9,0,0,Cloudy,24.8,1,4,5.65,3,0.5
2025-01-16 09:15:00,Thursday,9,0,0,Cloudy,25.3,3,4,5.74,6,0.5
2025-01-16 09:30:00,Thursday,9,0,0,Cloudy,24.3,0,5,6.04,1,0.5
2025-01-16 09:45:00,Thursday,9,0,0,Cloudy,24.3,4,4,6.64,9,0.96
2025-01-16 10:00:00,Thursday,10,0,0,Cloudy,23.6,5,4,4.67,10,0.5
2025-01-16 10:15:00,Thursday,10,0,0,Cloudy,25.0,3,4,4.26,7,0.5
2025-01-16 10:30:00,Thursday,10,0,0,Cloudy,23.2,5,4,5.2,7,3.1
2025-01-16 10:45:00,Thursday,10,0,0,Cloudy,23.6,3,5,6.73,5,2.08
2025-01-16 11:00:00,Thursday,11,0,0,Cloudy,23.1,7,5,5.85,14,5.79
2025-01-16 11:15:00,Thursday,11,0,0,Cloudy,22.7,8,5,5.9,15,7.39
2025-01-16 11:30:00,Thursday,11,0,0,Cloudy,23.0,9,6,6.34,19,6.35
2025-01-16 11:45:00,Thursday,11,0,0,Cloudy,24.1,8,6,6.61,17,4.96
2025-01-16 12:00:00,Thursday,12,0,0,Cloudy,24.6,8,4,4.47,16,8.93
2025-01-16 12:15:00,Thursday,12,0,0,Cloudy,23.6,10,5,4.95,23,6.18
2025-01-16 12:30:00,Thursday,12,0,0,Cloudy,25.6,9,5,5.44,21,6.01
2025-01-16 12:45:00,Thursday,12,0,0,Cloudy,24.0,9,6,4.34,19,1.0
2025-01-16 13:00:00,Thursday,13,0,0,Cloudy,23.7,16,6,5.91,31,11.9
2025-01-16 13:15:00,Thursday,13,0,0,Cloudy,25.2,11,5,4.68,16,1.45
2025-01-16 13:30:00,Thursday,13,0,0,Cloudy,24.4,11,5,4.5,21,3.3
2025-01-16 13:45:00,Thursday,13,0,0,Cloudy,24.2,11,4,6.08,23,17.67
2025-01-16 14:00:00,Thursday,14,0,0,Cloudy,25.3,13,5,7.21,26,15.83
2025-01-16 14:15:00,Thursday,14,0,0,Cloudy,25.9,5,3,5.52,12,6.01
2025-01-16 14:30:00,Thursday,14,0,0,Sunny,24.1,5,3,7.2,13,7.71
2025-01-16 14:45:00,Thursday,14,0,0,Cloudy,23.3,3,4,5.03,7,2.67
2025-01-16 15:00:00,Thursday,15,0,0,Cloudy,26.9,7,4,4.93,15,4.93
2025-01-16 15:15:00,Thursday,15,0,0,Cloudy,27.1,7,4,4.46,12,6.55
2025-01-16 15:30:00,Thursday,15,0,0,Cloudy,25.8,7,4,4.0,14,2.99
2025-01-16 15:45:00,Thursday,15,0,0,Cloudy,24.5,8,4,5.31,16,6.88
2025-01-16 16:00:00,Thursday,16,0,0,Cloudy,23.8,4,5,5.29,6,0.5
2025-01-16 16:15:00,Thursday,16,0,0,Cloudy,24.4,5,4,5.2,7,3.68
2025-01-16 16:30:00,Thursday,16,0,0,Cloudy,25.5,7,4,6.01,17,9.12
2025-01-16 16:45:00,Thursday,16,0,0,Cloudy,24.7,6,4,7.09,11,2.62
2025-01-16 17:00:00,Thursday,17,0,0,Cloudy,24.3,8,4,6.78,12,10.67
2025-01-16 17:15:00,Thursday,17,0,0,Cloudy,24.7,7,4,4.95,18,0.67
2025-01-16 17:30:00,Thursday,17,0,0,Rainy,27.0,9,4,5.6,19,13.35
2025-01-16 17:45:00,Thursday,17,0,0,Cloudy,25.5,8,5,6.81,14,12.09
2025-01-16 18:00:00,Thursday,18,0,0,Cloudy,25.5,12,4,5.2,20,12.64
2025-01-16 18:15:00,Thursday,18,0,0,Sunny,24.9,21,4,6.67,37,35.84
2025-01-16 18:30:00,Thursday,18,0,0,Cloudy,26.1,13,4,6.69,25,19.55
2025-01-16 18:45:00,Thursday,18,0,0,Cloudy,23.6,16,5,8.07,29,22.32
2025-01-16 19:00:00,Thursday,19,0,0,Cloudy,24.3,13,4,6.77,29,22.15
2025-01-16 19:15:00,Thursday,19,0,0,Cloudy,24.1,10,4,6.6,20,17.94
2025-01-16 19:30:00,Thursday,19,0,0,Cloudy,24.4,8,4,7.92,14,13.9
2025-01-16 19:45:00,Thursday,19,0,0,Cloudy,24.8,9,4,6.47,18,13.62
2025-01-16 20:00:00,Thursday,20,0,0,Cloudy,23.5,7,4,5.07,9,6.0
2025-01-16 20:15:00,Thursday,20,0,0,Cloudy,25.9,12,4,5.36,24,15.52
2025-01-16 20:30:00,Thursday,20,0,0,Cloudy,22.0,6,3,5.87,12,8.03
2025-01-16 20:45:00,Thursday,20,0,0,Cloudy,21.8,9,3,5.29,17,11.37
2025-01-16 21:00:00,Thursday,21,0,0,Cloudy,21.9,10,3,5.3,26,20.88
2025-01-16 21:15:00,Thursday,21,0,0,Cloudy,23.6,2,2,5.76,3,5.86
2025-01-16 21:30:00,Thursday,21,0,0,Cloudy,22.8,4,3,5.28,6,4.11
2025-01-16 21:45:00,Thursday,21,0,0,Cloudy,23.1,4,3,5.05,6,3.91
2025-01-17 08:00:00,Friday,8,0,0,Cloudy,21.5,3,4,6.11,7,3.27
2025-01-17 08:15:00,Friday,8,0,0,Sunny,25.5,3,4,5.24,5,2.94
2025-01-17 08:30:00,Friday,8,0,0,Cloudy,19.3,0,5,5.87,0,0.5
2025-01-17 08:45:00,Friday,8,0,0,Cloudy,22.4,2,3,4.04,2,0.5
2025-01-17 09:00:00,Friday,9,0,0,Cloudy,20.2,2,5,4.51,6,0.5
2025-01-17 09:15:00,Friday,9,0,0,Cloudy,21.7,2,5,5.25,0,0.5
2025-01-17 09:30:00,Friday,9,0,0,Cloudy,21.6,3,5,4.21,1,0.5
2025-01-17 09:45:00,Friday,9,0,0,Cloudy,21.8,2,5,6.86,7,0.5
2025-01-17 10:00:00,Friday,10,0,0,Cloudy,24.4,3,5,5.93,7,2.18
2025-01-17 10:15:00,Friday,10,0,0,Cloudy,25.3,4,4,6.41,5,4.36
2025-01-17 10:30:00,Friday,10,0,0,Cloudy,23.1,4,4,5.9,8,0.72
2025-01-17 10:45:00,Friday,10,0,0,Cloudy,20.6,5,5,5.66,13,3.37
2025-01-17 11:00:00,Friday,11,0,0,Cloudy,21.8,5,6,6.46,9,0.5
2025-01-17 11:15:00,Friday,11,0,0,Cloudy,21.3,6,6,7.02,10,0.5
2025-01-17 11:30:00,Friday,11,0,0,Cloudy,20.9,9,6,5.1,17,0.5
2025-01-17 11:45:00,Friday,11,0,0,Cloudy,21.3,8,5,4.4,16,1.08
2025-01-17 12:00:00,Friday,12,0,0,Cloudy,21.5,15,6,4.37,31,5.72
2025-01-17 12:15:00,Friday,12,0,0,Cloudy,22.9,9,5,6.3,17,2.98
2025-01-17 12:30:00,Friday,12,0,0,Cloudy,23.0,12,7,5.71,22,5.91
2025-01-17 12:45:00,Friday,12,0,0,Cloudy,23.9,9,6,6.5,15,6.07
2025-01-17 13:00:00,Friday,13,0,0,Cloudy,24.1,11,6,6.47,19,6.9
2025-01-17 13:15:00,Friday,13,0,0,Cloudy,23.8,14,6,5.44,27,10.54
2025-01-17 13:30:00,Friday,13,0,0,Cloudy,23.2,10,7,5.1,17,3.47
2025-01-17 13:45:00,Friday,13,0,0,Cloudy,22.9,6,6,6.13,13,0.5
2025-01-17 14:00:00,Friday,14,0,0,Cloudy,25.0,3,6,6.53,7,0.5
2025-01-17 14:15:00,Friday,14,0,0,Cloudy,24.3,6,5,5.96,15,1.17
2025-01-17 14:30:00,Friday,14,0,0,Cloudy,23.3,9,5,6.67,18,8.19
2025-01-17 14:45:00,Friday,14,0,0,Cloudy,23.9,3,5,6.52,4,0.64
2025-01-17 15:00:00,Friday,15,0,0,Cloudy,21.4,2,5,5.47,6,0.5
2025-01-17 15:15:00,Friday,15,0,0,Cloudy,27.0,2,5,4.77,3,0.5
2025-01-17 15:30:00,Friday,15,0,0,Cloudy,25.7,10,5,4.53,15,2.13
2025-01-17 15:45:00,Friday,15,0,0,Cloudy,23.0,3,5,4.63,5,0.5
2025-01-17 16:00:00,Friday,16,0,0,Cloudy,21.1,3,5,5.15,6,0.5
2025-01-17 16:15:00,Friday,16,0,0,Cloudy,22.9,5,4,5.21,9,0.5
2025-01-17 16:30:00,Friday,16,0,0,Cloudy,24.7,13,5,5.41,28,10.7
2025-01-17 16:45:00,Friday,16,0,0,Cloudy,23.3,11,5,5.33,21,8.29
2025-01-17 17:00:00,Friday,17,0,0,Cloudy,25.6,11,6,5.05,17,5.33
2025-01-17 17:15:00,Friday,17,0,0,Cloudy,23.7,8,6,4.62,17,3.23
2025-01-17 17:30:00,Friday,17,0,0,Cloudy,20.5,17,5,4.89,36,21.84
2025-01-17 17:45:00,Friday,17,0,0,Cloudy,23.5,10,5,4.53,20,5.05
2025-01-17 18:00:00,Friday,18,0,0,Cloudy,21.3,9,5,6.71,16,6.99
2025-01-17 18:15:00,Friday,18,0,0,Cloudy,21.8,18,5,7.4,32,27.42
2025-01-17 18:30:00,Friday,18,0,0,Cloudy,19.9,12,5,5.65,21,11.06
2025-01-17 18:45:00,Friday,18,0,0,Cloudy,21.3,12,5,6.54,24,15.72
2025-01-17 19:00:00,Friday,19,0,0,Cloudy,21.8,14,5,5.19,27,12.36
2025-01-17 19:15:00,Friday,19,0,0,Cloudy,24.1,17,5,5.95,32,19.17
2025-01-17 19:30:00,Friday,19,0,0,Cloudy,24.5,14,4,4.72,27,19.43
2025-01-17 19:45:00,Friday,19,0,0,Cloudy,21.2,10,5,5.7,19,8.27
2025-01-17 20:00:00,Friday,20,0,0,Cloudy,20.2,7,5,5.84,13,2.94
2025-01-17 20:15:00,Friday,20,0,0,Cloudy,20.3,4,5,3.74,8,0.5
2025-01-17 20:30:00,Friday,20,0,0,Cloudy,21.9,9,4,4.44,16,8.27
2025-01-17 20:45:00,Friday,20,0,0,Cloudy,24.1,10,4,5.54,18,14.33
2025-01-17 21:00:00,Friday,21,0,0,Cloudy,22.7,6,4,5.53,12,4.8
2025-01-17 21:15:00,Friday,21,0,0,Cloudy,24.0,7,5,4.82,18,2.79
2025-01-17 21:30:00,Friday,21,0,0,Cloudy,22.3,5,4,4.06,8,0.87
2025-01-17 21:45:00,Friday,21,0,0,Cloudy,19.8,2,4,5.43,3,0.5
2025-01-18 08:00:00,Saturday,8,1,0,Rainy,19.5,1,5,5.16,1,0.5
2025-01-18 08:15:00,Saturday,8,1,0,Rainy,18.1,1,5,6.2,1,0.5
2025-01-18 08:30:00,Saturday,8,1,0,Rainy,20.3,1,5,6.74,2,0.5
2025-01-18 08:45:00,Saturday,8,1,0,Rainy,20.1,3,5,5.13,7,8.78
2025-01-18 09:00:00,Saturday,9,1,0,Rainy,18.3,3,5,5.52,7,2.26
2025-01-18 09:15:00,Saturday,9,1,0,Sunny,19.9,0,6,6.1,0,0.5
2025-01-18 09:30:00,Saturday,9,1,0,Rainy,20.7,1,7,5.74,1,0.5
2025-01-18 09:45:00,Saturday,9,1,0,Rainy,18.9,6,6,5.25,10,3.2
2025-01-18 10:00:00,Saturday,10,1,0,Rainy,17.3,4,6,5.33,8,0.5
2025-01-18 10:15:00,Saturday,10,1,0,Rainy,19.2,5,6,6.19,11,2.23
2025-01-18 10:30:00,Saturday,10,1,0,Rainy,20.3,7,6,5.71,8,2.75
2025-01-18 10:45:00,Saturday,10,1,0,Rainy,20.0,5,6,5.59,7,8.54
2025-01-18 11:00:00,Saturday,11,1,0,Rainy,15.1,5,7,4.75,11,2.95
2025-01-18 11:15:00,Saturday,11,1,0,Rainy,18.7,6,7,4.79,14,5.37
2025-01-18 11:30:00,Saturday,11,1,0,Rainy,18.6,3,7,4.22,3,0.5
2025-01-18 11:45:00,Saturday,11,1,0,Rainy,18.8,11,7,6.61,18,13.38
2025-01-18 12:00:00,Saturday,12,1,0,Rainy,17.9,15,7,5.21,29,11.14
2025-01-18 12:15:00,Saturday,12,1,0,Rainy,19.5,10,7,4.38,23,7.42
2025-01-18 12:30:00,Saturday,12,1,0,Rainy,16.3,11,7,5.11,23,1.94
2025-01-18 12:45:00,Saturday,12,1,0,Rainy,19.4,11,7,5.03,21,4.84
2025-01-18 13:00:00,Saturday,13,1,0,Rainy,18.9,7,7,5.06,15,0.5
2025-01-18 13:15:00,Saturday,13,1,0,Rainy,21.2,9,6,6.14,16,13.51
2025-01-18 13:30:00,Saturday,13,1,0,Rainy,20.7,2,7,4.06,7,0.5
2025-01-18 13:45:00,Saturday,13,1,0,Rainy,19.6,6,7,5.46,9,0.5
2025-01-18 14:00:00,Saturday,14,1,0,Rainy,20.1,6,7,6.29,10,4.72
2025-01-18 14:15:00,Saturday,14,1,0,Rainy,19.2,3,6,5.5,8,0.5
2025-01-18 14:30:00,Saturday,14,1,0,Rainy,21.9,5,6,5.44,8,0.66
2025-01-18 14:45:00,Saturday,14,1,0,Rainy,22.9,6,6,5.58,13,3.26
2025-01-18 15:00:00,Saturday,15,1,0,Rainy,17.4,5,7,5.55,11,5.04
2025-01-18 15:15:00,Saturday,15,1,0,Rainy,20.6,4,6,5.6,8,0.5
2025-01-18 15:30:00,Saturday,15,1,0,Cloudy,20.1,13,6,5.54,22,9.14
2025-01-18 15:45:00,Saturday,15,1,0,Rainy,21.8,3,6,7.04,7,1.5
2025-01-18 16:00:00,Saturday,16,1,0,Rainy,21.0,8,6,4.36,18,0.5
2025-01-18 16:15:00,Saturday,16,1,0,Rainy,20.2,8,6,5.22,15,5.97
2025-01-18 16:30:00,Saturday,16,1,0,Rainy,16.2,9,6,6.26,17,10.05
2025-01-18 16:45:00,Saturday,16,1,0,Rainy,19.5,7,6,6.07,10,2.95
2025-01-18 17:00:00,Saturday,17,1,0,Rainy,17.2,13,6,5.0,27,8.61
2025-01-18 17:15:00,Saturday,17,1,0,Rainy,18.1,8,5,5.77,13,11.67
2025-01-18 17:30:00,Saturday,17,1,0,Rainy,18.4,21,6,6.56,39,23.41
2025-01-18 17:45:00,Saturday,17,1,0,Rainy,18.9,10,6,4.48,22,4.88
2025-01-18 18:00:00,Saturday,18,1,0,Rainy,19.4,10,7,5.47,19,3.52
2025-01-18 18:15:00,Saturday,18,1,0,Rainy,18.4,9,6,4.43,15,7.03
2025-01-18 18:30:00,Saturday,18,1,0,Rainy,18.9,7,6,4.74,12,3.27
2025-01-18 18:45:00,Saturday,18,1,0,Rainy,18.8,5,6,5.32,6,3.96
2025-01-18 19:00:00,Saturday,19,1,0,Rainy,17.9,13,6,5.1,27,11.8
2025-01-18 19:15:00,Saturday,19,1,0,Rainy,18.9,13,5,7.11,22,20.61
2025-01-18 19:30:00,Saturday,19,1,0,Rainy,17.3,13,6,6.14,21,8.76
2025-01-18 19:45:00,Saturday,19,1,0,Rainy,17.7,10,6,5.06,19,8.04
2025-01-18 20:00:00,Saturday,20,1,0,Rainy,19.3,11,6,6.4,23,10.54
2025-01-18 20:15:00,Saturday,20,1,0,Rainy,19.1,6,5,5.56,7,5.86
2025-01-18 20:30:00,Saturday,20,1,0,Rainy,19.7,5,5,5.34,12,7.51
2025-01-18 20:45:00,Saturday,20,1,0,Rainy,21.3,10,5,5.36,22,9.48
2025-01-18 21:00:00,Saturday,21,1,0,Rainy,23.6,8,6,4.86,14,4.66
2025-01-18 21:15:00,Saturday,21,1,0,Rainy,19.1,5,6,5.57,14,4.42
2025-01-18 21:30:00,Saturday,21,1,0,Cloudy,18.0,7,5,4.64,14,5.97
2025-01-18 21:45:00,Saturday,21,1,0,Rainy,18.1,4,5,5.96,6,4.6
2025-01-19 08:00:00,Sunday,8,1,0,Sunny,29.9,5,7,5.37,6,0.5
2025-01-19 08:15:00,Sunday,8,1,0,Sunny,34.2,0,6,6.32,0,0.5
2025-01-19 08:30:00,Sunday,8,1,0,Sunny,28.5,2,6,4.23,7,0.5
2025-01-19 08:45:00,Sunday,8,1,0,Sunny,31.8,4,6,5.24,6,0.5
2025-01-19 09:00:00,Sunday,9,1,0,Sunny,32.0,4,7,7.57,9,0.5
2025-01-19 09:15:00,Sunday,9,1,0,Sunny,29.4,4,7,4.0,6,0.5
2025-01-19 09:30:00,Sunday,9,1,0,Sunny,31.6,2,7,5.27,2,0.5
2025-01-19 09:45:00,Sunday,9,1,0,Stormy,32.2,3,6,7.12,8,0.5
2025-01-19 10:00:00,Sunday,10,1,0,Sunny,29.2,3,7,5.24,5,0.5
2025-01-19 10:15:00,Sunday,10,1,0,Sunny,32.8,1,7,5.22,1,0.5
2025-01-19 10:30:00,Sunday,10,1,0,Sunny,31.2,3,7,6.68,10,0.5
2025-01-19 10:45:00,Sunday,10,1,0,Sunny,29.8,10,7,4.87,18,3.94
2025-01-19 11:00:00,Sunday,11,1,0,Sunny,31.4,9,8,6.17,17,0.5
2025-01-19 11:15:00,Sunday,11,1,0,Sunny,31.9,11,8,4.98,22,0.67
2025-01-19 11:30:00,Sunday,11,1,0,Sunny,28.5,12,8,4.03,25,1.02
2025-01-19 11:45:00,Sunday,11,1,0,Sunny,31.7,9,7,5.46,17,1.33
2025-01-19 12:00:00,Sunday,12,1,0,Sunny,30.1,23,8,6.64,41,16.7
2025-01-19 12:15:00,Sunday,12,1,0,Sunny,32.1,18,8,6.01,34,11.53
2025-01-19 12:30:00,Sunday,12,1,0,Sunny,32.1,12,8,3.8,18,0.5
2025-01-19 12:45:00,Sunday,12,1,0,Sunny,30.0,14,9,7.01,23,8.95
2025-01-19 13:00:00,Sunday,13,1,0,Sunny,29.3,9,8,5.26,18,4.39
2025-01-19 13:15:00,Sunday,13,1,0,Rainy,31.8,6,8,5.5,10,0.5
2025-01-19 13:30:00,Sunday,13,1,0,Sunny,31.7,11,8,6.11,20,0.5
2025-01-19 13:45:00,Sunday,13,1,0,Sunny,31.4,11,8,5.03,22,3.64
2025-01-19 14:00:00,Sunday,14,1,0,Sunny,30.6,10,8,5.0,17,0.63
2025-01-19 14:15:00,Sunday,14,1,0,Sunny,28.2,7,7,6.43,7,1.4
2025-01-19 14:30:00,Sunday,14,1,0,Sunny,32.0,6,7,4.97,13,0.5
2025-01-19 14:45:00,Sunday,14,1,0,Sunny,29.0,8,7,6.45,15,3.64
2025-01-19 15:00:00,Sunday,15,1,0,Sunny,30.0,5,7,5.21,6,0.5
2025-01-19 15:15:00,Sunday,15,1,0,Sunny,30.6,7,7,5.6,15,3.14
2025-01-19 15:30:00,Sunday,15,1,0,Sunny,32.6,4,7,5.88,6,0.5
2025-01-19 15:45:00,Sunday,15,1,0,Sunny,31.3,7,7,4.71,12,2.48
2025-01-19 16:00:00,Sunday,16,1,0,Sunny,32.5,14,7,6.12,24,4.78
2025-01-19 16:15:00,Sunday,16,1,0,Sunny,29.5,5,7,5.34,11,0.5
2025-01-19 16:30:00,Sunday,16,1,0,Sunny,30.8,8,8,5.73,13,0.5
2025-01-19 16:45:00,Sunday,16,1,0,Sunny,30.2,6,8,5.71,12,2.75
2025-01-19 17:00:00,Sunday,17,1,0,Sunny,28.6,6,7,7.11,11,3.46
2025-01-19 17:15:00,Sunday,17,1,0,Sunny,33.1,11,7,5.64,19,0.5
2025-01-19 17:30:00,Sunday,17,1,0,Sunny,31.0,14,7,6.19,29,13.32
2025-01-19 17:45:00,Sunday,17,1,0,Sunny,31.8,18,8,6.02,32,11.28
2025-01-19 18:00:00,Sunday,18,1,0,Sunny,30.5,15,7,4.71,27,7.2
2025-01-19 18:15:00,Sunday,18,1,0,Sunny,31.8,18,7,6.11,32,13.93
2025-01-19 18:30:00,Sunday,18,1,0,Sunny,28.9,18,8,4.72,38,13.87
2025-01-19 18:45:00,Sunday,18,1,0,Sunny,33.4,20,7,6.37,35,19.3
2025-01-19 19:00:00,Sunday,19,1,0,Sunny,30.9,15,7,5.62,27,7.22
2025-01-19 19:15:00,Sunday,19,1,0,Sunny,30.9,15,7,5.85,28,9.06
2025-01-19 19:30:00,Sunday,19,1,0,Sunny,29.5,16,7,5.7,26,11.7
2025-01-19 19:45:00,Sunday,19,1,0,Sunny,32.0,12,6,4.52,21,2.32
2025-01-19 20:00:00,Sunday,20,1,0,Sunny,31.5,14,7,5.4,26,10.38
2025-01-19 20:15:00,Sunday,20,1,0,Sunny,33.6,13,5,5.91,23,18.26
2025-01-19 20:30:00,Sunday,20,1,0,Sunny,32.1,8,6,6.1,16,3.97
2025-01-19 20:45:00,Sunday,20,1,0,Rainy,27.7,4,6,4.87,10,1.78
2025-01-19 21:00:00,Sunday,21,1,0,Sunny,32.8,4,5,5.13,9,0.62
2025-01-19 21:15:00,Sunday,21,1,0,Sunny,31.8,12,6,5.94,23,10.35
2025-01-19 21:30:00,Sunday,21,1,0,Sunny,30.8,7,6,5.06,15,0.5
2025-01-19 21:45:00,Sunday,21,1,0,Sunny,31.0,8,6,5.37,17,2.48
2025-01-20 08:00:00,Monday,8,0,0,Cloudy,23.6,3,5,6.15,7,0.5
2025-01-20 08:15:00,Monday,8,0,0,Cloudy,23.0,2,4,5.23,1,0.5
2025-01-20 08:30:00,Monday,8,0,0,Cloudy,25.1,1,4,5.23,1,0.5
2025-01-20 08:45:00,Monday,8,0,0,Cloudy,26.4,3,4,4.95,7,0.5
2025-01-20 09:00:00,Monday,9,0,0,Cloudy,25.4,5,4,4.58,7,0.5
2025-01-20 09:15:00,Monday,9,0,0,Cloudy,23.4,1,5,4.14,6,0.5
2025-01-20 09:30:00,Monday,9,0,0,Cloudy,23.4,1,5,4.83,0,0.5
2025-01-20 09:45:00,Monday,9,0,0,Cloudy,25.8,1,5,7.6,1,0.5
2025-01-20 10:00:00,Monday,10,0,0,Cloudy,25.5,3,5,5.38,4,0.5
2025-01-20 10:15:00,Monday,10,0,0,Cloudy,24.5,3,5,4.18,2,0.5
2025-01-20 10:30:00,Monday,10,0,0,Windy,23.1,9,5,5.11,23,6.64
2025-01-20 10:45:00,Monday,10,0,0,Cloudy,27.0,5,5,5.03,12,3.08
2025-01-20 11:00:00,Monday,11,0,0,Cloudy,22.5,7,6,5.85,16,2.67
2025-01-20 11:15:00,Monday,11,0,0,Cloudy,28.4,6,6,6.37,16,5.54
2025-01-20 11:30:00,Monday,11,0,0,Cloudy,25.1,7,6,5.23,12,0.5
2025-01-20 11:45:00,Monday,11,0,0,Cloudy,24.3,8,6,5.94,17,3.74
2025-01-20 12:00:00,Monday,12,0,0,Cloudy,22.2,7,6,5.24,11,0.5
2025-01-20 12:15:00,Monday,12,0,0,Cloudy,24.4,9,6,3.71,15,1.76
2025-01-20 12:30:00,Monday,12,0,0,Cloudy,26.6,13,7,5.14,31,0.5
2025-01-20 12:45:00,Monday,12,0,0,Cloudy,28.0,8,6,6.3,16,5.5
2025-01-20 13:00:00,Monday,13,0,0,Cloudy,24.8,11,6,7.13,20,7.79
2025-01-20 13:15:00,Monday,13,0,0,Cloudy,26.8,13,5,5.65,25,11.05
2025-01-20 13:30:00,Monday,13,0,0,Cloudy,24.6,5,6,5.03,11,1.48
2025-01-20 13:45:00,Monday,13,0,0,Cloudy,24.3,12,6,6.25,24,11.29
2025-01-20 14:00:00,Monday,14,0,0,Cloudy,25.9,6,6,5.01,15,1.19
2025-01-20 14:15:00,Monday,14,0,0,Cloudy,27.0,6,5,5.13,11,6.63
2025-01-20 14:30:00,Monday,14,0,0,Cloudy,27.2,3,5,4.86,5,0.5
2025-01-20 14:45:00,Monday,14,0,0,Cloudy,23.4,6,5,4.49,13,1.31
2025-01-20 15:00:00,Monday,15,0,0,Cloudy,28.5,3,5,6.61,4,0.5
2025-01-20 15:15:00,Monday,15,0,0,Cloudy,26.2,11,6,4.9,22,4.94
2025-01-20 15:30:00,Monday,15,0,0,Cloudy,23.1,7,5,5.1,12,8.2
2025-01-20 15:45:00,Monday,15,0,0,Cloudy,26.1,7,5,4.82,14,1.52
2025-01-20 16:00:00,Monday,16,0,0,Cloudy,27.5,3,5,5.57,5,0.5
2025-01-20 16:15:00,Monday,16,0,0,Cloudy,27.4,9,5,5.81,19,7.27
2025-01-20 16:30:00,Monday,16,0,0,Cloudy,25.9,7,5,5.71,14,5.79
2025-01-20 16:45:00,Monday,16,0,0,Cloudy,27.7,12,5,5.86,23,9.53
2025-01-20 17:00:00,Monday,17,0,0,Cloudy,24.4,17,5,5.84,34,17.22
2025-01-20 17:15:00,Monday,17,0,0,Cloudy,25.1,17,5,6.01,29,16.76
2025-01-20 17:30:00,Monday,17,0,0,Cloudy,28.1,12,5,5.43,18,8.39
2025-01-20 17:45:00,Monday,17,0,0,Cloudy,25.6,15,4,5.96,28,20.38
2025-01-20 18:00:00,Monday,18,0,0,Cloudy,23.6,8,5,5.76,19,7.57
2025-01-20 18:15:00,Monday,18,0,0,Cloudy,23.6,7,5,4.19,17,3.12
2025-01-20 18:30:00,Monday,18,0,0,Cloudy,24.5,10,5,6.57,20,10.65
2025-01-20 18:45:00,Monday,18,0,0,Cloudy,27.3,20,6,6.91,44,23.32
2025-01-20 19:00:00,Monday,19,0,0,Cloudy,26.4,15,5,6.92,24,15.19
2025-01-20 19:15:00,Monday,19,0,0,Cloudy,24.9,8,5,5.63,13,4.87
2025-01-20 19:30:00,Monday,19,0,0,Cloudy,27.9,10,5,6.14,22,8.22
2025-01-20 19:45:00,Monday,19,0,0,Cloudy,27.1,17,5,5.14,30,13.16
2025-01-20 20:00:00,Monday,20,0,0,Cloudy,24.8,11,5,5.44,23,11.43
2025-01-20 20:15:00,Monday,20,0,0,Cloudy,27.7,11,4,5.7,22,9.75
2025-01-20 20:30:00,Monday,20,0,0,Cloudy,26.8,3,4,5.14,3,1.1
2025-01-20 20:45:00,Monday,20,0,0,Cloudy,24.3,5,4,7.28,13,6.7
2025-01-20 21:00:00,Monday,21,0,0,Cloudy,25.2,6,4,6.17,12,5.98
2025-01-20 21:15:00,Monday,21,0,0,Cloudy,24.8,6,4,6.12,12,5.31
2025-01-20 21:30:00,Monday,21,0,0,Cloudy,23.2,2,4,5.1,3,0.5
2025-01-20 21:45:00,Monday,21,0,0,Cloudy,23.9,4,4,5.51,5,2.66
2025-01-21 08:00:00,Tuesday,8,0,0,Windy,24.1,3,4,5.75,7,0.5
2025-01-21 08:15:00,Tuesday,8,0,0,Windy,20.9,1,5,5.24,0,0.5
2025-01-21 08:30:00,Tuesday,8,0,0,Windy,21.1,0,3,4.71,2,0.5
2025-01-21 08:45:00,Tuesday,8,0,0,Windy,24.4,1,4,6.66,6,0.5
2025-01-21 09:00:00,Tuesday,9,0,0,Windy,24.4,3,5,5.81,4,0.5
2025-01-21 09:15:00,Tuesday,9,0,0,Cloudy,21.8,1,6,5.97,5,0.5
2025-01-21 09:30:00,Tuesday,9,0,0,Windy,24.5,1,5,4.44,3,0.5
2025-01-21 09:45:00,Tuesday,9,0,0,Sunny,25.2,3,5,5.06,5,1.6
2025-01-21 10:00:00,Tuesday,10,0,0,Windy,24.5,2,5,3.5,4,0.5
2025-01-21 10:15:00,Tuesday,10,0,0,Windy,24.1,4,5,5.31,5,3.89
2025-01-21 10:30:00,Tuesday,10,0,0,Windy,24.4,9,5,6.65,13,9.1
2025-01-21 10:45:00,Tuesday,10,0,0,Windy,25.4,5,5,5.77,9,0.5
2025-01-21 11:00:00,Tuesday,11,0,0,Windy,25.9,9,6,4.88,16,0.83
2025-01-21 11:15:00,Tuesday,11,0,0,Windy,23.7,4,5,4.42,5,0.5
2025-01-21 11:30:00,Tuesday,11,0,0,Windy,24.4,8,6,6.37,18,2.9
2025-01-21 11:45:00,Tuesday,11,0,0,Windy,23.5,13,6,4.14,23,9.71
2025-01-21 12:00:00,Tuesday,12,0,0,Windy,23.6,9,6,4.49,18,0.5
2025-01-21 12:15:00,Tuesday,12,0,0,Windy,25.4,7,6,4.86,11,4.48
2025-01-21 12:30:00,Tuesday,12,0,0,Rainy,23.1,13,6,7.12,24,15.81
2025-01-21 12:45:00,Tuesday,12,0,0,Windy,22.3,9,6,5.78,15,3.23
2025-01-21 13:00:00,Tuesday,13,0,0,Cloudy,24.8,7,7,5.54,12,0.5
2025-01-21 13:15:00,Tuesday,13,0,0,Windy,24.0,13,7,5.75,25,7.87
2025-01-21 13:30:00,Tuesday,13,0,0,Windy,24.2,5,6,6.39,13,0.5
2025-01-21 13:45:00,Tuesday,13,0,0,Windy,24.3,7,6,7.25,15,5.06
2025-01-21 14:00:00,Tuesday,14,0,0,Windy,29.1,8,5,5.02,15,1.31
2025-01-21 14:15:00,Tuesday,14,0,0,Windy,26.1,8,5,6.05,18,6.47
2025-01-21 14:30:00,Tuesday,14,0,0,Windy,25.7,4,6,5.04,7,0.5
2025-01-21 14:45:00,Tuesday,14,0,0,Windy,26.8,3,5,4.37,2,0.5
2025-01-21 15:00:00,Tuesday,15,0,0,Windy,25.7,10,5,6.57,17,10.94
2025-01-21 15:15:00,Tuesday,15,0,0,Windy,24.0,2,6,4.96,4,0.5
2025-01-21 15:30:00,Tuesday,15,0,0,Windy,25.1,5,5,5.23,10,5.03
2025-01-21 15:45:00,Tuesday,15,0,0,Windy,28.1,8,5,4.9,13,1.53
2025-01-21 16:00:00,Tuesday,16,0,0,Windy,23.7,2,5,5.76,7,0.5
2025-01-21 16:15:00,Tuesday,16,0,0,Windy,26.5,7,5,5.19,13,3.26
2025-01-21 16:30:00,Tuesday,16,0,0,Windy,25.0,11,5,6.5,22,12.74
2025-01-21 16:45:00,Tuesday,16,0,0,Windy,25.9,9,5,5.91,13,6.05
2025-01-21 17:00:00,Tuesday,17,0,0,Sunny,26.2,8,5,4.22,13,0.85
2025-01-21 17:15:00,Tuesday,17,0,0,Windy,22.2,9,5,5.76,22,6.18
2025-01-21 17:30:00,Tuesday,17,0,0,Windy,24.3,7,5,4.81,16,1.88
2025-01-21 17:45:00,Tuesday,17,0,0,Windy,24.6,15,6,5.88,28,9.72
2025-01-21 18:00:00,Tuesday,18,0,0,Windy,22.4,10,5,5.45,20,9.8
2025-01-21 18:15:00,Tuesday,18,0,0,Windy,25.2,15,5,5.03,33,11.68
2025-01-21 18:30:00,Tuesday,18,0,0,Windy,24.1,15,4,5.7,29,20.18
2025-01-21 18:45:00,Tuesday,18,0,0,Windy,25.8,16,5,6.36,34,20.31
2025-01-21 19:00:00,Tuesday,19,0,0,Windy,25.5,16,5,6.51,28,22.6
2025-01-21 19:15:00,Tuesday,19,0,0,Windy,25.1,11,5,5.24,19,10.29
2025-01-21 19:30:00,Tuesday,19,0,0,Windy,25.4,14,5,7.3,30,18.29
2025-01-21 19:45:00,Tuesday,19,0,0,Windy,26.7,13,5,5.85,28,12.29
2025-01-21 20:00:00,Tuesday,20,0,0,Windy,22.9,16,5,6.42,26,20.96
2025-01-21 20:15:00,Tuesday,20,0,0,Windy,24.1,5,3,5.5,12,2.99
2025-01-21 20:30:00,Tuesday,20,0,0,Windy,24.5,8,4,5.42,18,12.43
2025-01-21 20:45:00,Tuesday,20,0,0,Windy,25.0,7,5,4.57,14,6.99
2025-01-21 21:00:00,Tuesday,21,0,0,Windy,27.8,5,4,5.15,8,3.13
2025-01-21 21:15:00,Tuesday,21,0,0,Windy,24.8,5,4,5.89,9,3.93
2025-01-21 21:30:00,Tuesday,21,0,0,Windy,23.5,5,4,4.18,8,0.5
2025-01-21 21:45:00,Tuesday,21,0,0,Windy,23.1,3,4,5.88,5,3.46
2025-01-22 08:00:00,Wednesday,8,0,0,Cloudy,21.7,1,3,4.34,3,0.5
2025-01-22 08:15:00,Wednesday,8,0,0,Cloudy,22.1,1,4,5.9,3,0.5
2025-01-22 08:30:00,Wednesday,8,0,0,Cloudy,24.2,4,4,5.25,6,5.01
2025-01-22 08:45:00,Wednesday,8,0,0,Cloudy,21.9,3,4,4.56,10,4.09
2025-01-22 09:00:00,Wednesday,9,0,0,Cloudy,21.9,3,6,4.22,6,1.54
2025-01-22 09:15:00,Wednesday,9,0,0,Cloudy,23.0,2,5,5.68,5,0.5
2025-01-22 09:30:00,Wednesday,9,0,0,Cloudy,23.2,2,5,5.41,4,0.5
2025-01-22 09:45:00,Wednesday,9,0,0,Cloudy,22.1,4,5,4.71,5,0.5
2025-01-22 10:00:00,Wednesday,10,0,0,Cloudy,21.8,3,5,6.16,11,1.47
2025-01-22 10:15:00,Wednesday,10,0,0,Cloudy,24.6,3,5,5.31,4,0.5
2025-01-22 10:30:00,Wednesday,10,0,0,Cloudy,23.5,3,5,4.76,6,0.5
2025-01-22 10:45:00,Wednesday,10,0,0,Cloudy,21.0,4,5,5.13,7,0.5
2025-01-22 11:00:00,Wednesday,11,0,0,Cloudy,25.1,4,7,5.9,6,0.5
2025-01-22 11:15:00,Wednesday,11,0,0,Cloudy,25.6,11,6,4.76,18,1.44
2025-01-22 11:30:00,Wednesday,11,0,0,Cloudy,22.3,7,6,5.45,11,5.14
2025-01-22 11:45:00,Wednesday,11,0,0,Cloudy,23.0,10,5,4.28,20,7.78
2025-01-22 12:00:00,Wednesday,12,0,0,Cloudy,23.4,13,6,6.31,27,12.93
2025-01-22 12:15:00,Wednesday,12,0,0,Cloudy,24.0,8,6,4.87,14,0.5
2025-01-22 12:30:00,Wednesday,12,0,0,Cloudy,25.8,10,5,6.65,22,11.12
2025-01-22 12:45:00,Wednesday,12,0,0,Cloudy,23.2,8,6,4.63,13,0.5
2025-01-22 13:00:00,Wednesday,13,0,0,Cloudy,20.5,11,6,5.04,24,6.12
2025-01-22 13:15:00,Wednesday,13,0,0,Cloudy,23.3,11,6,6.42,23,10.65
2025-01-22 13:30:00,Wednesday,13,0,0,Cloudy,22.9,10,7,6.2,14,1.16
2025-01-22 13:45:00,Wednesday,13,0,0,Cloudy,24.1,4,6,5.66,4,0.5
2025-01-22 14:00:00,Wednesday,14,0,0,Cloudy,23.2,4,6,5.49,4,0.5
2025-01-22 14:15:00,Wednesday,14,0,0,Cloudy,25.4,6,4,5.39,9,0.59
2025-01-22 14:30:00,Wednesday,14,0,0,Cloudy,25.7,6,5,6.61,9,6.95
2025-01-22 14:45:00,Wednesday,14,0,0,Cloudy,22.8,4,5,5.47,7,0.5
2025-01-22 15:00:00,Wednesday,15,0,0,Cloudy,24.8,6,5,5.78,10,5.14
2025-01-22 15:15:00,Wednesday,15,0,0,Cloudy,25.7,5,5,6.1,8,1.19
2025-01-22 15:30:00,Wednesday,15,0,0,Cloudy,23.5,3,5,5.85,9,0.5
2025-01-22 15:45:00,Wednesday,15,0,0,Cloudy,25.6,3,6,5.68,8,0.5
2025-01-22 16:00:00,Wednesday,16,0,0,Cloudy,24.2,3,5,5.03,1,0.5
2025-01-22 16:15:00,Wednesday,16,0,0,Cloudy,21.6,3,5,5.31,11,0.5
2025-01-22 16:30:00,Wednesday,16,0,0,Sunny,21.0,5,5,4.34,9,0.5
2025-01-22 16:45:00,Wednesday,16,0,0,Cloudy,22.9,6,5,5.33,14,0.5
2025-01-22 17:00:00,Wednesday,17,0,0,Cloudy,25.6,10,5,5.52,15,8.49
2025-01-22 17:15:00,Wednesday,17,0,0,Cloudy,23.4,9,5,4.98,18,4.19
2025-01-22 17:30:00,Wednesday,17,0,0,Cloudy,22.9,9,5,5.67,15,5.15
2025-01-22 17:45:00,Wednesday,17,0,0,Cloudy,21.9,13,5,5.73,22,13.17
2025-01-22 18:00:00,Wednesday,18,0,0,Cloudy,21.5,22,5,6.24,36,27.19
2025-01-22 18:15:00,Wednesday,18,0,0,Cloudy,23.6,13,5,5.45,29,15.61
2025-01-22 18:30:00,Wednesday,18,0,0,Cloudy,25.2,11,5,4.95,26,3.8
2025-01-22 18:45:00,Wednesday,18,0,0,Cloudy,19.5,16,5,5.26,34,18.09
2025-01-22 19:00:00,Wednesday,19,0,0,Cloudy,23.5,12,5,5.03,23,13.72
2025-01-22 19:15:00,Wednesday,19,0,0,Cloudy,19.9,12,5,5.04,27,11.73
2025-01-22 19:30:00,Wednesday,19,0,0,Cloudy,23.9,9,5,5.37,20,5.49
2025-01-22 19:45:00,Wednesday,19,0,0,Rainy,22.4,5,5,5.93,13,7.32
2025-01-22 20:00:00,Wednesday,20,0,0,Cloudy,24.5,7,5,5.64,10,0.5
2025-01-22 20:15:00,Wednesday,20,0,0,Cloudy,21.8,7,4,4.64,18,5.23
2025-01-22 20:30:00,Wednesday,20,0,0,Cloudy,25.9,3,4,4.45,9,3.63
2025-01-22 20:45:00,Wednesday,20,0,0,Rainy,25.3,3,4,4.38,7,0.5
2025-01-22 21:00:00,Wednesday,21,0,0,Cloudy,22.7,5,3,5.47,10,10.24
2025-01-22 21:15:00,Wednesday,21,0,0,Cloudy,23.4,4,4,4.53,3,0.5
2025-01-22 21:30:00,Wednesday,21,0,0,Cloudy,20.9,8,4,6.68,18,16.15
2025-01-22 21:45:00,Wednesday,21,0,0,Sunny,23.8,8,5,5.24,14,6.22
2025-01-23 08:00:00,Thursday,8,0,0,Cloudy,26.4,0,2,4.77,0,0.5
2025-01-23 08:15:00,Thursday,8,0,0,Cloudy,25.7,1,2,4.83,2,0.5
2025-01-23 08:30:00,Thursday,8,0,0,Cloudy,23.9,1,2,6.68,4,1.91
2025-01-23 08:45:00,Thursday,8,0,0,Cloudy,24.8,0,2,5.31,0,0.5
2025-01-23 09:00:00,Thursday,9,0,0,Rainy,23.1,4,3,6.47,7,4.04
2025-01-23 09:15:00,Thursday,9,0,0,Cloudy,24.2,3,3,5.51,6,0.5
2025-01-23 09:30:00,Thursday,9,0,0,Cloudy,23.1,1,3,4.64,0,0.5
2025-01-23 09:45:00,Thursday,9,0,0,Cloudy,26.1,3,3,4.2,10,5.31
2025-01-23 10:00:00,Thursday,10,0,0,Cloudy,26.4,1,3,5.04,1,0.5
2025-01-23 10:15:00,Thursday,10,0,0,Cloudy,24.1,4,3,5.91,8,5.16
2025-01-23 10:30:00,Thursday,10,0,0,Cloudy,26.5,2,3,4.33,3,0.5
2025-01-23 10:45:00,Thursday,10,0,0,Cloudy,23.8,5,4,4.95,6,5.63
2025-01-23 11:00:00,Thursday,11,0,0,Cloudy,26.9,5,3,6.68,12,6.36
2025-01-23 11:15:00,Thursday,11,0,0,Cloudy,28.3,12,4,5.03,21,11.26
2025-01-23 11:30:00,Thursday,11,0,0,Cloudy,26.8,17,4,5.59,36,26.22
2025-01-23 11:45:00,Thursday,11,0,0,Cloudy,26.9,4,4,5.31,6,4.54
2025-01-23 12:00:00,Thursday,12,0,0,Cloudy,27.3,8,4,5.23,11,8.83
2025-01-23 12:15:00,Thursday,12,0,0,Cloudy,26.6,12,4,7.73,25,22.27
2025-01-23 12:30:00,Thursday,12,0,0,Cloudy,26.8,10,5,5.08,21,4.34
2025-01-23 12:45:00,Thursday,12,0,0,Cloudy,25.0,11,4,5.65,23,12.36
2025-01-23 13:00:00,Thursday,13,0,0,Windy,25.3,11,4,6.7,16,19.18
2025-01-23 13:15:00,Thursday,13,0,0,Cloudy,27.6,11,4,5.12,12,10.65
2025-01-23 13:30:00,Thursday,13,0,0,Cloudy,26.3,11,5,6.41,18,8.5
2025-01-23 13:45:00,Thursday,13,0,0,Cloudy,26.6,7,4,5.25,11,7.09
2025-01-23 14:00:00,Thursday,14,0,0,Cloudy,23.7,3,4,4.54,6,0.5
2025-01-23 14:15:00,Thursday,14,0,0,Cloudy,26.6,8,3,6.95,18,18.9
2025-01-23 14:30:00,Thursday,14,0,0,Cloudy,24.1,5,4,5.58,12,0.91
2025-01-23 14:45:00,Thursday,14,0,0,Sunny,27.1,3,3,6.48,9,5.39
2025-01-23 15:00:00,Thursday,15,0,0,Cloudy,28.5,5,2,5.2,10,10.53
2025-01-23 15:15:00,Thursday,15,0,0,Cloudy,28.6,4,2,4.86,5,11.03
2025-01-23 15:30:00,Thursday,15,0,0,Cloudy,26.6,5,3,5.69,10,7.07
2025-01-23 15:45:00,Thursday,15,0,0,Cloudy,26.8,6,3,5.3,13,3.53
2025-01-23 16:00:00,Thursday,16,0,0,Cloudy,26.2,9,3,7.94,15,22.38
2025-01-23 16:15:00,Thursday,16,0,0,Cloudy,24.8,6,3,5.28,13,8.9
2025-01-23 16:30:00,Thursday,16,0,0,Cloudy,25.5,3,3,4.6,5,3.31
2025-01-23 16:45:00,Thursday,16,0,0,Cloudy,25.1,11,3,6.43,20,21.74
2025-01-23 17:00:00,Thursday,17,0,0,Cloudy,25.2,8,3,6.72,13,14.22
2025-01-23 17:15:00,Thursday,17,0,0,Cloudy,22.4,13,3,6.09,22,27.69
2025-01-23 17:30:00,Thursday,17,0,0,Cloudy,25.7,7,3,5.87,16,11.1
2025-01-23 17:45:00,Thursday,17,0,0,Cloudy,27.2,13,3,6.45,27,29.32
2025-01-23 18:00:00,Thursday,18,0,0,Cloudy,25.5,14,3,7.38,28,30.92
2025-01-23 18:15:00,Thursday,18,0,0,Cloudy,24.5,11,3,6.84,22,22.16
2025-01-23 18:30:00,Thursday,18,0,0,Cloudy,26.0,7,4,4.54,10,3.71
2025-01-23 18:45:00,Thursday,18,0,0,Rainy,26.7,8,3,6.0,20,17.48
2025-01-23 19:00:00,Thursday,19,0,0,Cloudy,22.7,12,2,6.55,28,43.15
2025-01-23 19:15:00,Thursday,19,0,0,Cloudy,26.4,18,3,7.1,39,39.76
2025-01-23 19:30:00,Thursday,19,0,0,Cloudy,24.7,8,3,5.81,15,18.15
2025-01-23 19:45:00,Thursday,19,0,0,Cloudy,25.1,8,4,4.06,13,8.39
2025-01-23 20:00:00,Thursday,20,0,0,Cloudy,21.6,7,3,5.12,10,10.55
2025-01-23 20:15:00,Thursday,20,0,0,Cloudy,26.0,10,2,7.41,16,40.08
2025-01-23 20:30:00,Thursday,20,0,0,Cloudy,22.8,4,1,6.71,6,26.07
2025-01-23 20:45:00,Thursday,20,0,0,Cloudy,26.0,6,2,5.41,15,17.75
2025-01-23 21:00:00,Thursday,21,0,0,Cloudy,24.9,4,2,4.97,13,9.67
2025-01-23 21:15:00,Thursday,21,0,0,Cloudy,22.7,4,2,4.71,11,11.87
2025-01-23 21:30:00,Thursday,21,0,0,Cloudy,27.4,3,2,5.08,10,10.66
2025-01-23 21:45:00,Thursday,21,0,0,Cloudy,23.6,8,3,5.21,16,19.56
2025-01-24 08:00:00,Friday,8,0,0,Sunny,29.9,2,2,4.61,6,9.36
2025-01-24 08:15:00,Friday,8,0,0,Sunny,28.1,4,2,7.27,10,17.44
2025-01-24 08:30:00,Friday,8,0,0,Sunny,29.4,2,2,5.33,7,4.63
2025-01-24 08:45:00,Friday,8,0,0,Sunny,26.1,4,2,5.2,8,5.1
2025-01-24 09:00:00,Friday,9,0,0,Sunny,28.5,2,3,4.95,5,2.6
2025-01-24 09:15:00,Friday,9,0,0,Sunny,28.7,2,3,4.96,0,0.5
2025-01-24 09:30:00,Friday,9,0,0,Sunny,28.2,1,3,3.95,1,0.5
2025-01-24 09:45:00,Friday,9,0,0,Sunny,30.8,2,3,6.95,4,2.66
2025-01-24 10:00:00,Friday,10,0,0,Sunny,28.6,3,3,5.17,6,0.5
2025-01-24 10:15:00,Friday,10,0,0,Sunny,28.9,3,3,5.28,3,6.01
2025-01-24 10:30:00,Friday,10,0,0,Sunny,27.8,5,3,4.95,11,3.4
2025-01-24 10:45:00,Friday,10,0,0,Sunny,30.7,8,3,7.61,12,18.43
2025-01-24 11:00:00,Friday,11,0,0,Sunny,29.8,9,4,5.54,19,9.34
2025-01-24 11:15:00,Friday,11,0,0,Sunny,30.0,6,3,4.06,10,8.75
2025-01-24 11:30:00,Friday,11,0,0,Sunny,30.8,7,4,4.95,11,11.07
2025-01-24 11:45:00,Friday,11,0,0,Sunny,30.8,9,4,5.46,19,8.27
2025-01-24 12:00:00,Friday,12,0,0,Sunny,28.4,10,4,6.61,17,13.96
2025-01-24 12:15:00,Friday,12,0,0,Sunny,28.3,14,4,5.48,23,16.68
2025-01-24 12:30:00,Friday,12,0,0,Sunny,30.2,12,4,5.73,19,14.3
2025-01-24 12:45:00,Friday,12,0,0,Sunny,28.4,5,4,5.35,7,0.5
2025-01-24 13:00:00,Friday,13,0,0,Cloudy,27.8,8,4,5.58,18,8.34
2025-01-24 13:15:00,Friday,13,0,0,Sunny,28.0,6,4,4.21,13,1.91
2025-01-24 13:30:00,Friday,13,0,0,Sunny,29.6,12,4,6.06,23,16.88
2025-01-24 13:45:00,Friday,13,0,0,Sunny,29.8,9,4,6.24,16,9.53
2025-01-24 14:00:00,Friday,14,0,0,Sunny,30.4,9,5,4.79,19,9.78
2025-01-24 14:15:00,Friday,14,0,0,Sunny,29.5,6,3,3.5,19,6.83
2025-01-24 14:30:00,Friday,14,0,0,Sunny,29.2,6,3,4.96,12,10.45
2025-01-24 14:45:00,Friday,14,0,0,Sunny,30.2,5,3,4.93,7,4.28
2025-01-24 15:00:00,Friday,15,0,0,Sunny,29.7,4,3,5.37,10,2.7
2025-01-24 15:15:00,Friday,15,0,0,Sunny,27.9,2,3,6.24,7,2.45
2025-01-24 15:30:00,Friday,15,0,0,Sunny,26.0,3,3,5.87,9,3.0
2025-01-24 15:45:00,Friday,15,0,0,Sunny,31.9,6,3,5.09,10,7.95
2025-01-24 16:00:00,Friday,16,0,0,Cloudy,28.4,4,2,4.24,7,10.31
2025-01-24 16:15:00,Friday,16,0,0,Sunny,28.0,8,3,4.76,11,14.86
2025-01-24 16:30:00,Friday,16,0,0,Sunny,28.9,9,3,6.17,18,18.85
2025-01-24 16:45:00,Friday,16,0,0,Windy,29.8,13,3,6.09,26,29.54
2025-01-24 17:00:00,Friday,17,0,0,Rainy,28.9,6,3,6.04,14,16.23
2025-01-24 17:15:00,Friday,17,0,0,Sunny,29.4,16,3,7.19,38,38.16
2025-01-24 17:30:00,Friday,17,0,0,Sunny,31.0,4,3,6.26,8,8.73
2025-01-24 17:45:00,Friday,17,0,0,Sunny,31.1,16,4,8.29,29,32.87
2025-01-24 18:00:00,Friday,18,0,0,Sunny,28.3,13,3,7.29,27,29.3
2025-01-24 18:15:00,Friday,18,0,0,Sunny,31.0,15,4,6.79,34,25.71
2025-01-24 18:30:00,Friday,18,0,0,Sunny,27.7,10,3,5.66,17,20.29
2025-01-24 18:45:00,Friday,18,0,0,Sunny,31.0,14,3,6.16,28,30.97
2025-01-24 19:00:00,Friday,19,0,0,Sunny,25.9,6,3,4.42,8,5.81
2025-01-24 19:15:00,Friday,19,0,0,Windy,26.7,14,3,6.62,28,34.84
2025-01-24 19:30:00,Friday,19,0,0,Sunny,30.7,14,4,4.22,24,13.32
2025-01-24 19:45:00,Friday,19,0,0,Sunny,30.0,13,3,7.42,25,31.77
2025-01-24 20:00:00,Friday,20,0,0,Rainy,28.7,3,3,6.24,8,7.33
2025-01-24 20:15:00,Friday,20,0,0,Sunny,29.6,12,3,6.84,27,27.62
2025-01-24 20:30:00,Friday,20,0,0,Sunny,29.5,8,2,7.08,11,27.5
2025-01-24 20:45:00,Friday,20,0,0,Sunny,30.2,7,2,6.46,16,23.34
2025-01-24 21:00:00,Friday,21,0,0,Sunny,29.1,9,2,6.28,19,30.66
2025-01-24 21:15:00,Friday,21,0,0,Sunny,28.6,3,3,6.05,5,3.13
2025-01-24 21:30:00,Friday,21,0,0,Sunny,28.7,2,2,5.48,6,4.0
2025-01-24 21:45:00,Friday,21,0,0,Sunny,30.7,2,2,5.03,5,3.74
2025-01-25 08:00:00,Saturday,8,1,0,Sunny,29.7,4,5,5.86,5,0.5
2025-01-25 08:15:00,Saturday,8,1,0,Sunny,29.3,2,4,4.79,6,1.85
2025-01-25 08:30:00,Saturday,8,1,0,Sunny,30.6,5,5,5.94,5,0.5
2025-01-25 08:45:00,Saturday,8,1,0,Sunny,30.5,1,5,5.48,2,0.5
2025-01-25 09:00:00,Saturday,9,1,0,Sunny,32.8,3,6,4.18,10,0.5
2025-01-25 09:15:00,Saturday,9,1,0,Sunny,31.8,0,5,5.84,0,0.5
2025-01-25 09:30:00,Saturday,9,1,0,Sunny,28.7,3,5,5.73,7,4.02
2025-01-25 09:45:00,Saturday,9,1,0,Sunny,29.4,2,5,6.52,0,0.5
2025-01-25 10:00:00,Saturday,10,1,0,Sunny,30.9,6,6,5.38,12,0.5
2025-01-25 10:15:00,Saturday,10,1,0,Sunny,28.5,6,6,5.39,11,6.23
2025-01-25 10:30:00,Saturday,10,1,0,Sunny,30.8,10,5,4.61,12,7.51
2025-01-25 10:45:00,Saturday,10,1,0,Sunny,30.0,9,5,4.87,18,3.37
2025-01-25 11:00:00,Saturday,11,1,0,Sunny,31.4,9,6,5.19,18,7.6
2025-01-25 11:15:00,Saturday,11,1,0,Sunny,31.7,16,6,6.57,33,16.54
2025-01-25 11:30:00,Saturday,11,1,0,Sunny,32.4,14,6,5.45,23,7.18
2025-01-25 11:45:00,Saturday,11,1,0,Sunny,29.0,14,6,4.96,23,9.94
2025-01-25 12:00:00,Saturday,12,1,0,Sunny,30.3,12,7,5.72,20,5.96
2025-01-25 12:15:00,Saturday,12,1,0,Sunny,29.4,19,6,6.1,42,21.58
2025-01-25 12:30:00,Saturday,12,1,0,Sunny,28.3,18,6,5.76,36,22.47
2025-01-25 12:45:00,Saturday,12,1,0,Sunny,32.1,13,6,6.43,17,9.56
2025-01-25 13:00:00,Saturday,13,1,0,Sunny,30.9,13,6,6.5,24,13.46
2025-01-25 13:15:00,Saturday,13,1,0,Sunny,30.0,13,6,4.42,19,7.02
2025-01-25 13:30:00,Saturday,13,1,0,Sunny,30.4,11,6,4.28,21,7.05
2025-01-25 13:45:00,Saturday,13,1,0,Sunny,31.0,17,6,6.72,27,18.66
2025-01-25 14:00:00,Saturday,14,1,0,Sunny,33.1,17,6,5.25,29,11.58
2025-01-25 14:15:00,Saturday,14,1,0,Sunny,31.2,7,5,5.69,15,2.28
2025-01-25 14:30:00,Saturday,14,1,0,Sunny,31.9,10,6,6.18,20,6.95
2025-01-25 14:45:00,Saturday,14,1,0,Sunny,30.2,5,5,6.32,10,6.86
2025-01-25 15:00:00,Saturday,15,1,0,Sunny,32.7,5,5,6.11,13,1.65
2025-01-25 15:15:00,Saturday,15,1,0,Sunny,29.4,8,5,5.61,17,3.78
2025-01-25 15:30:00,Saturday,15,1,0,Sunny,29.3,7,6,5.34,16,1.13
2025-01-25 15:45:00,Saturday,15,1,0,Sunny,31.3,12,5,5.32,22,11.71
2025-01-25 16:00:00,Saturday,16,1,0,Sunny,31.3,9,5,5.98,19,7.42
2025-01-25 16:15:00,Saturday,16,1,0,Sunny,31.6,9,5,5.01,16,6.18
2025-01-25 16:30:00,Saturday,16,1,0,Sunny,28.4,13,5,4.1,28,8.19
2025-01-25 16:45:00,Saturday,16,1,0,Sunny,29.6,11,5,7.04,25,21.73
2025-01-25 17:00:00,Saturday,17,1,0,Sunny,28.3,9,5,5.8,17,2.27
2025-01-25 17:15:00,Saturday,17,1,0,Sunny,30.3,16,5,6.03,30,21.13
2025-01-25 17:30:00,Saturday,17,1,0,Cloudy,28.8,7,6,5.98,15,6.26
2025-01-25 17:45:00,Saturday,17,1,0,Cloudy,27.1,12,5,6.77,25,16.31
2025-01-25 18:00:00,Saturday,18,1,0,Rainy,30.3,17,5,6.8,33,25.19
2025-01-25 18:15:00,Saturday,18,1,0,Sunny,29.7,18,5,5.96,30,20.33
2025-01-25 18:30:00,Saturday,18,1,0,Sunny,29.5,17,5,5.72,29,20.82
2025-01-25 18:45:00,Saturday,18,1,0,Sunny,30.1,16,5,5.42,25,18.85
2025-01-25 19:00:00,Saturday,19,1,0,Sunny,29.5,16,5,6.2,33,20.12
2025-01-25 19:15:00,Saturday,19,1,0,Sunny,30.4,23,5,5.18,47,27.97
2025-01-25 19:30:00,Saturday,19,1,0,Sunny,30.0,16,5,6.75,27,17.14
2025-01-25 19:45:00,Saturday,19,1,0,Sunny,31.0,20,5,5.76,41,21.7
2025-01-25 20:00:00,Saturday,20,1,0,Sunny,32.3,8,5,5.9,14,6.92
2025-01-25 20:15:00,Saturday,20,1,0,Sunny,29.1,10,5,5.09,18,8.43
2025-01-25 20:30:00,Saturday,20,1,0,Sunny,31.3,13,4,5.81,26,18.22
2025-01-25 20:45:00,Saturday,20,1,0,Sunny,29.6,12,4,5.67,24,17.51
2025-01-25 21:00:00,Saturday,21,1,0,Sunny,28.9,4,4,5.58,9,5.77
2025-01-25 21:15:00,Saturday,21,1,0,Sunny,32.0,9,3,7.72,16,25.8
2025-01-25 21:30:00,Saturday,21,1,0,Sunny,31.5,10,4,5.89,20,17.16
2025-01-25 21:45:00,Saturday,21,1,0,Sunny,29.2,0,4,3.77,0,0.5
2025-01-26 08:00:00,Sunday,8,1,0,Sunny,27.1,1,5,6.31,1,0.5
2025-01-26 08:15:00,Sunday,8,1,0,Sunny,26.9,1,4,6.27,3,0.5
2025-01-26 08:30:00,Sunday,8,1,0,Windy,27.0,2,6,6.39,5,0.5
2025-01-26 08:45:00,Sunday,8,1,0,Sunny,27.7,3,4,7.25,7,4.77
2025-01-26 09:00:00,Sunday,9,1,0,Sunny,28.3,3,6,4.68,6,0.5
2025-01-26 09:15:00,Sunday,9,1,0,Sunny,27.6,4,5,6.27,7,2.26
2025-01-26 09:30:00,Sunday,9,1,0,Sunny,29.3,5,7,5.56,9,3.04
2025-01-26 09:45:00,Sunday,9,1,0,Sunny,26.5,4,5,5.81,8,0.5
2025-01-26 10:00:00,Sunday,10,1,0,Sunny,29.1,4,7,5.83,5,0.5
2025-01-26 10:15:00,Sunday,10,1,0,Sunny,28.4,5,6,4.88,13,0.5
2025-01-26 10:30:00,Sunday,10,1,0,Sunny,29.2,5,6,4.86,9,0.5
2025-01-26 10:45:00,Sunday,10,1,0,Sunny,27.8,3,6,4.84,8,0.5
2025-01-26 11:00:00,Sunday,11,1,0,Sunny,27.8,8,7,5.24,14,0.5
2025-01-26 11:15:00,Sunday,11,1,0,Rainy,26.1,3,7,6.02,3,0.5
2025-01-26 11:30:00,Sunday,11,1,0,Sunny,27.7,16,7,7.03,27,10.71
2025-01-26 11:45:00,Sunday,11,1,0,Sunny,28.2,12,7,5.41,15,2.6
2025-01-26 12:00:00,Sunday,12,1,0,Sunny,28.6,15,8,4.62,29,5.8
2025-01-26 12:15:00,Sunday,12,1,0,Sunny,27.1,14,6,5.09,28,11.8
2025-01-26 12:30:00,Sunday,12,1,0,Sunny,28.4,15,7,3.92,31,4.79
2025-01-26 12:45:00,Sunday,12,1,0,Sunny,29.3,17,7,6.57,30,13.62
2025-01-26 13:00:00,Sunday,13,1,0,Sunny,29.0,9,7,5.25,15,5.7
2025-01-26 13:15:00,Sunday,13,1,0,Sunny,28.4,11,6,4.57,18,5.99
2025-01-26 13:30:00,Sunday,13,1,0,Sunny,24.4,17,6,5.7,36,13.76
2025-01-26 13:45:00,Sunday,13,1,0,Sunny,30.6,6,8,5.18,14,0.5
2025-01-26 14:00:00,Sunday,14,1,0,Sunny,27.9,6,6,5.58,11,1.76
2025-01-26 14:15:00,Sunday,14,1,0,Sunny,30.3,8,6,6.48,17,8.53
2025-01-26 14:30:00,Sunday,14,1,0,Sunny,29.4,8,6,5.01,15,4.92
2025-01-26 14:45:00,Sunday,14,1,0,Sunny,29.8,2,6,4.58,7,0.5
2025-01-26 15:00:00,Sunday,15,1,0,Sunny,28.1,5,6,5.38,13,0.5
2025-01-26 15:15:00,Sunday,15,1,0,Sunny,27.2,5,6,4.8,7,3.59
2025-01-26 15:30:00,Sunday,15,1,0,Sunny,31.4,9,6,7.17,19,15.39
2025-01-26 15:45:00,Sunday,15,1,0,Sunny,31.9,3,6,6.1,6,0.5
2025-01-26 16:00:00,Sunday,16,1,0,Sunny,28.9,14,6,5.81,33,10.87
2025-01-26 16:15:00,Sunday,16,1,0,Sunny,27.3,6,6,4.13,13,0.71
2025-01-26 16:30:00,Sunday,16,1,0,Sunny,30.6,14,6,6.12,25,9.52
2025-01-26 16:45:00,Sunday,16,1,0,Sunny,27.1,11,6,5.64,25,8.1
2025-01-26 17:00:00,Sunday,17,1,0,Sunny,28.7,15,6,5.04,28,14.79
2025-01-26 17:15:00,Sunday,17,1,0,Sunny,31.0,10,5,5.41,18,8.66
2025-01-26 17:30:00,Sunday,17,1,0,Sunny,28.4,9,6,6.68,18,8.75
2025-01-26 17:45:00,Sunday,17,1,0,Sunny,25.1,18,6,7.02,32,22.09
2025-01-26 18:00:00,Sunday,18,1,0,Sunny,29.7,15,5,5.69,27,17.62
2025-01-26 18:15:00,Sunday,18,1,0,Sunny,29.8,11,6,6.14,21,8.59
2025-01-26 18:30:00,Sunday,18,1,0,Stormy,29.0,17,6,6.71,29,21.2
2025-01-26 18:45:00,Sunday,18,1,0,Sunny,25.4,20,7,5.85,41,17.71
2025-01-26 19:00:00,Sunday,19,1,0,Sunny,29.0,14,6,7.12,30,15.35
2025-01-26 19:15:00,Sunday,19,1,0,Sunny,26.5,15,6,6.64,27,19.08
2025-01-26 19:30:00,Sunday,19,1,0,Sunny,28.0,15,6,6.38,28,15.76
2025-01-26 19:45:00,Sunday,19,1,0,Sunny,28.1,20,7,5.01,34,16.94
2025-01-26 20:00:00,Sunday,20,1,0,Sunny,29.1,4,6,4.8,5,0.5
2025-01-26 20:15:00,Sunday,20,1,0,Sunny,25.9,8,5,6.08,12,6.74
2025-01-26 20:30:00,Sunday,20,1,0,Sunny,27.5,17,6,5.65,34,17.69
2025-01-26 20:45:00,Sunday,20,1,0,Sunny,27.5,7,4,4.96,10,2.85
2025-01-26 21:00:00,Sunday,21,1,0,Sunny,28.6,8,4,3.4,17,6.69
2025-01-26 21:15:00,Sunday,21,1,0,Sunny,27.0,8,5,5.03,14,10.66
2025-01-26 21:30:00,Sunday,21,1,0,Sunny,26.8,10,5,5.09,19,9.12
2025-01-26 21:45:00,Sunday,21,1,0,Sunny,26.4,5,5,4.54,7,0.5
2025-01-27 08:00:00,Monday,8,0,0,Cloudy,24.7,1,3,6.0,2,0.5
2025-01-27 08:15:00,Monday,8,0,0,Cloudy,23.7,3,3,4.95,5,5.42
2025-01-27 08:30:00,Monday,8,0,0,Cloudy,24.6,1,3,5.94,3,0.5
2025-01-27 08:45:00,Monday,8,0,0,Rainy,25.0,3,2,4.73,7,7.67
2025-01-27 09:00:00,Monday,9,0,0,Cloudy,22.6,0,4,6.32,0,0.5
2025-01-27 09:15:00,Monday,9,0,0,Cloudy,23.7,1,4,6.62,0,0.5
2025-01-27 09:30:00,Monday,9,0,0,Sunny,24.3,1,4,5.62,1,0.5
2025-01-27 09:45:00,Monday,9,0,0,Cloudy,26.1,4,4,4.72,10,0.5
2025-01-27 10:00:00,Monday,10,0,0,Cloudy,24.6,0,4,4.72,0,0.5
2025-01-27 10:15:00,Monday,10,0,0,Sunny,25.6,0,5,6.88,2,0.5
2025-01-27 10:30:00,Monday,10,0,0,Cloudy,26.5,5,4,5.96,9,4.4
2025-01-27 10:45:00,Monday,10,0,0,Cloudy,25.4,9,4,5.79,16,10.84
2025-01-27 11:00:00,Monday,11,0,0,Cloudy,25.6,10,6,4.71,16,2.48
2025-01-27 11:15:00,Monday,11,0,0,Cloudy,25.8,7,5,6.32,13,6.57
2025-01-27 11:30:00,Monday,11,0,0,Cloudy,23.5,8,5,5.87,18,7.16
2025-01-27 11:45:00,Monday,11,0,0,Rainy,26.4,3,4,7.2,8,3.6
2025-01-27 12:00:00,Monday,12,0,0,Cloudy,26.3,10,5,4.93,23,5.33
2025-01-27 12:15:00,Monday,12,0,0,Cloudy,24.6,9,6,5.37,17,2.85
2025-01-27 12:30:00,Monday,12,0,0,Sunny,21.8,13,5,5.87,26,14.13
2025-01-27 12:45:00,Monday,12,0,0,Cloudy,23.2,7,5,4.11,13,1.67
2025-01-27 13:00:00,Monday,13,0,0,Cloudy,27.1,11,5,4.64,21,9.65
2025-01-27 13:15:00,Monday,13,0,0,Cloudy,24.3,6,5,5.97,14,1.35
2025-01-27 13:30:00,Monday,13,0,0,Cloudy,24.1,7,4,4.64,11,4.48
2025-01-27 13:45:00,Monday,13,0,0,Cloudy,26.2,2,5,6.06,9,0.5
2025-01-27 14:00:00,Monday,14,0,0,Cloudy,25.6,9,5,5.33,22,5.58
2025-01-27 14:15:00,Monday,14,0,0,Cloudy,24.8,2,4,5.33,7,0.5
2025-01-27 14:30:00,Monday,14,0,0,Cloudy,28.7,6,4,4.4,13,4.48
2025-01-27 14:45:00,Monday,14,0,0,Cloudy,26.1,6,4,5.1,11,1.4
2025-01-27 15:00:00,Monday,15,0,0,Cloudy,24.9,5,4,5.5,9,3.82
2025-01-27 15:15:00,Monday,15,0,0,Cloudy,27.4,7,4,5.58,15,5.24
2025-01-27 15:30:00,Monday,15,0,0,Cloudy,24.4,1,3,6.56,4,2.73
2025-01-27 15:45:00,Monday,15,0,0,Cloudy,23.3,6,4,5.03,14,2.27
2025-01-27 16:00:00,Monday,16,0,0,Cloudy,24.2,3,5,5.07,1,0.5
2025-01-27 16:15:00,Monday,16,0,0,Cloudy,24.2,6,4,5.21,9,2.71
2025-01-27 16:30:00,Monday,16,0,0,Cloudy,23.6,4,4,5.82,7,2.84
2025-01-27 16:45:00,Monday,16,0,0,Cloudy,27.0,13,4,6.96,25,24.01
2025-01-27 17:00:00,Monday,17,0,0,Cloudy,25.0,10,5,5.98,20,9.38
2025-01-27 17:15:00,Monday,17,0,0,Cloudy,25.9,10,4,6.25,21,12.85
2025-01-27 17:30:00,Monday,17,0,0,Cloudy,26.1,11,4,6.66,25,17.42
2025-01-27 17:45:00,Monday,17,0,0,Cloudy,22.5,14,5,5.65,25,12.04
2025-01-27 18:00:00,Monday,18,0,0,Rainy,25.7,11,5,6.38,17,14.91
2025-01-27 18:15:00,Monday,18,0,0,Sunny,23.4,13,4,5.22,29,14.43
2025-01-27 18:30:00,Monday,18,0,0,Cloudy,27.6,15,5,5.51,25,9.47
2025-01-27 18:45:00,Monday,18,0,0,Cloudy,24.1,13,4,5.44,22,15.72
2025-01-27 19:00:00,Monday,19,0,0,Cloudy,26.5,12,4,5.36,24,13.21
2025-01-27 19:15:00,Monday,19,0,0,Cloudy,24.3,3,4,6.19,5,0.5
2025-01-27 19:30:00,Monday,19,0,0,Sunny,26.1,11,4,4.61,21,15.69
2025-01-27 19:45:00,Monday,19,0,0,Cloudy,27.9,5,4,5.29,9,3.63
2025-01-27 20:00:00,Monday,20,0,0,Cloudy,22.8,12,4,5.45,20,18.51
2025-01-27 20:15:00,Monday,20,0,0,Cloudy,23.3,5,2,6.8,13,17.44
2025-01-27 20:30:00,Monday,20,0,0,Cloudy,24.4,12,3,7.74,27,32.38
2025-01-27 20:45:00,Monday,20,0,0,Cloudy,25.4,2,2,6.28,5,7.64
2025-01-27 21:00:00,Monday,21,0,0,Cloudy,22.1,11,3,6.64,24,23.15
2025-01-27 21:15:00,Monday,21,0,0,Cloudy,25.2,4,2,5.57,8,4.56
2025-01-27 21:30:00,Monday,21,0,0,Cloudy,25.3,4,3,5.83,8,3.82
2025-01-27 21:45:00,Monday,21,0,0,Cloudy,22.1,5,3,4.66,10,7.26
2025-01-28 08:00:00,Tuesday,8,0,0,Sunny,28.2,1,3,5.43,2,1.78
2025-01-28 08:15:00,Tuesday,8,0,0,Sunny,27.0,0,3,5.23,0,0.5
2025-01-28 08:30:00,Tuesday,8,0,0,Sunny,26.6,1,3,4.93,2,0.5
2025-01-28 08:45:00,Tuesday,8,0,0,Sunny,29.1,1,2,5.03,0,0.5
2025-01-28 09:00:00,Tuesday,9,0,0,Sunny,27.4,1,4,6.3,0,0.7
2025-01-28 09:15:00,Tuesday,9,0,0,Sunny,29.0,2,5,6.3,3,0.5
2025-01-28 09:30:00,Tuesday,9,0,0,Sunny,30.0,3,4,4.75,4,2.81
2025-01-28 09:45:00,Tuesday,9,0,0,Sunny,27.0,4,4,5.26,12,0.5
2025-01-28 10:00:00,Tuesday,10,0,0,Sunny,28.0,4,4,6.49,13,4.35
2025-01-28 10:15:00,Tuesday,10,0,0,Sunny,26.5,3,4,6.24,4,0.5
2025-01-28 10:30:00,Tuesday,10,0,0,Sunny,28.3,6,4,6.72,11,9.12
2025-01-28 10:45:00,Tuesday,10,0,0,Sunny,27.4,2,4,4.91,6,0.5
2025-01-28 11:00:00,Tuesday,11,0,0,Sunny,26.6,4,5,4.61,9,0.5
2025-01-28 11:15:00,Tuesday,11,0,0,Sunny,26.9,2,5,6.23,0,0.5
2025-01-28 11:30:00,Tuesday,11,0,0,Sunny,31.1,8,5,5.22,16,3.85
2025-01-28 11:45:00,Tuesday,11,0,0,Sunny,28.3,9,5,5.29,11,1.99
2025-01-28 12:00:00,Tuesday,12,0,0,Sunny,29.8,16,5,5.61,28,19.67
2025-01-28 12:15:00,Tuesday,12,0,0,Sunny,30.4,15,5,6.01,28,11.59
2025-01-28 12:30:00,Tuesday,12,0,0,Sunny,26.1,17,5,7.94,37,28.7
2025-01-28 12:45:00,Tuesday,12,0,0,Sunny,28.7,9,5,2.54,14,0.5
2025-01-28 13:00:00,Tuesday,13,0,0,Sunny,27.6,8,5,4.8,17,1.42
2025-01-28 13:15:00,Tuesday,13,0,0,Sunny,30.1,9,5,5.7,12,4.47
2025-01-28 13:30:00,Tuesday,13,0,0,Sunny,27.9,8,6,5.54,13,1.13
2025-01-28 13:45:00,Tuesday,13,0,0,Sunny,27.7,4,6,4.58,10,0.5
2025-01-28 14:00:00,Tuesday,14,0,0,Sunny,30.2,6,5,6.74,14,4.54
2025-01-28 14:15:00,Tuesday,14,0,0,Sunny,29.1,6,5,5.13,14,0.5
2025-01-28 14:30:00,Tuesday,14,0,0,Sunny,26.9,9,4,5.53,12,8.8
2025-01-28 14:45:00,Tuesday,14,0,0,Sunny,29.6,2,4,5.66,3,0.5
2025-01-28 15:00:00,Tuesday,15,0,0,Sunny,30.3,9,4,5.39,17,9.79
2025-01-28 15:15:00,Tuesday,15,0,0,Sunny,26.9,4,4,6.59,4,3.17
2025-01-28 15:30:00,Tuesday,15,0,0,Sunny,30.1,4,5,5.97,10,0.5
2025-01-28 15:45:00,Tuesday,15,0,0,Sunny,28.1,4,3,6.3,13,7.35
2025-01-28 16:00:00,Tuesday,16,0,0,Sunny,28.7,7,4,5.18,13,3.81
2025-01-28 16:15:00,Tuesday,16,0,0,Sunny,29.8,14,4,7.48,29,22.47
2025-01-28 16:30:00,Tuesday,16,0,0,Sunny,31.4,7,4,6.85,13,10.62
2025-01-28 16:45:00,Tuesday,16,0,0,Sunny,25.2,10,4,5.45,18,12.37
2025-01-28 17:00:00,Tuesday,17,0,0,Sunny,29.8,12,4,5.81,24,13.26
2025-01-28 17:15:00,Tuesday,17,0,0,Sunny,28.5,11,3,5.89,27,19.87
2025-01-28 17:30:00,Tuesday,17,0,0,Sunny,27.7,15,5,6.93,33,15.89
2025-01-28 17:45:00,Tuesday,17,0,0,Sunny,30.5,13,4,4.09,27,11.89
2025-01-28 18:00:00,Tuesday,18,0,0,Sunny,30.1,11,4,6.32,20,13.49
2025-01-28 18:15:00,Tuesday,18,0,0,Sunny,27.4,14,4,6.19,25,16.98
2025-01-28 18:30:00,Tuesday,18,0,0,Sunny,27.5,6,3,4.87,11,10.07
2025-01-28 18:45:00,Tuesday,18,0,0,Sunny,30.1,14,4,5.09,23,14.54
2025-01-28 19:00:00,Tuesday,19,0,0,Sunny,28.4,8,4,6.12,15,12.01
2025-01-28 19:15:00,Tuesday,19,0,0,Sunny,28.4,12,4,6.12,23,14.31
2025-01-28 19:30:00,Tuesday,19,0,0,Sunny,28.8,13,4,5.78,27,14.88
2025-01-28 19:45:00,Tuesday,19,0,0,Sunny,28.3,8,3,5.95,15,16.03
2025-01-28 20:00:00,Tuesday,20,0,0,Sunny,29.9,9,4,4.72,19,4.99
2025-01-28 20:15:00,Tuesday,20,0,0,Sunny,26.7,8,3,4.71,14,9.08
2025-01-28 20:30:00,Tuesday,20,0,0,Sunny,30.1,7,3,5.41,17,12.45
2025-01-28 20:45:00,Tuesday,20,0,0,Sunny,31.3,1,3,6.02,4,0.5
2025-01-28 21:00:00,Tuesday,21,0,0,Sunny,29.0,6,2,7.17,11,20.97
2025-01-28 21:15:00,Tuesday,21,0,0,Sunny,25.8,7,3,6.27,10,9.99
2025-01-28 21:30:00,Tuesday,21,0,0,Sunny,24.9,5,3,5.34,8,6.68
2025-01-28 21:45:00,Tuesday,21,0,0,Sunny,25.3,4,3,6.53,8,8.97
2025-01-29 08:00:00,Wednesday,8,0,0,Stormy,21.6,1,5,6.18,5,1.36
2025-01-29 08:15:00,Wednesday,8,0,0,Stormy,16.3,0,5,7.63,2,0.5
2025-01-29 08:30:00,Wednesday,8,0,0,Cloudy,17.5,3,4,5.7,3,6.08
2025-01-29 08:45:00,Wednesday,8,0,0,Stormy,20.1,0,5,7.43,2,0.5
2025-01-29 09:00:00,Wednesday,9,0,0,Sunny,19.4,1,5,5.36,3,0.5
2025-01-29 09:15:00,Wednesday,9,0,0,Stormy,19.7,4,5,5.84,8,3.62
2025-01-29 09:30:00,Wednesday,9,0,0,Stormy,17.4,2,6,4.42,4,0.5
2025-01-29 09:45:00,Wednesday,9,0,0,Stormy,18.9,2,5,7.02,3,0.5
2025-01-29 10:00:00,Wednesday,10,0,0,Stormy,20.7,4,5,6.57,9,0.5
2025-01-29 10:15:00,Wednesday,10,0,0,Stormy,21.7,0,5,7.14,0,0.5
2025-01-29 10:30:00,Wednesday,10,0,0,Stormy,19.1,2,5,6.79,4,0.5
2025-01-29 10:45:00,Wednesday,10,0,0,Stormy,21.4,4,6,5.32,11,0.5
2025-01-29 11:00:00,Wednesday,11,0,0,Stormy,20.6,4,6,6.75,7,5.25
2025-01-29 11:15:00,Wednesday,11,0,0,Stormy,18.1,6,6,4.8,11,1.31
2025-01-29 11:30:00,Wednesday,11,0,0,Stormy,19.0,4,6,6.47,6,0.52
2025-01-29 11:45:00,Wednesday,11,0,0,Stormy,22.5,6,6,6.73,13,1.92
2025-01-29 12:00:00,Wednesday,12,0,0,Stormy,15.8,6,7,6.04,6,0.5
2025-01-29 12:15:00,Wednesday,12,0,0,Stormy,19.4,9,7,5.78,20,0.5
2025-01-29 12:30:00,Wednesday,12,0,0,Stormy,19.8,8,7,7.24,18,2.51
2025-01-29 12:45:00,Wednesday,12,0,0,Stormy,19.1,4,7,6.4,5,0.5
2025-01-29 13:00:00,Wednesday,13,0,0,Sunny,20.4,8,6,6.13,13,3.94
2025-01-29 13:15:00,Wednesday,13,0,0,Stormy,19.8,9,6,5.21,25,8.57
2025-01-29 13:30:00,Wednesday,13,0,0,Sunny,20.2,7,6,4.72,17,0.5
2025-01-29 13:45:00,Wednesday,13,0,0,Stormy,20.8,4,6,6.23,5,1.64
2025-01-29 14:00:00,Wednesday,14,0,0,Stormy,20.9,10,6,5.72,18,7.33
2025-01-29 14:15:00,Wednesday,14,0,0,Stormy,17.7,1,5,6.7,1,0.5
2025-01-29 14:30:00,Wednesday,14,0,0,Stormy,20.8,5,5,6.29,10,4.64
2025-01-29 14:45:00,Wednesday,14,0,0,Stormy,19.2,4,4,7.15,10,7.48
2025-01-29 15:00:00,Wednesday,15,0,0,Rainy,18.2,8,5,5.92,13,5.58
2025-01-29 15:15:00,Wednesday,15,0,0,Stormy,22.8,3,5,5.52,6,0.5
2025-01-29 15:30:00,Wednesday,15,0,0,Stormy,21.2,2,5,8.14,4,1.0
2025-01-29 15:45:00,Wednesday,15,0,0,Stormy,18.4,1,5,8.85,2,0.5
2025-01-29 16:00:00,Wednesday,16,0,0,Stormy,18.8,4,5,7.54,7,2.91
2025-01-29 16:15:00,Wednesday,16,0,0,Stormy,21.6,5,5,6.54,9,6.42
2025-01-29 16:30:00,Wednesday,16,0,0,Stormy,20.0,6,5,5.15,12,4.53
2025-01-29 16:45:00,Wednesday,16,0,0,Stormy,19.2,12,6,6.38,16,11.45
2025-01-29 17:00:00,Wednesday,17,0,0,Sunny,21.3,6,5,6.08,8,0.5
2025-01-29 17:15:00,Wednesday,17,0,0,Stormy,24.3,9,5,5.1,23,10.24
2025-01-29 17:30:00,Wednesday,17,0,0,Stormy,19.0,10,5,5.03,17,10.15
2025-01-29 17:45:00,Wednesday,17,0,0,Sunny,17.3,19,5,5.6,38,20.25
2025-01-29 18:00:00,Wednesday,18,0,0,Stormy,18.6,10,5,5.34,11,8.03
2025-01-29 18:15:00,Wednesday,18,0,0,Stormy,23.4,11,5,5.88,23,16.15
2025-01-29 18:30:00,Wednesday,18,0,0,Cloudy,19.1,13,5,5.41,21,9.23
2025-01-29 18:45:00,Wednesday,18,0,0,Stormy,21.1,16,5,5.25,34,16.1
2025-01-29 19:00:00,Wednesday,19,0,0,Stormy,21.3,7,5,5.32,9,5.95
2025-01-29 19:15:00,Wednesday,19,0,0,Stormy,20.4,13,5,6.37,30,15.88
2025-01-29 19:30:00,Wednesday,19,0,0,Stormy,19.0,9,5,5.74,10,7.82
2025-01-29 19:45:00,Wednesday,19,0,0,Stormy,22.7,4,6,5.52,9,0.5
2025-01-29 20:00:00,Wednesday,20,0,0,Stormy,17.7,11,5,5.87,23,12.16
2025-01-29 20:15:00,Wednesday,20,0,0,Sunny,17.4,10,4,5.2,16,9.35
2025-01-29 20:30:00,Wednesday,20,0,0,Stormy,17.3,7,4,7.74,11,14.4
2025-01-29 20:45:00,Wednesday,20,0,0,Stormy,22.0,7,4,5.63,8,7.39
2025-01-29 21:00:00,Wednesday,21,0,0,Stormy,19.7,4,5,6.01,7,3.01
2025-01-29 21:15:00,Wednesday,21,0,0,Stormy,19.7,3,3,6.75,4,5.29
2025-01-29 21:30:00,Wednesday,21,0,0,Stormy,17.5,2,3,6.35,4,4.13
2025-01-29 21:45:00,Wednesday,21,0,0,Stormy,20.5,0,4,7.68,3,0.5
2025-01-30 08:00:00,Thursday,8,0,0,Sunny,31.2,3,3,5.42,7,2.77
2025-01-30 08:15:00,Thursday,8,0,0,Rainy,31.3,2,2,4.84,4,0.5
2025-01-30 08:30:00,Thursday,8,0,0,Sunny,29.9,1,2,4.55,1,0.5
2025-01-30 08:45:00,Thursday,8,0,0,Sunny,30.3,3,2,5.57,6,7.59
2025-01-30 09:00:00,Thursday,9,0,0,Sunny,29.1,2,3,6.49,6,0.5
2025-01-30 09:15:00,Thursday,9,0,0,Sunny,30.3,2,3,5.16,0,0.5
2025-01-30 09:30:00,Thursday,9,0,0,Sunny,30.8,3,3,4.54,7,6.48
2025-01-30 09:45:00,Thursday,9,0,0,Sunny,28.6,1,3,6.72,1,0.5
2025-01-30 10:00:00,Thursday,10,0,0,Sunny,31.3,7,2,7.16,17,25.26
2025-01-30 10:15:00,Thursday,10,0,0,Sunny,32.7,5,3,3.9,10,8.56
2025-01-30 10:30:00,Thursday,10,0,0,Sunny,29.5,8,4,4.4,18,0.5
2025-01-30 10:45:00,Thursday,10,0,0,Sunny,28.9,10,3,6.23,16,22.08
2025-01-30 11:00:00,Thursday,11,0,0,Sunny,30.5,9,4,6.61,17,10.97
2025-01-30 11:15:00,Thursday,11,0,0,Sunny,29.4,9,3,6.35,14,17.89
2025-01-30 11:30:00,Thursday,11,0,0,Sunny,28.5,6,3,4.97,10,10.95
2025-01-30 11:45:00,Thursday,11,0,0,Sunny,32.8,13,4,6.55,27,23.18
2025-01-30 12:00:00,Thursday,12,0,0,Stormy,32.1,6,4,5.83,9,6.93
2025-01-30 12:15:00,Thursday,12,0,0,Sunny,30.3,13,4,5.49,23,18.41
2025-01-30 12:30:00,Thursday,12,0,0,Sunny,27.4,11,4,7.06,18,19.95
2025-01-30 12:45:00,Thursday,12,0,0,Sunny,30.1,14,4,6.86,27,23.65
2025-01-30 13:00:00,Thursday,13,0,0,Sunny,31.8,7,4,6.12,12,3.23
2025-01-30 13:15:00,Thursday,13,0,0,Sunny,29.9,9,4,5.27,15,10.97
2025-01-30 13:30:00,Thursday,13,0,0,Sunny,29.5,6,4,6.36,10,6.01
2025-01-30 13:45:00,Thursday,13,0,0,Sunny,32.7,7,4,5.83,11,4.65
2025-01-30 14:00:00,Thursday,14,0,0,Sunny,29.3,5,4,3.9,6,0.5
2025-01-30 14:15:00,Thursday,14,0,0,Sunny,30.7,5,3,6.82,10,9.2
2025-01-30 14:30:00,Thursday,14,0,0,Sunny,29.3,6,3,5.51,13,10.85
2025-01-30 14:45:00,Thursday,14,0,0,Sunny,31.7,6,3,3.62,11,3.7
2025-01-30 15:00:00,Thursday,15,0,0,Sunny,31.2,6,4,4.67,12,2.01
2025-01-30 15:15:00,Thursday,15,0,0,Sunny,29.9,6,3,5.12,12,9.8
2025-01-30 15:30:00,Thursday,15,0,0,Sunny,30.4,1,3,6.26,2,0.5
2025-01-30 15:45:00,Thursday,15,0,0,Sunny,29.3,5,3,4.73,10,3.66
2025-01-30 16:00:00,Thursday,16,0,0,Sunny,30.9,7,3,4.94,14,8.37
2025-01-30 16:15:00,Thursday,16,0,0,Sunny,32.0,11,3,6.13,25,24.68
2025-01-30 16:30:00,Thursday,16,0,0,Sunny,32.2,7,3,6.4,11,10.55
2025-01-30 16:45:00,Thursday,16,0,0,Sunny,31.9,12,3,7.33,27,28.61
2025-01-30 17:00:00,Thursday,17,0,0,Sunny,33.9,9,3,6.57,15,21.14
2025-01-30 17:15:00,Thursday,17,0,0,Sunny,30.8,11,2,6.72,21,36.75
2025-01-30 17:30:00,Thursday,17,0,0,Sunny,29.6,11,3,6.67,21,22.24
2025-01-30 17:45:00,Thursday,17,0,0,Sunny,32.3,9,3,5.0,19,12.74
2025-01-30 18:00:00,Thursday,18,0,0,Sunny,32.3,17,2,7.23,30,59.33
2025-01-30 18:15:00,Thursday,18,0,0,Sunny,30.7,8,2,6.26,17,26.72
2025-01-30 18:30:00,Thursday,18,0,0,Sunny,28.0,7,3,5.07,11,15.35
2025-01-30 18:45:00,Thursday,18,0,0,Sunny,31.3,17,2,7.45,30,60.43
2025-01-30 19:00:00,Thursday,19,0,0,Sunny,30.1,7,2,6.13,15,19.54
2025-01-30 19:15:00,Thursday,19,0,0,Sunny,31.6,8,3,6.31,16,19.07
2025-01-30 19:30:00,Thursday,19,0,0,Sunny,32.9,11,3,6.02,19,17.64
2025-01-30 19:45:00,Thursday,19,0,0,Sunny,33.9,18,3,6.5,38,42.3
2025-01-30 20:00:00,Thursday,20,0,0,Sunny,31.0,17,3,6.62,34,35.0
2025-01-30 20:15:00,Thursday,20,0,0,Sunny,30.0,6,1,7.23,13,42.78
2025-01-30 20:30:00,Thursday,20,0,0,Sunny,30.8,10,2,6.64,19,34.66
2025-01-30 20:45:00,Thursday,20,0,0,Sunny,30.0,8,2,5.47,10,21.75
2025-01-30 21:00:00,Thursday,21,0,0,Sunny,29.8,8,2,6.67,13,25.24
2025-01-30 21:15:00,Thursday,21,0,0,Sunny,31.9,2,2,4.23,2,1.29
2025-01-30 21:30:00,Thursday,21,0,0,Cloudy,30.6,2,2,5.86,6,5.75
2025-01-30 21:45:00,Thursday,21,0,0,Sunny,30.4,1,1,4.65,0,2.54
2025-01-31 08:00:00,Friday,8,0,0,Sunny,27.7,2,3,6.17,6,4.16
2025-01-31 08:15:00,Friday,8,0,0,Sunny,25.9,1,3,5.78,3,0.5
2025-01-31 08:30:00,Friday,8,0,0,Sunny,23.3,2,4,6.39,5,0.5
2025-01-31 08:45:00,Friday,8,0,0,Sunny,27.0,1,3,6.07,4,1.68
2025-01-31 09:00:00,Friday,9,0,0,Cloudy,28.0,2,5,5.92,4,0.5
2025-01-31 09:15:00,Friday,9,0,0,Sunny,27.8,4,4,6.06,6,3.44
2025-01-31 09:30:00,Friday,9,0,0,Sunny,28.2,1,4,5.17,0,0.5
2025-01-31 09:45:00,Friday,9,0,0,Sunny,26.2,3,4,5.54,7,0.5
2025-01-31 10:00:00,Friday,10,0,0,Sunny,28.5,1,4,6.08,3,0.5
2025-01-31 10:15:00,Friday,10,0,0,Sunny,28.6,3,4,5.12,5,0.5
2025-01-31 10:30:00,Friday,10,0,0,Sunny,27.7,9,4,5.41,16,13.55
2025-01-31 10:45:00,Friday,10,0,0,Sunny,27.5,5,4,5.05,13,0.5
2025-01-31 11:00:00,Friday,11,0,0,Sunny,27.2,2,5,4.91,2,0.5
2025-01-31 11:15:00,Friday,11,0,0,Sunny,27.5,13,5,6.37,19,16.04
2025-01-31 11:30:00,Friday,11,0,0,Sunny,26.7,8,4,6.35,17,9.14
2025-01-31 11:45:00,Friday,11,0,0,Sunny,24.1,5,5,6.09,11,0.7
2025-01-31 12:00:00,Friday,12,0,0,Sunny,29.1,9,5,6.73,20,14.29
2025-01-31 12:15:00,Friday,12,0,0,Sunny,28.5,8,5,5.63,15,6.34
2025-01-31 12:30:00,Friday,12,0,0,Sunny,30.6,7,5,6.64,16,0.5
2025-01-31 12:45:00,Friday,12,0,0,Sunny,28.8,14,5,6.12,28,13.35
2025-01-31 13:00:00,Friday,13,0,0,Sunny,29.0,15,5,6.69,28,14.17
2025-01-31 13:15:00,Friday,13,0,0,Sunny,31.2,9,5,6.81,20,8.25
2025-01-31 13:30:00,Friday,13,0,0,Sunny,26.9,8,5,6.69,16,7.44
2025-01-31 13:45:00,Friday,13,0,0,Sunny,27.0,8,4,5.4,13,10.26
2025-01-31 14:00:00,Friday,14,0,0,Sunny,27.9,4,5,4.26,5,0.5
2025-01-31 14:15:00,Friday,14,0,0,Sunny,27.8,8,4,6.28,14,4.83
2025-01-31 14:30:00,Friday,14,0,0,Sunny,25.0,2,4,5.55,3,0.5
2025-01-31 14:45:00,Friday,14,0,0,Sunny,27.7,4,4,5.32,8,0.5
2025-01-31 15:00:00,Friday,15,0,0,Sunny,29.0,3,3,4.32,5,4.98
2025-01-31 15:15:00,Friday,15,0,0,Sunny,27.2,6,4,5.22,13,7.17
2025-01-31 15:30:00,Friday,15,0,0,Sunny,26.7,6,4,6.62,15,8.22
2025-01-31 15:45:00,Friday,15,0,0,Sunny,27.9,9,4,5.46,21,14.79
2025-01-31 16:00:00,Friday,16,0,0,Sunny,28.4,4,4,6.32,10,3.0
2025-01-31 16:15:00,Friday,16,0,0,Sunny,27.8,9,3,6.91,16,24.29
2025-01-31 16:30:00,Friday,16,0,0,Sunny,28.1,7,4,4.73,17,3.68
2025-01-31 16:45:00,Friday,16,0,0,Sunny,32.2,10,4,5.23,19,13.36
2025-01-31 17:00:00,Friday,17,0,0,Sunny,29.2,10,4,6.49,17,16.92
2025-01-31 17:15:00,Friday,17,0,0,Sunny,25.6,14,4,6.95,24,24.66
2025-01-31 17:30:00,Friday,17,0,0,Sunny,28.7,10,4,6.72,20,11.26
2025-01-31 17:45:00,Friday,17,0,0,Sunny,28.1,12,4,5.33,29,15.63
2025-01-31 18:00:00,Friday,18,0,0,Sunny,28.3,16,4,7.5,35,30.39
2025-01-31 18:15:00,Friday,18,0,0,Sunny,31.0,8,4,5.9,15,7.55
2025-01-31 18:30:00,Friday,18,0,0,Sunny,26.9,2,5,5.63,1,0.5
2025-01-31 18:45:00,Friday,18,0,0,Sunny,28.7,15,4,6.43,35,19.61
2025-01-31 19:00:00,Friday,19,0,0,Sunny,26.8,9,4,5.9,15,14.38
2025-01-31 19:15:00,Friday,19,0,0,Sunny,26.5,8,5,6.14,14,4.69
2025-01-31 19:30:00,Friday,19,0,0,Rainy,26.5,7,3,5.19,13,10.5
2025-01-31 19:45:00,Friday,19,0,0,Sunny,27.3,12,4,6.11,26,11.96
2025-01-31 20:00:00,Friday,20,0,0,Sunny,26.2,7,4,5.08,15,2.01
2025-01-31 20:15:00,Friday,20,0,0,Sunny,29.1,8,4,5.4,13,7.24
2025-01-31 20:30:00,Friday,20,0,0,Sunny,28.1,6,3,6.58,10,7.63
2025-01-31 20:45:00,Friday,20,0,0,Stormy,27.2,5,3,5.18,10,12.88
2025-01-31 21:00:00,Friday,21,0,0,Sunny,23.4,5,4,5.09,9,5.04
2025-01-31 21:15:00,Friday,21,0,0,Sunny,29.3,9,3,5.82,20,15.81
2025-01-31 21:30:00,Friday,21,0,0,Sunny,29.5,7,2,5.08,16,14.14
2025-01-31 21:45:00,Friday,21,0,0,Sunny,24.9,2,3,6.34,6,3.71
2025-02-01 08:00:00,Saturday,8,1,0,Rainy,19.7,2,4,5.56,5,2.04
2025-02-01 08:15:00,Saturday,8,1,0,Rainy,18.3,1,5,5.56,4,0.5
2025-02-01 08:30:00,Saturday,8,1,0,Rainy,18.5,2,5,4.42,6,0.93
2025-02-01 08:45:00,Saturday,8,1,0,Rainy,20.9,1,4,4.97,2,2.52
2025-02-01 09:00:00,Saturday,9,1,0,Rainy,20.0,1,6,5.37,0,0.5
2025-02-01 09:15:00,Saturday,9,1,0,Rainy,19.0,4,6,4.62,9,3.67
2025-02-01 09:30:00,Saturday,9,1,0,Rainy,22.2,2,5,4.86,5,0.5
2025-02-01 09:45:00,Saturday,9,1,0,Rainy,19.0,8,5,5.57,18,6.58
2025-02-01 10:00:00,Saturday,10,1,0,Rainy,19.0,4,6,4.71,6,5.11
2025-02-01 10:15:00,Saturday,10,1,0,Rainy,19.8,2,7,3.8,3,0.5
2025-02-01 10:30:00,Saturday,10,1,0,Rainy,20.2,3,7,5.22,5,0.5
2025-02-01 10:45:00,Saturday,10,1,0,Rainy,20.9,9,6,5.93,16,7.14
2025-02-01 11:00:00,Saturday,11,1,0,Rainy,19.9,9,7,5.47,18,6.03
2025-02-01 11:15:00,Saturday,11,1,0,Rainy,17.0,9,7,5.25,12,5.82
2025-02-01 11:30:00,Saturday,11,1,0,Rainy,19.6,6,8,5.22,12,0.5
2025-02-01 11:45:00,Saturday,11,1,0,Rainy,16.7,10,7,5.17,20,7.2
2025-02-01 12:00:00,Saturday,12,1,0,Rainy,17.4,10,7,5.57,19,4.06
2025-02-01 12:15:00,Saturday,12,1,0,Rainy,22.7,14,7,4.61,28,9.06
2025-02-01 12:30:00,Saturday,12,1,0,Rainy,20.4,14,7,6.22,23,10.3
2025-02-01 12:45:00,Saturday,12,1,0,Rainy,20.0,11,7,5.4,23,7.15
2025-02-01 13:00:00,Saturday,13,1,0,Rainy,19.1,11,7,5.53,23,7.9
2025-02-01 13:15:00,Saturday,13,1,0,Sunny,20.2,13,7,6.52,22,7.67
2025-02-01 13:30:00,Saturday,13,1,0,Rainy,20.1,12,6,4.65,21,10.03
2025-02-01 13:45:00,Saturday,13,1,0,Rainy,18.8,8,7,5.84,16,4.74
2025-02-01 14:00:00,Saturday,14,1,0,Rainy,18.7,6,7,5.36,14,8.16
2025-02-01 14:15:00,Saturday,14,1,0,Rainy,20.8,7,6,6.14,14,4.97
2025-02-01 14:30:00,Saturday,14,1,0,Rainy,20.0,5,6,5.16,13,6.37
2025-02-01 14:45:00,Saturday,14,1,0,Rainy,21.8,6,6,5.9,8,7.35
2025-02-01 15:00:00,Saturday,15,1,0,Rainy,23.7,3,6,5.59,4,0.5
2025-02-01 15:15:00,Saturday,15,1,0,Sunny,20.0,9,6,6.02,14,5.42
2025-02-01 15:30:00,Saturday,15,1,0,Rainy,19.7,8,6,5.42,14,9.7
2025-02-01 15:45:00,Saturday,15,1,0,Rainy,23.7,2,6,5.14,3,0.5
2025-02-01 16:00:00,Saturday,16,1,0,Rainy,20.5,6,5,6.27,11,5.97
2025-02-01 16:15:00,Saturday,16,1,0,Rainy,21.3,12,7,6.11,18,12.54
2025-02-01 16:30:00,Saturday,16,1,0,Rainy,20.8,6,6,5.57,10,1.83
2025-02-01 16:45:00,Saturday,16,1,0,Rainy,21.3,6,6,5.24,15,2.42
2025-02-01 17:00:00,Saturday,17,1,0,Rainy,17.8,11,5,7.08,19,16.24
2025-02-01 17:15:00,Saturday,17,1,0,Rainy,20.3,12,6,6.07,20,9.44
2025-02-01 17:30:00,Saturday,17,1,0,Rainy,18.5,6,7,4.74,14,4.18
2025-02-01 17:45:00,Saturday,17,1,0,Rainy,21.9,7,5,4.66,13,4.14
2025-02-01 18:00:00,Saturday,18,1,0,Rainy,20.8,10,6,5.36,19,4.55
2025-02-01 18:15:00,Saturday,18,1,0,Windy,19.2,12,6,5.73,22,8.59
2025-02-01 18:30:00,Saturday,18,1,0,Rainy,18.9,11,6,5.98,17,10.48
2025-02-01 18:45:00,Saturday,18,1,0,Rainy,21.9,4,6,5.12,8,2.81
2025-02-01 19:00:00,Saturday,19,1,0,Rainy,19.4,13,7,6.69,23,11.23
2025-02-01 19:15:00,Saturday,19,1,0,Rainy,18.5,8,5,5.12,17,9.52
2025-02-01 19:30:00,Saturday,19,1,0,Rainy,21.6,11,6,5.16,16,7.11
2025-02-01 19:45:00,Saturday,19,1,0,Rainy,19.8,8,6,4.95,17,7.46
2025-02-01 20:00:00,Saturday,20,1,0,Rainy,17.5,5,6,7.13,8,3.36
2025-02-01 20:15:00,Saturday,20,1,0,Sunny,17.2,10,5,5.85,22,8.04
2025-02-01 20:30:00,Saturday,20,1,0,Rainy,20.5,9,6,5.65,14,7.4
2025-02-01 20:45:00,Saturday,20,1,0,Rainy,20.9,5,5,4.78,12,10.45
2025-02-01 21:00:00,Saturday,21,1,0,Rainy,21.2,8,5,4.93,14,7.44
2025-02-01 21:15:00,Saturday,21,1,0,Rainy,19.8,6,6,6.19,13,5.77
2025-02-01 21:30:00,Saturday,21,1,0,Rainy,20.4,6,6,5.45,9,2.29
2025-02-01 21:45:00,Saturday,21,1,0,Rainy,19.4,2,5,5.82,4,3.44
2025-02-02 08:00:00,Sunday,8,1,0,Sunny,27.8,2,5,5.01,2,0.5
2025-02-02 08:15:00,Sunday,8,1,0,Sunny,26.0,1,5,3.52,2,0.5
2025-02-02 08:30:00,Sunday,8,1,0,Sunny,29.3,3,4,5.04,6,4.71
2025-02-02 08:45:00,Sunday,8,1,0,Sunny,25.8,3,5,6.08,5,0.5
2025-02-02 09:00:00,Sunday,9,1,0,Sunny,23.7,3,6,5.47,7,0.5
2025-02-02 09:15:00,Sunday,9,1,0,Sunny,28.5,2,6,5.59,5,0.5
2025-02-02 09:30:00,Sunday,9,1,0,Sunny,25.9,0,6,4.67,3,0.5
2025-02-02 09:45:00,Sunday,9,1,0,Sunny,27.9,1,6,3.48,3,0.5
2025-02-02 10:00:00,Sunday,10,1,0,Sunny,26.7,5,6,7.65,8,4.98
2025-02-02 10:15:00,Sunday,10,1,0,Sunny,29.7,5,6,4.98,9,1.08
2025-02-02 10:30:00,Sunday,10,1,0,Sunny,27.6,8,5,5.28,16,7.19
2025-02-02 10:45:00,Sunday,10,1,0,Sunny,28.5,7,6,5.56,15,3.69
2025-02-02 11:00:00,Sunday,11,1,0,Sunny,28.8,10,6,4.45,19,9.82
2025-02-02 11:15:00,Sunday,11,1,0,Sunny,31.7,12,7,4.62,20,3.31
2025-02-02 11:30:00,Sunday,11,1,0,Sunny,30.4,12,7,4.0,28,8.56
2025-02-02 11:45:00,Sunday,11,1,0,Sunny,29.5,15,7,5.33,27,5.3
2025-02-02 12:00:00,Sunday,12,1,0,Sunny,27.8,12,7,5.51,24,9.63
2025-02-02 12:15:00,Sunday,12,1,0,Sunny,31.1,11,7,5.07,19,6.33
2025-02-02 12:30:00,Sunday,12,1,0,Sunny,28.6,17,7,3.95,31,5.47
2025-02-02 12:45:00,Sunday,12,1,0,Sunny,28.7,14,7,5.42,20,7.25
2025-02-02 13:00:00,Sunday,13,1,0,Sunny,26.7,19,7,5.47,40,14.69
2025-02-02 13:15:00,Sunday,13,1,0,Sunny,25.5,15,7,5.66,28,8.82
2025-02-02 13:30:00,Sunday,13,1,0,Sunny,27.3,9,7,5.26,17,5.81
2025-02-02 13:45:00,Sunday,13,1,0,Cloudy,27.4,12,7,5.71,24,6.0
2025-02-02 14:00:00,Sunday,14,1,0,Sunny,26.6,6,7,4.9,9,0.5
2025-02-02 14:15:00,Sunday,14,1,0,Sunny,29.2,6,6,5.73,10,2.69
2025-02-02 14:30:00,Sunday,14,1,0,Sunny,27.8,9,7,6.88,15,1.14
2025-02-02 14:45:00,Sunday,14,1,0,Cloudy,29.0,2,5,5.81,0,0.5
2025-02-02 15:00:00,Sunday,15,1,0,Sunny,28.7,4,6,4.34,7,0.5
2025-02-02 15:15:00,Sunday,15,1,0,Sunny,28.3,5,6,5.07,9,0.5
2025-02-02 15:30:00,Sunday,15,1,0,Sunny,28.1,10,6,5.14,16,5.0
2025-02-02 15:45:00,Sunday,15,1,0,Sunny,30.4,8,6,4.25,19,2.43
2025-02-02 16:00:00,Sunday,16,1,0,Sunny,29.4,4,5,4.79,9,0.88
2025-02-02 16:15:00,Sunday,16,1,0,Sunny,30.6,9,6,4.64,17,9.25
2025-02-02 16:30:00,Sunday,16,1,0,Sunny,29.6,10,7,4.37,23,3.54
2025-02-02 16:45:00,Sunday,16,1,0,Sunny,29.6,16,6,5.71,26,10.12
2025-02-02 17:00:00,Sunday,17,1,0,Sunny,29.6,15,6,6.94,27,17.95
2025-02-02 17:15:00,Sunday,17,1,0,Sunny,29.4,16,6,5.94,28,15.55
2025-02-02 17:30:00,Sunday,17,1,0,Sunny,27.2,15,6,6.01,31,14.27
2025-02-02 17:45:00,Sunday,17,1,0,Sunny,28.0,15,5,6.0,27,17.44
2025-02-02 18:00:00,Sunday,18,1,0,Sunny,30.4,17,6,6.23,30,19.5
2025-02-02 18:15:00,Sunday,18,1,0,Sunny,29.2,21,6,4.93,38,19.57
2025-02-02 18:30:00,Sunday,18,1,0,Sunny,29.1,14,6,4.99,26,7.57
2025-02-02 18:45:00,Sunday,18,1,0,Sunny,30.4,22,7,6.99,39,24.41
2025-02-02 19:00:00,Sunday,19,1,0,Sunny,28.7,17,6,6.6,37,22.34
2025-02-02 19:15:00,Sunday,19,1,0,Sunny,28.6,13,6,6.28,24,15.53
2025-02-02 19:30:00,Sunday,19,1,0,Stormy,30.0,11,6,5.38,22,9.67
2025-02-02 19:45:00,Sunday,19,1,0,Cloudy,27.8,16,6,6.51,34,21.47
2025-02-02 20:00:00,Sunday,20,1,0,Sunny,29.3,13,6,5.3,24,12.61
2025-02-02 20:15:00,Sunday,20,1,0,Rainy,29.2,6,5,5.8,12,5.48
2025-02-02 20:30:00,Sunday,20,1,0,Sunny,29.4,11,5,5.52,20,10.19
2025-02-02 20:45:00,Sunday,20,1,0,Sunny,29.9,8,5,4.86,15,6.28
2025-02-02 21:00:00,Sunday,21,1,0,Sunny,26.3,6,5,5.17,14,4.95
2025-02-02 21:15:00,Sunday,21,1,0,Sunny,31.7,5,5,5.11,9,0.5
2025-02-02 21:30:00,Sunday,21,1,0,Sunny,30.1,5,6,4.91,11,0.5
2025-02-02 21:45:00,Sunday,21,1,0,Sunny,26.6,5,5,5.36,10,7.63
2025-02-03 08:00:00,Monday,8,0,0,Rainy,18.9,0,4,6.35,0,0.5
2025-02-03 08:15:00,Monday,8,0,0,Rainy,18.8,2,4,6.03,6,0.5
2025-02-03 08:30:00,Monday,8,0,0,Rainy,21.3,0,4,6.07,0,0.5
2025-02-03 08:45:00,Monday,8,0,0,Rainy,18.0,1,4,5.72,0,1.3
2025-02-03 09:00:00,Monday,9,0,0,Rainy,19.9,2,5,6.07,4,0.5
2025-02-03 09:15:00,Monday,9,0,0,Rainy,18.3,1,5,4.38,3,0.5
2025-02-03 09:30:00,Monday,9,0,0,Rainy,18.4,2,5,5.04,4,0.5
2025-02-03 09:45:00,Monday,9,0,0,Rainy,19.6,3,5,5.0,5,0.5
2025-02-03 10:00:00,Monday,10,0,0,Rainy,19.7,0,5,5.5,1,0.5
2025-02-03 10:15:00,Monday,10,0,0,Rainy,17.3,3,5,5.69,7,0.5
2025-02-03 10:30:00,Monday,10,0,0,Rainy,19.6,2,5,5.54,3,4.28
2025-02-03 10:45:00,Monday,10,0,0,Rainy,17.8,5,5,6.61,7,6.07
2025-02-03 11:00:00,Monday,11,0,0,Rainy,20.8,3,6,5.43,8,0.5
2025-02-03 11:15:00,Monday,11,0,0,Rainy,17.6,2,6,4.54,3,0.5
2025-02-03 11:30:00,Monday,11,0,0,Rainy,18.9,8,6,4.69,18,3.79
2025-02-03 11:45:00,Monday,11,0,0,Rainy,16.3,13,5,5.57,23,16.76
2025-02-03 12:00:00,Monday,12,0,0,Rainy,20.2,3,7,6.42,5,0.5
2025-02-03 12:15:00,Monday,12,0,0,Rainy,19.8,11,6,4.38,20,8.16
2025-02-03 12:30:00,Monday,12,0,0,Rainy,20.8,8,6,7.89,16,7.68
2025-02-03 12:45:00,Monday,12,0,0,Rainy,18.4,9,5,5.93,17,8.85
2025-02-03 13:00:00,Monday,13,0,0,Rainy,18.7,9,6,5.38,23,2.99
2025-02-03 13:15:00,Monday,13,0,0,Rainy,19.7,8,6,6.16,14,6.71
2025-02-03 13:30:00,Monday,13,0,0,Rainy,20.7,4,6,5.46,7,0.5
2025-02-03 13:45:00,Monday,13,0,0,Rainy,17.3,2,5,5.43,5,2.26
2025-02-03 14:00:00,Monday,14,0,0,Rainy,20.0,3,5,5.85,10,0.5
2025-02-03 14:15:00,Monday,14,0,0,Rainy,18.0,6,5,5.45,8,1.67
2025-02-03 14:30:00,Monday,14,0,0,Rainy,17.8,6,5,6.02,11,3.62
2025-02-03 14:45:00,Monday,14,0,0,Rainy,18.6,4,5,5.29,9,0.5
2025-02-03 15:00:00,Monday,15,0,0,Rainy,20.4,2,5,6.46,3,0.74
2025-02-03 15:15:00,Monday,15,0,0,Rainy,22.0,2,5,5.36,4,0.5
2025-02-03 15:30:00,Monday,15,0,0,Rainy,19.8,7,5,5.05,13,10.38
2025-02-03 15:45:00,Monday,15,0,0,Rainy,15.9,5,5,5.24,10,4.8
2025-02-03 16:00:00,Monday,16,0,0,Sunny,18.7,7,5,5.15,11,3.83
2025-02-03 16:15:00,Monday,16,0,0,Rainy,19.0,4,5,4.86,8,1.35
2025-02-03 16:30:00,Monday,16,0,0,Rainy,20.9,5,5,6.08,10,4.18
2025-02-03 16:45:00,Monday,16,0,0,Stormy,20.8,6,5,5.38,10,4.06
2025-02-03 17:00:00,Monday,17,0,0,Rainy,20.1,8,5,5.24,15,3.53
2025-02-03 17:15:00,Monday,17,0,0,Rainy,16.7,5,5,5.13,9,4.1
2025-02-03 17:30:00,Monday,17,0,0,Rainy,21.2,8,5,5.28,14,5.68
2025-02-03 17:45:00,Monday,17,0,0,Rainy,22.4,12,5,5.97,21,15.71
2025-02-03 18:00:00,Monday,18,0,0,Rainy,18.5,7,5,6.04,13,7.23
2025-02-03 18:15:00,Monday,18,0,0,Rainy,19.7,4,5,4.84,8,0.5
2025-02-03 18:30:00,Monday,18,0,0,Rainy,19.9,9,5,5.72,15,14.11
2025-02-03 18:45:00,Monday,18,0,0,Rainy,21.7,10,5,5.7,20,10.16
2025-02-03 19:00:00,Monday,19,0,0,Rainy,17.8,13,5,5.47,27,11.84
2025-02-03 19:15:00,Monday,19,0,0,Rainy,18.9,6,5,5.62,11,5.87
2025-02-03 19:30:00,Monday,19,0,0,Rainy,17.0,4,5,5.26,14,6.15
2025-02-03 19:45:00,Monday,19,0,0,Rainy,19.5,4,5,6.19,3,4.06
2025-02-03 20:00:00,Monday,20,0,0,Rainy,20.2,15,4,5.39,33,20.95
2025-02-03 20:15:00,Monday,20,0,0,Rainy,19.8,4,4,4.92,10,4.3
2025-02-03 20:30:00,Monday,20,0,0,Rainy,19.4,12,4,6.93,21,21.53
2025-02-03 20:45:00,Monday,20,0,0,Cloudy,17.6,5,3,5.71,13,8.66
2025-02-03 21:00:00,Monday,21,0,0,Rainy,17.0,5,5,4.61,12,0.53
2025-02-03 21:15:00,Monday,21,0,0,Rainy,19.9,2,4,3.98,7,0.5
2025-02-03 21:30:00,Monday,21,0,0,Rainy,22.6,6,4,6.61,11,6.55
2025-02-03 21:45:00,Monday,21,0,0,Rainy,18.3,5,4,5.75,11,5.74
2025-02-04 08:00:00,Tuesday,8,0,0,Cloudy,22.4,2,2,6.09,2,3.99
2025-02-04 08:15:00,Tuesday,8,0,0,Cloudy,21.5,1,2,6.38,0,1.85
2025-02-04 08:30:00,Tuesday,8,0,0,Cloudy,23.5,1,2,5.78,0,0.5
2025-02-04 08:45:00,Tuesday,8,0,0,Cloudy,23.9,2,2,3.93,0,3.38
2025-02-04 09:00:00,Tuesday,9,0,0,Cloudy,22.4,2,3,6.11,2,4.76
2025-02-04 09:15:00,Tuesday,9,0,0,Cloudy,22.3,2,3,5.54,1,0.5
2025-02-04 09:30:00,Tuesday,9,0,0,Sunny,21.7,0,3,4.59,0,0.5
2025-02-04 09:45:00,Tuesday,9,0,0,Cloudy,20.7,2,4,6.32,0,0.5
2025-02-04 10:00:00,Tuesday,10,0,0,Cloudy,23.3,1,3,5.85,3,5.83
2025-02-04 10:15:00,Tuesday,10,0,0,Cloudy,20.6,3,3,7.17,2,4.0
2025-02-04 10:30:00,Tuesday,10,0,0,Cloudy,23.7,3,3,6.01,7,3.4
2025-02-04 10:45:00,Tuesday,10,0,0,Cloudy,22.0,6,3,4.78,11,9.69
2025-02-04 11:00:00,Tuesday,11,0,0,Cloudy,21.8,9,4,5.14,20,12.42
2025-02-04 11:15:00,Tuesday,11,0,0,Cloudy,23.0,7,5,5.12,19,6.92
2025-02-04 11:30:00,Tuesday,11,0,0,Cloudy,24.0,7,4,4.59,14,6.21
2025-02-04 11:45:00,Tuesday,11,0,0,Rainy,23.7,5,5,5.01,8,4.25
2025-02-04 12:00:00,Tuesday,12,0,0,Cloudy,21.2,10,4,5.05,20,10.78
2025-02-04 12:15:00,Tuesday,12,0,0,Cloudy,24.6,11,3,6.11,18,21.21
2025-02-04 12:30:00,Tuesday,12,0,0,Cloudy,24.4,14,4,5.78,23,15.12
2025-02-04 12:45:00,Tuesday,12,0,0,Cloudy,24.2,12,3,6.24,16,25.55
2025-02-04 13:00:00,Tuesday,13,0,0,Cloudy,23.0,8,4,5.07,17,6.71
2025-02-04 13:15:00,Tuesday,13,0,0,Cloudy,24.1,10,4,5.84,18,14.42
2025-02-04 13:30:00,Tuesday,13,0,0,Cloudy,22.8,6,5,5.47,17,4.33
2025-02-04 13:45:00,Tuesday,13,0,0,Cloudy,20.0,6,4,4.95,14,8.75
2025-02-04 14:00:00,Tuesday,14,0,0,Cloudy,23.6,5,4,5.37,9,5.55
2025-02-04 14:15:00,Tuesday,14,0,0,Cloudy,25.2,3,3,5.78,5,6.34
2025-02-04 14:30:00,Tuesday,14,0,0,Cloudy,26.5,4,3,5.25,9,7.43
2025-02-04 14:45:00,Tuesday,14,0,0,Cloudy,24.1,6,3,6.45,10,11.46
2025-02-04 15:00:00,Tuesday,15,0,0,Cloudy,22.7,6,3,5.29,9,6.23
2025-02-04 15:15:00,Tuesday,15,0,0,Cloudy,23.5,2,3,5.03,7,1.49
2025-02-04 15:30:00,Tuesday,15,0,0,Cloudy,21.7,5,3,6.4,9,7.61
2025-02-04 15:45:00,Tuesday,15,0,0,Cloudy,23.6,7,3,5.59,14,10.46
2025-02-04 16:00:00,Tuesday,16,0,0,Cloudy,22.6,3,4,5.15,1,0.5
2025-02-04 16:15:00,Tuesday,16,0,0,Cloudy,24.9,7,3,4.83,9,11.09
2025-02-04 16:30:00,Tuesday,16,0,0,Cloudy,22.4,8,3,6.35,14,14.99
2025-02-04 16:45:00,Tuesday,16,0,0,Cloudy,24.9,11,3,6.07,21,21.88
2025-02-04 17:00:00,Tuesday,17,0,0,Cloudy,26.2,7,3,5.8,12,9.96
2025-02-04 17:15:00,Tuesday,17,0,0,Cloudy,24.0,12,3,5.83,20,27.78
2025-02-04 17:30:00,Tuesday,17,0,0,Cloudy,24.1,10,3,5.48,19,24.81
2025-02-04 17:45:00,Tuesday,17,0,0,Cloudy,22.7,15,3,7.39,32,36.03
2025-02-04 18:00:00,Tuesday,18,0,0,Cloudy,26.5,9,3,6.84,19,15.58
2025-02-04 18:15:00,Tuesday,18,0,0,Cloudy,23.5,12,3,6.66,17,28.24
2025-02-04 18:30:00,Tuesday,18,0,0,Sunny,27.5,5,3,5.98,11,9.28
2025-02-04 18:45:00,Tuesday,18,0,0,Cloudy,22.1,10,3,4.45,22,11.29
2025-02-04 19:00:00,Tuesday,19,0,0,Cloudy,25.2,10,3,6.36,19,21.11
2025-02-04 19:15:00,Tuesday,19,0,0,Cloudy,25.9,9,2,6.07,14,30.84
2025-02-04 19:30:00,Tuesday,19,0,0,Cloudy,27.0,9,3,4.97,20,9.81
2025-02-04 19:45:00,Tuesday,19,0,0,Cloudy,24.5,12,3,6.11,21,25.57
2025-02-04 20:00:00,Tuesday,20,0,0,Cloudy,23.0,16,2,7.14,31,59.84
2025-02-04 20:15:00,Tuesday,20,0,0,Cloudy,23.4,6,2,6.32,13,18.83
2025-02-04 20:30:00,Tuesday,20,0,0,Cloudy,21.5,7,2,7.25,17,23.8
2025-02-04 20:45:00,Tuesday,20,0,0,Sunny,23.5,5,2,5.95,12,14.42
2025-02-04 21:00:00,Tuesday,21,0,0,Sunny,24.3,5,2,7.01,11,17.32
2025-02-04 21:15:00,Tuesday,21,0,0,Cloudy,22.1,5,2,4.03,7,6.45
2025-02-04 21:30:00,Tuesday,21,0,0,Cloudy,23.8,6,2,7.37,8,18.5
2025-02-04 21:45:00,Tuesday,21,0,0,Cloudy,21.5,5,2,5.53,10,15.4
2025-02-05 08:00:00,Wednesday,8,0,0,Rainy,16.4,2,2,5.62,4,4.19
2025-02-05 08:15:00,Wednesday,8,0,0,Rainy,17.3,3,2,3.94,10,8.48
2025-02-05 08:30:00,Wednesday,8,0,0,Rainy,18.6,1,2,4.73,0,1.15
2025-02-05 08:45:00,Wednesday,8,0,0,Rainy,17.6,0,2,6.63,2,0.67
2025-02-05 09:00:00,Wednesday,9,0,0,Rainy,18.7,2,3,5.27,4,4.2
2025-02-05 09:15:00,Wednesday,9,0,0,Sunny,20.5,2,3,5.07,4,3.97
2025-02-05 09:30:00,Wednesday,9,0,0,Rainy,17.7,2,3,5.23,5,3.59
2025-02-05 09:45:00,Wednesday,9,0,0,Rainy,16.9,2,3,5.17,5,2.44
2025-02-05 10:00:00,Wednesday,10,0,0,Rainy,18.0,5,3,7.08,10,10.6
2025-02-05 10:15:00,Wednesday,10,0,0,Rainy,19.3,1,2,4.57,3,4.48
2025-02-05 10:30:00,Wednesday,10,0,0,Rainy,20.7,4,3,6.13,10,10.98
2025-02-05 10:45:00,Wednesday,10,0,0,Rainy,17.5,6,3,4.99,14,13.72
2025-02-05 11:00:00,Wednesday,11,0,0,Rainy,19.5,3,4,3.69,4,0.5
2025-02-05 11:15:00,Wednesday,11,0,0,Rainy,19.7,6,5,5.78,12,4.95
2025-02-05 11:30:00,Wednesday,11,0,0,Rainy,20.3,15,4,6.13,30,25.46
2025-02-05 11:45:00,Wednesday,11,0,0,Rainy,18.7,4,4,6.88,10,0.5
2025-02-05 12:00:00,Wednesday,12,0,0,Rainy,19.5,4,4,6.65,8,4.65
2025-02-05 12:15:00,Wednesday,12,0,0,Rainy,20.0,3,4,5.75,8,0.5
2025-02-05 12:30:00,Wednesday,12,0,0,Rainy,18.7,2,4,6.12,2,2.68
2025-02-05 12:45:00,Wednesday,12,0,0,Rainy,19.7,5,3,5.66,8,9.41
2025-02-05 13:00:00,Wednesday,13,0,0,Rainy,18.3,3,4,5.73,1,6.95
2025-02-05 13:15:00,Wednesday,13,0,0,Rainy,19.1,9,4,5.32,17,11.35
2025-02-05 13:30:00,Wednesday,13,0,0,Rainy,17.2,6,4,5.16,10,4.83
2025-02-05 13:45:00,Wednesday,13,0,0,Sunny,18.7,4,4,5.37,9,2.85
2025-02-05 14:00:00,Wednesday,14,0,0,Rainy,20.3,4,3,5.63,7,7.05
2025-02-05 14:15:00,Wednesday,14,0,0,Rainy,19.1,3,4,5.7,5,0.5
2025-02-05 14:30:00,Wednesday,14,0,0,Rainy,17.1,3,3,6.44,5,4.53
2025-02-05 14:45:00,Wednesday,14,0,0,Rainy,18.5,6,3,6.46,14,10.66
2025-02-05 15:00:00,Wednesday,15,0,0,Rainy,19.3,4,3,4.6,7,7.11
2025-02-05 15:15:00,Wednesday,15,0,0,Rainy,20.7,1,3,4.15,2,1.28
2025-02-05 15:30:00,Wednesday,15,0,0,Rainy,18.3,9,3,6.54,16,15.78
2025-02-05 15:45:00,Wednesday,15,0,0,Rainy,18.0,2,3,4.49,3,1.47
2025-02-05 16:00:00,Wednesday,16,0,0,Rainy,20.2,2,3,4.56,3,1.73
2025-02-05 16:15:00,Wednesday,16,0,0,Rainy,16.3,7,2,6.16,15,20.41
2025-02-05 16:30:00,Wednesday,16,0,0,Rainy,19.1,11,3,4.25,24,16.75
2025-02-05 16:45:00,Wednesday,16,0,0,Rainy,20.9,4,3,6.18,9,6.87
2025-02-05 17:00:00,Wednesday,17,0,0,Rainy,17.3,9,4,6.74,20,14.75
2025-02-05 17:15:00,Wednesday,17,0,0,Sunny,20.0,6,3,4.51,13,4.07
2025-02-05 17:30:00,Wednesday,17,0,0,Rainy,18.7,10,3,7.1,25,28.78
2025-02-05 17:45:00,Wednesday,17,0,0,Rainy,18.1,3,2,5.23,4,7.51
2025-02-05 18:00:00,Wednesday,18,0,0,Rainy,19.7,7,3,6.02,16,15.3
2025-02-05 18:15:00,Wednesday,18,0,0,Sunny,18.8,10,3,4.86,25,14.3
2025-02-05 18:30:00,Wednesday,18,0,0,Rainy,18.1,9,3,6.49,17,21.15
2025-02-05 18:45:00,Wednesday,18,0,0,Rainy,17.6,15,3,6.99,30,39.76
2025-02-05 19:00:00,Wednesday,19,0,0,Rainy,19.0,8,3,4.63,16,13.91
2025-02-05 19:15:00,Wednesday,19,0,0,Rainy,17.9,12,3,6.7,28,33.55
2025-02-05 19:30:00,Wednesday,19,0,0,Rainy,18.5,3,3,5.37,6,1.79
2025-02-05 19:45:00,Wednesday,19,0,0,Rainy,17.8,10,2,4.94,26,27.59
2025-02-05 20:00:00,Wednesday,20,0,0,Rainy,20.7,8,3,4.15,19,14.93
2025-02-05 20:15:00,Wednesday,20,0,0,Rainy,18.1,7,1,7.2,11,53.69
2025-02-05 20:30:00,Wednesday,20,0,0,Rainy,18.9,3,2,6.61,8,9.02
2025-02-05 20:45:00,Wednesday,20,0,0,Rainy,17.4,2,2,7.15,4,7.22
2025-02-05 21:00:00,Wednesday,21,0,0,Rainy,17.6,6,2,6.28,15,21.03
2025-02-05 21:15:00,Wednesday,21,0,0,Rainy,17.8,4,2,5.77,9,10.43
2025-02-05 21:30:00,Wednesday,21,0,0,Sunny,19.6,8,2,6.02,12,20.51
2025-02-05 21:45:00,Wednesday,21,0,0,Rainy,16.6,6,2,5.4,13,17.54
2025-02-06 08:00:00,Thursday,8,0,0,Sunny,30.3,1,2,3.94,4,1.37
2025-02-06 08:15:00,Thursday,8,0,0,Sunny,26.7,2,2,5.8,1,5.37
2025-02-06 08:30:00,Thursday,8,0,0,Sunny,30.3,3,1,5.41,9,18.54
2025-02-06 08:45:00,Thursday,8,0,0,Sunny,29.8,0,2,5.64,0,0.5
2025-02-06 09:00:00,Thursday,9,0,0,Cloudy,30.7,2,3,6.24,5,2.88
2025-02-06 09:15:00,Thursday,9,0,0,Sunny,30.1,3,4,7.01,2,0.5
2025-02-06 09:30:00,Thursday,9,0,0,Sunny,26.8,1,3,5.12,3,0.5
2025-02-06 09:45:00,Thursday,9,0,0,Sunny,27.7,2,3,7.84,2,5.39
2025-02-06 10:00:00,Thursday,10,0,0,Sunny,31.0,4,3,4.31,6,3.66
2025-02-06 10:15:00,Thursday,10,0,0,Sunny,31.8,2,4,6.87,3,0.5
2025-02-06 10:30:00,Thursday,10,0,0,Sunny,30.8,4,3,7.05,11,4.26
2025-02-06 10:45:00,Thursday,10,0,0,Sunny,30.1,6,3,5.81,12,7.37
2025-02-06 11:00:00,Thursday,11,0,0,Sunny,30.2,6,4,6.17,13,7.82
2025-02-06 11:15:00,Thursday,11,0,0,Sunny,28.0,5,4,5.12,11,2.26
2025-02-06 11:30:00,Thursday,11,0,0,Sunny,32.3,9,4,4.49,15,8.76
2025-02-06 11:45:00,Thursday,11,0,0,Sunny,29.0,16,4,6.33,28,20.42
2025-02-06 12:00:00,Thursday,12,0,0,Sunny,29.6,10,4,5.86,20,13.63
2025-02-06 12:15:00,Thursday,12,0,0,Sunny,29.9,10,4,6.82,17,16.17
2025-02-06 12:30:00,Thursday,12,0,0,Sunny,31.1,10,4,5.35,20,12.34
2025-02-06 12:45:00,Thursday,12,0,0,Sunny,28.5,17,4,5.74,30,26.31
2025-02-06 13:00:00,Thursday,13,0,0,Sunny,32.1,7,4,5.38,16,5.69
2025-02-06 13:15:00,Thursday,13,0,0,Sunny,29.7,10,4,6.51,18,12.81
2025-02-06 13:30:00,Thursday,13,0,0,Sunny,28.9,9,4,5.99,16,10.48
2025-02-06 13:45:00,Thursday,13,0,0,Sunny,31.6,7,4,5.05,17,5.73
2025-02-06 14:00:00,Thursday,14,0,0,Sunny,32.4,4,5,6.22,11,1.14
2025-02-06 14:15:00,Thursday,14,0,0,Sunny,29.8,1,2,5.89,1,0.5
2025-02-06 14:30:00,Thursday,14,0,0,Sunny,30.6,3,3,6.24,10,0.5
2025-02-06 14:45:00,Thursday,14,0,0,Sunny,29.6,4,4,4.68,11,0.5
2025-02-06 15:00:00,Thursday,15,0,0,Sunny,32.5,9,3,6.1,18,15.62
2025-02-06 15:15:00,Thursday,15,0,0,Sunny,28.7,2,3,4.3,1,0.5
2025-02-06 15:30:00,Thursday,15,0,0,Sunny,32.4,5,3,5.81,6,6.72
2025-02-06 15:45:00,Thursday,15,0,0,Sunny,30.5,9,3,6.55,20,22.31
2025-02-06 16:00:00,Thursday,16,0,0,Sunny,30.4,16,3,7.55,29,39.31
2025-02-06 16:15:00,Thursday,16,0,0,Sunny,30.3,5,3,5.69,5,6.03
2025-02-06 16:30:00,Thursday,16,0,0,Sunny,28.7,9,3,6.67,18,22.37
2025-02-06 16:45:00,Thursday,16,0,0,Sunny,31.5,9,2,7.19,19,31.59
2025-02-06 17:00:00,Thursday,17,0,0,Sunny,29.9,9,3,5.38,22,15.92
2025-02-06 17:15:00,Thursday,17,0,0,Sunny,30.7,15,3,6.27,31,25.79
2025-02-06 17:30:00,Thursday,17,0,0,Rainy,31.4,6,3,2.79,11,7.49
2025-02-06 17:45:00,Thursday,17,0,0,Sunny,31.2,11,3,4.37,23,10.85
2025-02-06 18:00:00,Thursday,18,0,0,Sunny,29.9,17,3,5.96,36,38.82
2025-02-06 18:15:00,Thursday,18,0,0,Sunny,29.3,10,3,6.45,19,21.96
2025-02-06 18:30:00,Thursday,18,0,0,Sunny,26.9,15,3,5.66,31,32.32
2025-02-06 18:45:00,Thursday,18,0,0,Sunny,33.5,10,3,6.92,21,18.2
2025-02-06 19:00:00,Thursday,19,0,0,Sunny,30.7,20,3,6.41,33,45.97
2025-02-06 19:15:00,Thursday,19,0,0,Sunny,26.9,9,3,5.62,18,13.32
2025-02-06 19:30:00,Thursday,19,0,0,Sunny,28.9,10,3,7.23,18,21.17
2025-02-06 19:45:00,Thursday,19,0,0,Sunny,27.8,10,2,7.45,17,39.31
2025-02-06 20:00:00,Thursday,20,0,0,Sunny,29.9,13,3,5.26,20,20.35
2025-02-06 20:15:00,Thursday,20,0,0,Sunny,30.9,9,1,8.78,20,84.75
2025-02-06 20:30:00,Thursday,20,0,0,Sunny,28.1,7,2,6.41,12,25.23
2025-02-06 20:45:00,Thursday,20,0,0,Sunny,29.0,8,2,6.83,16,26.43
2025-02-06 21:00:00,Thursday,21,0,0,Sunny,31.9,7,2,6.56,17,19.53
2025-02-06 21:15:00,Thursday,21,0,0,Sunny,30.0,4,2,5.42,12,10.72
2025-02-06 21:30:00,Thursday,21,0,0,Sunny,31.2,6,2,5.47,17,13.59
2025-02-06 21:45:00,Thursday,21,0,0,Sunny,28.7,1,3,6.07,5,3.22
2025-02-07 08:00:00,Friday,8,0,0,Cloudy,20.0,3,3,5.67,6,3.84
2025-02-07 08:15:00,Friday,8,0,0,Cloudy,22.0,1,3,6.17,0,1.13
2025-02-07 08:30:00,Friday,8,0,0,Cloudy,23.8,2,3,4.62,2,5.99
2025-02-07 08:45:00,Friday,8,0,0,Cloudy,21.6,2,3,6.34,2,1.07
2025-02-07 09:00:00,Friday,9,0,0,Cloudy,23.7,1,4,6.07,4,0.5
2025-02-07 09:15:00,Friday,9,0,0,Cloudy,23.2,1,4,6.86,3,0.5
2025-02-07 09:30:00,Friday,9,0,0,Cloudy,22.8,1,4,5.85,5,0.5
2025-02-07 09:45:00,Friday,9,0,0,Cloudy,24.3,3,4,4.54,5,0.5
2025-02-07 10:00:00,Friday,10,0,0,Cloudy,18.5,4,4,3.74,6,0.5
2025-02-07 10:15:00,Friday,10,0,0,Cloudy,22.8,1,4,4.52,0,0.5
2025-02-07 10:30:00,Friday,10,0,0,Cloudy,23.7,2,4,4.76,9,6.99
2025-02-07 10:45:00,Friday,10,0,0,Cloudy,23.5,7,4,5.83,13,5.32
2025-02-07 11:00:00,Friday,11,0,0,Sunny,26.1,7,6,6.37,15,0.72
2025-02-07 11:15:00,Friday,11,0,0,Sunny,22.1,11,4,5.27,19,11.28
2025-02-07 11:30:00,Friday,11,0,0,Cloudy,22.7,6,5,6.36,10,3.12
2025-02-07 11:45:00,Friday,11,0,0,Cloudy,22.7,7,6,5.64,12,0.5
2025-02-07 12:00:00,Friday,12,0,0,Sunny,24.9,13,6,6.79,32,9.72
2025-02-07 12:15:00,Friday,12,0,0,Cloudy,24.5,9,5,4.75,17,8.43
2025-02-07 12:30:00,Friday,12,0,0,Cloudy,22.1,6,5,5.77,12,0.5
2025-02-07 12:45:00,Friday,12,0,0,Cloudy,24.8,6,6,6.34,11,1.95
2025-02-07 13:00:00,Friday,13,0,0,Cloudy,24.2,11,5,5.31,19,12.65
2025-02-07 13:15:00,Friday,13,0,0,Cloudy,24.4,7,5,5.65,11,0.5
2025-02-07 13:30:00,Friday,13,0,0,Cloudy,19.7,6,5,5.94,11,4.33
2025-02-07 13:45:00,Friday,13,0,0,Cloudy,25.0,9,5,5.69,19,7.91
2025-02-07 14:00:00,Friday,14,0,0,Cloudy,24.5,8,5,6.52,16,5.18
2025-02-07 14:15:00,Friday,14,0,0,Cloudy,24.3,12,4,5.23,22,11.12
2025-02-07 14:30:00,Friday,14,0,0,Cloudy,26.9,7,5,4.34,18,1.88
2025-02-07 14:45:00,Friday,14,0,0,Rainy,22.6,7,4,6.19,13,13.63
2025-02-07 15:00:00,Friday,15,0,0,Cloudy,24.7,6,5,5.83,8,1.27
2025-02-07 15:15:00,Friday,15,0,0,Sunny,21.1,8,4,6.11,14,4.22
2025-02-07 15:30:00,Friday,15,0,0,Cloudy,22.1,6,4,5.48,14,8.33
2025-02-07 15:45:00,Friday,15,0,0,Cloudy,26.2,6,4,6.28,13,6.44
2025-02-07 16:00:00,Friday,16,0,0,Cloudy,22.8,2,5,5.89,3,0.5
2025-02-07 16:15:00,Friday,16,0,0,Cloudy,25.7,11,4,6.11,22,14.31
2025-02-07 16:30:00,Friday,16,0,0,Cloudy,23.2,8,4,5.34,16,9.79
2025-02-07 16:45:00,Friday,16,0,0,Cloudy,23.4,11,4,4.45,18,12.13
2025-02-07 17:00:00,Friday,17,0,0,Cloudy,21.6,9,4,6.5,15,7.91
2025-02-07 17:15:00,Friday,17,0,0,Cloudy,20.7,7,4,4.74,14,4.62
2025-02-07 17:30:00,Friday,17,0,0,Cloudy,25.5,9,4,4.88,16,10.74
2025-02-07 17:45:00,Friday,17,0,0,Cloudy,24.5,8,3,6.12,19,18.86
2025-02-07 18:00:00,Friday,18,0,0,Cloudy,23.7,9,4,6.54,17,10.45
2025-02-07 18:15:00,Friday,18,0,0,Cloudy,24.1,9,4,5.85,14,11.54
2025-02-07 18:30:00,Friday,18,0,0,Sunny,22.7,9,3,6.41,14,16.09
2025-02-07 18:45:00,Friday,18,0,0,Cloudy,21.8,11,4,5.83,19,14.47
2025-02-07 19:00:00,Friday,19,0,0,Cloudy,24.0,11,4,5.17,20,13.48
2025-02-07 19:15:00,Friday,19,0,0,Cloudy,23.1,13,3,6.38,26,28.67
2025-02-07 19:30:00,Friday,19,0,0,Sunny,23.7,8,4,4.8,15,10.5
2025-02-07 19:45:00,Friday,19,0,0,Cloudy,25.1,15,4,5.66,34,22.03
2025-02-07 20:00:00,Friday,20,0,0,Cloudy,25.2,12,4,6.62,23,9.85
2025-02-07 20:15:00,Friday,20,0,0,Cloudy,19.9,8,3,5.28,16,18.88
2025-02-07 20:30:00,Friday,20,0,0,Cloudy,20.9,8,3,5.52,16,11.74
2025-02-07 20:45:00,Friday,20,0,0,Cloudy,24.4,6,3,5.95,8,11.39
2025-02-07 21:00:00,Friday,21,0,0,Cloudy,24.0,6,3,5.25,5,8.55
2025-02-07 21:15:00,Friday,21,0,0,Cloudy,23.0,7,3,7.52,13,18.43
2025-02-07 21:30:00,Friday,21,0,0,Cloudy,22.0,3,4,5.52,6,0.5
2025-02-07 21:45:00,Friday,21,0,0,Cloudy,22.0,6,3,6.29,6,9.75
2025-02-08 08:00:00,Saturday,8,1,0,Sunny,30.4,2,6,5.87,4,0.5
2025-02-08 08:15:00,Saturday,8,1,0,Sunny,29.8,0,6,5.69,0,0.5
2025-02-08 08:30:00,Saturday,8,1,0,Sunny,30.6,3,6,5.3,10,0.5
2025-02-08 08:45:00,Saturday,8,1,0,Sunny,32.3,6,6,5.71,9,0.5
2025-02-08 09:00:00,Saturday,9,1,0,Sunny,31.6,5,7,3.86,7,2.54
2025-02-08 09:15:00,Saturday,9,1,0,Sunny,33.2,2,7,5.3,9,0.5
2025-02-08 09:30:00,Saturday,9,1,0,Sunny,31.0,2,7,5.17,8,0.5
2025-02-08 09:45:00,Saturday,9,1,0,Sunny,29.5,1,7,4.92,2,0.5
2025-02-08 10:00:00,Saturday,10,1,0,Sunny,33.5,4,7,5.4,9,0.5
2025-02-08 10:15:00,Saturday,10,1,0,Sunny,27.9,6,7,6.6,9,4.75
2025-02-08 10:30:00,Saturday,10,1,0,Sunny,31.1,7,6,5.66,14,4.38
2025-02-08 10:45:00,Saturday,10,1,0,Sunny,30.5,5,8,4.29,9,0.5
2025-02-08 11:00:00,Saturday,11,1,0,Sunny,32.9,5,8,4.84,9,0.5
2025-02-08 11:15:00,Saturday,11,1,0,Sunny,30.1,11,8,6.34,24,0.5
2025-02-08 11:30:00,Saturday,11,1,0,Sunny,30.6,6,8,6.1,7,0.5
2025-02-08 11:45:00,Saturday,11,1,0,Sunny,29.6,14,8,6.28,28,7.35
2025-02-08 12:00:00,Saturday,12,1,0,Sunny,30.8,12,8,5.83,22,8.14
2025-02-08 12:15:00,Saturday,12,1,0,Sunny,30.8,21,8,4.66,36,14.19
2025-02-08 12:30:00,Saturday,12,1,0,Sunny,32.1,12,8,4.65,19,5.78
2025-02-08 12:45:00,Saturday,12,1,0,Sunny,32.0,13,8,5.76,25,5.36
2025-02-08 13:00:00,Saturday,13,1,0,Sunny,29.3,10,8,6.73,24,4.98
2025-02-08 13:15:00,Saturday,13,1,0,Sunny,31.8,13,8,6.13,29,6.9
2025-02-08 13:30:00,Saturday,13,1,0,Sunny,33.9,9,8,5.64,15,0.5
2025-02-08 13:45:00,Saturday,13,1,0,Sunny,33.2,6,8,6.08,9,0.69
2025-02-08 14:00:00,Saturday,14,1,0,Rainy,34.0,9,7,4.12,15,5.13
2025-02-08 14:15:00,Saturday,14,1,0,Sunny,32.9,6,7,6.45,10,0.5
2025-02-08 14:30:00,Saturday,14,1,0,Sunny,31.9,6,7,5.3,13,0.5
2025-02-08 14:45:00,Saturday,14,1,0,Sunny,32.9,6,7,5.97,13,1.17
2025-02-08 15:00:00,Saturday,15,1,0,Sunny,29.8,6,7,5.51,12,0.5
2025-02-08 15:15:00,Saturday,15,1,0,Sunny,33.5,9,7,5.47,17,0.5
2025-02-08 15:30:00,Saturday,15,1,0,Sunny,32.7,5,6,4.45,10,0.5
2025-02-08 15:45:00,Saturday,15,1,0,Sunny,32.9,14,7,5.92,31,7.77
2025-02-08 16:00:00,Saturday,16,1,0,Sunny,33.0,6,7,5.56,10,1.9
2025-02-08 16:15:00,Saturday,16,1,0,Sunny,32.8,10,8,6.03,14,0.97
2025-02-08 16:30:00,Saturday,16,1,0,Sunny,31.0,9,7,7.18,18,6.17
2025-02-08 16:45:00,Saturday,16,1,0,Sunny,30.0,14,7,4.8,29,9.35
2025-02-08 17:00:00,Saturday,17,1,0,Sunny,30.7,10,7,6.27,22,5.56
2025-02-08 17:15:00,Saturday,17,1,0,Sunny,30.7,15,7,4.86,27,7.73
2025-02-08 17:30:00,Saturday,17,1,0,Sunny,32.8,12,7,6.05,22,4.49
2025-02-08 17:45:00,Saturday,17,1,0,Sunny,31.6,11,7,6.25,22,7.9
2025-02-08 18:00:00,Saturday,18,1,0,Sunny,28.0,16,7,6.34,28,16.95
2025-02-08 18:15:00,Saturday,18,1,0,Sunny,31.1,13,8,5.63,24,1.83
2025-02-08 18:30:00,Saturday,18,1,0,Sunny,29.5,13,7,5.89,22,7.91
2025-02-08 18:45:00,Saturday,18,1,0,Sunny,31.7,19,7,5.16,38,14.54
2025-02-08 19:00:00,Saturday,19,1,0,Sunny,30.5,18,7,5.56,40,12.89
2025-02-08 19:15:00,Saturday,19,1,0,Windy,29.8,8,7,6.34,14,2.42
2025-02-08 19:30:00,Saturday,19,1,0,Sunny,31.4,20,8,5.45,38,12.47
2025-02-08 19:45:00,Saturday,19,1,0,Sunny,29.7,15,8,4.92,24,4.74
2025-02-08 20:00:00,Saturday,20,1,0,Sunny,29.0,13,7,5.04,30,6.74
2025-02-08 20:15:00,Saturday,20,1,0,Sunny,30.5,7,7,6.16,13,0.5
2025-02-08 20:30:00,Saturday,20,1,0,Sunny,30.8,8,6,5.5,18,2.57
2025-02-08 20:45:00,Saturday,20,1,0,Sunny,30.4,9,6,5.47,16,7.78
2025-02-08 21:00:00,Saturday,21,1,0,Sunny,31.0,10,6,5.99,21,9.79
2025-02-08 21:15:00,Saturday,21,1,0,Sunny,30.3,8,7,5.07,17,3.11
2025-02-08 21:30:00,Saturday,21,1,0,Sunny,31.7,3,6,4.55,8,0.5
2025-02-08 21:45:00,Saturday,21,1,0,Cloudy,31.0,5,7,6.32,15,0.69
2025-02-09 08:00:00,Sunday,8,1,0,Rainy,15.4,4,4,4.48,7,3.84
2025-02-09 08:15:00,Sunday,8,1,0,Rainy,18.0,0,4,5.28,1,5.37
2025-02-09 08:30:00,Sunday,8,1,0,Rainy,16.5,1,4,5.24,0,2.87
2025-02-09 08:45:00,Sunday,8,1,0,Rainy,19.4,4,3,6.2,10,10.44
2025-02-09 09:00:00,Sunday,9,1,0,Rainy,21.2,1,6,5.87,0,0.5
2025-02-09 09:15:00,Sunday,9,1,0,Rainy,19.2,3,5,4.83,7,0.5
2025-02-09 09:30:00,Sunday,9,1,0,Rainy,16.5,2,5,4.56,2,0.5
2025-02-09 09:45:00,Sunday,9,1,0,Rainy,20.1,0,5,5.73,0,0.5
2025-02-09 10:00:00,Sunday,10,1,0,Rainy,17.4,1,5,7.2,2,0.5
2025-02-09 10:15:00,Sunday,10,1,0,Rainy,18.6,4,5,4.9,7,0.57
2025-02-09 10:30:00,Sunday,10,1,0,Rainy,18.1,8,5,5.03,13,7.35
2025-02-09 10:45:00,Sunday,10,1,0,Rainy,18.0,4,5,5.09,3,0.5
2025-02-09 11:00:00,Sunday,11,1,0,Rainy,18.6,4,6,6.22,10,2.97
2025-02-09 11:15:00,Sunday,11,1,0,Rainy,18.7,9,6,6.03,17,9.19
2025-02-09 11:30:00,Sunday,11,1,0,Rainy,18.6,4,6,5.2,4,0.5
2025-02-09 11:45:00,Sunday,11,1,0,Rainy,16.9,7,6,4.81,16,3.78
2025-02-09 12:00:00,Sunday,12,1,0,Rainy,19.8,9,6,5.25,20,6.96
2025-02-09 12:15:00,Sunday,12,1,0,Rainy,19.7,10,6,5.2,21,6.26
2025-02-09 12:30:00,Sunday,12,1,0,Rainy,20.0,5,7,4.91,10,0.5
2025-02-09 12:45:00,Sunday,12,1,0,Rainy,18.5,13,6,5.79,24,20.22
2025-02-09 13:00:00,Sunday,13,1,0,Rainy,18.0,13,6,3.86,22,8.25
2025-02-09 13:15:00,Sunday,13,1,0,Rainy,21.6,10,6,4.39,20,4.53
2025-02-09 13:30:00,Sunday,13,1,0,Rainy,18.1,12,6,4.55,24,10.02
2025-02-09 13:45:00,Sunday,13,1,0,Rainy,18.4,8,6,4.76,15,1.5
2025-02-09 14:00:00,Sunday,14,1,0,Rainy,18.8,9,7,4.48,18,1.36
2025-02-09 14:15:00,Sunday,14,1,0,Rainy,20.7,5,4,5.78,10,7.45
2025-02-09 14:30:00,Sunday,14,1,0,Rainy,18.3,4,5,4.28,9,0.5
2025-02-09 14:45:00,Sunday,14,1,0,Rainy,23.5,5,5,6.49,10,5.95
2025-02-09 15:00:00,Sunday,15,1,0,Rainy,19.1,2,6,5.43,2,0.5
2025-02-09 15:15:00,Sunday,15,1,0,Rainy,19.5,4,5,4.43,5,5.33
2025-02-09 15:30:00,Sunday,15,1,0,Rainy,19.5,8,5,5.66,10,10.29
2025-02-09 15:45:00,Sunday,15,1,0,Rainy,20.1,8,5,6.32,19,8.62
2025-02-09 16:00:00,Sunday,16,1,0,Rainy,19.0,8,6,6.83,13,8.21
2025-02-09 16:15:00,Sunday,16,1,0,Rainy,21.6,6,5,5.47,10,5.79
2025-02-09 16:30:00,Sunday,16,1,0,Rainy,20.6,11,4,5.43,19,16.75
2025-02-09 16:45:00,Sunday,16,1,0,Rainy,22.9,7,5,3.63,11,3.91
2025-02-09 17:00:00,Sunday,17,1,0,Rainy,16.3,7,5,4.72,16,7.53
2025-02-09 17:15:00,Sunday,17,1,0,Rainy,17.9,12,5,6.94,22,15.64
2025-02-09 17:30:00,Sunday,17,1,0,Rainy,19.9,8,5,4.83,14,7.07
2025-02-09 17:45:00,Sunday,17,1,0,Rainy,19.6,14,5,6.44,29,18.78
2025-02-09 18:00:00,Sunday,18,1,0,Rainy,17.0,8,5,5.11,13,11.37
2025-02-09 18:15:00,Sunday,18,1,0,Rainy,15.6,12,5,6.62,22,18.23
2025-02-09 18:30:00,Sunday,18,1,0,Rainy,17.2,12,4,5.04,20,16.87
2025-02-09 18:45:00,Sunday,18,1,0,Rainy,19.5,14,5,3.99,21,11.14
2025-02-09 19:00:00,Sunday,19,1,0,Rainy,17.1,7,4,5.7,14,9.36
2025-02-09 19:15:00,Sunday,19,1,0,Rainy,15.9,9,5,5.37,18,11.11
2025-02-09 19:30:00,Sunday,19,1,0,Rainy,19.1,10,4,6.89,20,16.66
2025-02-09 19:45:00,Sunday,19,1,0,Rainy,18.9,8,5,4.45,19,9.62
2025-02-09 20:00:00,Sunday,20,1,0,Sunny,22.0,12,6,6.98,18,10.86
2025-02-09 20:15:00,Sunday,20,1,0,Rainy,17.4,9,4,5.84,14,12.83
2025-02-09 20:30:00,Sunday,20,1,0,Rainy,17.7,5,4,6.99,8,10.1
2025-02-09 20:45:00,Sunday,20,1,0,Rainy,17.9,3,3,6.34,8,9.56
2025-02-09 21:00:00,Sunday,21,1,0,Rainy,18.2,5,4,5.24,10,8.72
2025-02-09 21:15:00,Sunday,21,1,0,Rainy,17.5,2,4,5.17,5,1.16
2025-02-09 21:30:00,Sunday,21,1,0,Rainy,16.9,8,4,6.24,14,17.22
2025-02-09 21:45:00,Sunday,21,1,0,Rainy,18.7,2,5,5.84,0,0.96
2025-02-10 08:00:00,Monday,8,0,0,Windy,24.5,0,2,6.07,2,0.5
2025-02-10 08:15:00,Monday,8,0,0,Windy,25.8,1,2,5.37,1,4.48
2025-02-10 08:30:00,Monday,8,0,0,Windy,24.1,0,2,4.44,0,0.83
2025-02-10 08:45:00,Monday,8,0,0,Cloudy,25.4,3,1,5.62,3,17.42
2025-02-10 09:00:00,Monday,9,0,0,Windy,26.9,2,3,6.23,5,2.6
2025-02-10 09:15:00,Monday,9,0,0,Windy,24.3,4,3,4.08,9,1.55
2025-02-10 09:30:00,Monday,9,0,0,Windy,25.2,0,3,4.86,0,0.5
2025-02-10 09:45:00,Monday,9,0,0,Sunny,22.3,1,3,4.22,1,0.5
2025-02-10 10:00:00,Monday,10,0,0,Windy,25.9,1,3,6.05,0,0.5
2025-02-10 10:15:00,Monday,10,0,0,Windy,25.2,3,3,4.03,5,0.5
2025-02-10 10:30:00,Monday,10,0,0,Windy,24.5,5,3,4.56,4,4.49
2025-02-10 10:45:00,Monday,10,0,0,Windy,24.7,11,3,4.43,21,14.33
2025-02-10 11:00:00,Monday,11,0,0,Windy,23.2,7,4,5.84,19,9.67
2025-02-10 11:15:00,Monday,11,0,0,Windy,26.2,13,3,5.8,29,25.42
2025-02-10 11:30:00,Monday,11,0,0,Windy,23.9,9,4,5.5,22,11.71
2025-02-10 11:45:00,Monday,11,0,0,Windy,27.6,11,4,4.02,24,9.57
2025-02-10 12:00:00,Monday,12,0,0,Stormy,22.3,4,4,6.91,9,4.69
2025-02-10 12:15:00,Monday,12,0,0,Windy,23.6,18,4,6.4,37,34.22
2025-02-10 12:30:00,Monday,12,0,0,Windy,25.3,13,4,6.88,27,22.19
2025-02-10 12:45:00,Monday,12,0,0,Windy,25.3,12,4,6.1,26,16.81
2025-02-10 13:00:00,Monday,13,0,0,Windy,25.8,8,4,4.53,19,8.09
2025-02-10 13:15:00,Monday,13,0,0,Sunny,26.6,11,4,7.22,17,16.96
2025-02-10 13:30:00,Monday,13,0,0,Windy,24.6,12,4,6.27,24,18.71
2025-02-10 13:45:00,Monday,13,0,0,Windy,25.0,5,3,6.34,10,7.15
2025-02-10 14:00:00,Monday,14,0,0,Windy,22.4,6,4,4.48,12,3.29
2025-02-10 14:15:00,Monday,14,0,0,Windy,23.3,4,3,6.53,5,4.4
2025-02-10 14:30:00,Monday,14,0,0,Sunny,23.3,6,3,4.4,11,8.76
2025-02-10 14:45:00,Monday,14,0,0,Windy,24.4,5,3,5.41,12,8.99
2025-02-10 15:00:00,Monday,15,0,0,Windy,26.0,4,3,5.74,7,2.29
2025-02-10 15:15:00,Monday,15,0,0,Windy,23.0,4,3,5.26,8,5.18
2025-02-10 15:30:00,Monday,15,0,0,Windy,22.5,1,4,4.95,2,0.5
2025-02-10 15:45:00,Monday,15,0,0,Windy,23.9,7,3,5.38,15,11.05
2025-02-10 16:00:00,Monday,16,0,0,Windy,27.2,8,3,6.64,17,17.93
2025-02-10 16:15:00,Monday,16,0,0,Windy,25.3,9,4,6.03,22,13.39
2025-02-10 16:30:00,Monday,16,0,0,Windy,24.3,2,3,5.3,4,0.5
2025-02-10 16:45:00,Monday,16,0,0,Windy,25.1,6,3,5.92,10,13.36
2025-02-10 17:00:00,Monday,17,0,0,Windy,23.5,13,3,8.38,24,35.56
2025-02-10 17:15:00,Monday,17,0,0,Windy,24.7,10,3,6.94,17,23.58
2025-02-10 17:30:00,Monday,17,0,0,Windy,23.7,13,3,6.14,20,28.91
2025-02-10 17:45:00,Monday,17,0,0,Windy,25.6,13,3,7.48,27,34.84
2025-02-10 18:00:00,Monday,18,0,0,Windy,23.3,14,3,5.59,26,26.29
2025-02-10 18:15:00,Monday,18,0,0,Windy,22.9,9,4,4.87,15,6.24
2025-02-10 18:30:00,Monday,18,0,0,Windy,25.8,11,3,5.78,19,20.25
2025-02-10 18:45:00,Monday,18,0,0,Windy,23.0,9,3,5.46,15,16.92
2025-02-10 19:00:00,Monday,19,0,0,Windy,25.0,9,3,5.21,16,14.38
2025-02-10 19:15:00,Monday,19,0,0,Windy,22.4,9,3,6.13,17,17.67
2025-02-10 19:30:00,Monday,19,0,0,Windy,23.0,13,3,6.5,24,28.64
2025-02-10 19:45:00,Monday,19,0,0,Windy,26.3,12,3,4.49,28,19.73
2025-02-10 20:00:00,Monday,20,0,0,Sunny,24.8,14,4,6.28,20,21.88
2025-02-10 20:15:00,Monday,20,0,0,Windy,24.1,7,2,7.35,12,23.67
2025-02-10 20:30:00,Monday,20,0,0,Windy,25.7,13,2,7.91,26,48.31
2025-02-10 20:45:00,Monday,20,0,0,Windy,22.4,9,3,6.19,19,17.79
2025-02-10 21:00:00,Monday,21,0,0,Windy,25.6,8,2,5.83,15,26.93
2025-02-10 21:15:00,Monday,21,0,0,Windy,25.6,6,2,6.36,10,16.5
2025-02-10 21:30:00,Monday,21,0,0,Windy,22.5,5,2,5.87,8,17.94
2025-02-10 21:45:00,Monday,21,0,0,Windy,21.9,3,2,6.0,3,5.49
2025-02-11 08:00:00,Tuesday,8,0,0,Sunny,30.7,3,4,4.4,3,0.5
2025-02-11 08:15:00,Tuesday,8,0,0,Sunny,31.6,0,4,4.7,2,0.5
2025-02-11 08:30:00,Tuesday,8,0,0,Sunny,28.7,2,4,4.7,0,0.5
2025-02-11 08:45:00,Tuesday,8,0,0,Sunny,26.9,5,4,6.75,10,1.76
2025-02-11 09:00:00,Tuesday,9,0,0,Sunny,28.2,3,5,4.93,6,0.5
2025-02-11 09:15:00,Tuesday,9,0,0,Sunny,28.7,7,5,5.71,14,0.8
2025-02-11 09:30:00,Tuesday,9,0,0,Sunny,29.6,2,4,6.12,4,0.5
2025-02-11 09:45:00,Tuesday,9,0,0,Sunny,28.9,0,5,5.22,0,0.5
2025-02-11 10:00:00,Tuesday,10,0,0,Sunny,29.2,5,4,5.8,14,9.64
2025-02-11 10:15:00,Tuesday,10,0,0,Sunny,29.7,3,5,5.26,6,0.5
2025-02-11 10:30:00,Tuesday,10,0,0,Sunny,30.5,4,5,5.38,8,0.5
2025-02-11 10:45:00,Tuesday,10,0,0,Sunny,29.2,8,5,5.47,13,2.72
2025-02-11 11:00:00,Tuesday,11,0,0,Sunny,27.6,8,6,4.54,15,1.0
2025-02-11 11:15:00,Tuesday,11,0,0,Sunny,30.1,5,6,5.14,12,0.5
2025-02-11 11:30:00,Tuesday,11,0,0,Sunny,28.8,10,5,6.29,18,5.08
2025-02-11 11:45:00,Tuesday,11,0,0,Sunny,27.1,9,6,5.9,19,8.15
2025-02-11 12:00:00,Tuesday,12,0,0,Sunny,28.8,13,6,6.5,24,13.03
2025-02-11 12:15:00,Tuesday,12,0,0,Sunny,29.1,9,6,4.96,17,1.96
2025-02-11 12:30:00,Tuesday,12,0,0,Sunny,27.2,10,6,5.12,16,3.0
2025-02-11 12:45:00,Tuesday,12,0,0,Sunny,27.0,10,6,5.4,20,4.8
2025-02-11 13:00:00,Tuesday,13,0,0,Sunny,29.0,14,6,5.01,32,4.96
2025-02-11 13:15:00,Tuesday,13,0,0,Sunny,29.4,14,5,7.28,28,20.13
2025-02-11 13:30:00,Tuesday,13,0,0,Sunny,29.6,15,5,6.06,29,17.69
2025-02-11 13:45:00,Tuesday,13,0,0,Sunny,27.7,7,6,5.91,15,5.14
2025-02-11 14:00:00,Tuesday,14,0,0,Sunny,27.8,6,6,6.54,15,0.5
2025-02-11 14:15:00,Tuesday,14,0,0,Sunny,31.8,2,5,5.02,7,0.5
2025-02-11 14:30:00,Tuesday,14,0,0,Sunny,29.6,3,5,5.34,7,1.65
2025-02-11 14:45:00,Tuesday,14,0,0,Sunny,29.1,3,5,7.41,7,0.5
2025-02-11 15:00:00,Tuesday,15,0,0,Sunny,29.8,4,5,5.17,7,0.5
2025-02-11 15:15:00,Tuesday,15,0,0,Sunny,27.0,4,5,6.65,9,2.57
2025-02-11 15:30:00,Tuesday,15,0,0,Sunny,29.4,6,5,5.74,12,4.04
2025-02-11 15:45:00,Tuesday,15,0,0,Sunny,28.3,6,5,5.58,9,3.15
2025-02-11 16:00:00,Tuesday,16,0,0,Sunny,31.1,10,4,7.33,22,12.31
2025-02-11 16:15:00,Tuesday,16,0,0,Sunny,31.7,4,5,3.62,7,0.5
2025-02-11 16:30:00,Tuesday,16,0,0,Sunny,29.4,11,5,5.25,21,10.87
2025-02-11 16:45:00,Tuesday,16,0,0,Sunny,29.7,8,4,5.97,18,9.55
2025-02-11 17:00:00,Tuesday,17,0,0,Sunny,30.4,11,5,5.62,22,7.68
2025-02-11 17:15:00,Tuesday,17,0,0,Sunny,27.9,18,4,6.48,31,25.99
2025-02-11 17:30:00,Tuesday,17,0,0,Sunny,30.0,17,5,5.02,32,17.67
2025-02-11 17:45:00,Tuesday,17,0,0,Sunny,31.4,14,5,6.16,29,18.54
2025-02-11 18:00:00,Tuesday,18,0,0,Sunny,27.2,15,5,4.69,28,14.67
2025-02-11 18:15:00,Tuesday,18,0,0,Rainy,28.9,6,5,5.82,11,7.51
2025-02-11 18:30:00,Tuesday,18,0,0,Sunny,26.8,15,5,6.72,28,15.51
2025-02-11 18:45:00,Tuesday,18,0,0,Sunny,30.7,11,5,6.51,25,11.2
2025-02-11 19:00:00,Tuesday,19,0,0,Sunny,29.9,15,6,5.2,29,12.7
2025-02-11 19:15:00,Tuesday,19,0,0,Sunny,28.4,8,6,4.58,18,0.5
2025-02-11 19:30:00,Tuesday,19,0,0,Sunny,30.3,12,5,4.37,26,8.9
2025-02-11 19:45:00,Tuesday,19,0,0,Sunny,30.5,11,5,4.59,23,6.76
2025-02-11 20:00:00,Tuesday,20,0,0,Sunny,29.4,8,5,5.87,13,6.17
2025-02-11 20:15:00,Tuesday,20,0,0,Sunny,30.8,9,4,4.72,18,11.96
2025-02-11 20:30:00,Tuesday,20,0,0,Sunny,30.1,7,4,5.26,9,4.3
2025-02-11 20:45:00,Tuesday,20,0,0,Sunny,28.6,4,4,6.03,2,2.96
2025-02-11 21:00:00,Tuesday,21,0,0,Sunny,28.5,6,4,5.05,10,4.91
2025-02-11 21:15:00,Tuesday,21,0,0,Sunny,27.9,3,4,5.37,6,0.51
2025-02-11 21:30:00,Tuesday,21,0,0,Sunny,27.9,5,4,4.78,8,1.74
2025-02-11 21:45:00,Tuesday,21,0,0,Sunny,29.1,3,4,6.02,6,0.5
2025-02-12 08:00:00,Wednesday,8,0,0,Cloudy,18.8,4,2,4.35,9,8.98
2025-02-12 08:15:00,Wednesday,8,0,0,Cloudy,25.3,1,2,5.97,1,0.5
2025-02-12 08:30:00,Wednesday,8,0,0,Cloudy,24.2,4,2,5.67,4,10.37
2025-02-12 08:45:00,Wednesday,8,0,0,Cloudy,21.1,1,2,6.71,4,1.85
2025-02-12 09:00:00,Wednesday,9,0,0,Cloudy,23.8,3,3,5.47,5,5.67
2025-02-12 09:15:00,Wednesday,9,0,0,Cloudy,23.3,0,3,5.09,0,0.5
2025-02-12 09:30:00,Wednesday,9,0,0,Cloudy,25.3,1,4,5.85,5,0.5
2025-02-12 09:45:00,Wednesday,9,0,0,Cloudy,21.3,3,3,6.09,1,0.98
2025-02-12 10:00:00,Wednesday,10,0,0,Cloudy,21.9,4,3,5.51,9,8.51
2025-02-12 10:15:00,Wednesday,10,0,0,Cloudy,24.2,5,3,6.96,10,11.65
2025-02-12 10:30:00,Wednesday,10,0,0,Cloudy,20.4,5,2,5.82,9,9.95
2025-02-12 10:45:00,Wednesday,10,0,0,Cloudy,24.1,6,3,5.61,9,10.13
2025-02-12 11:00:00,Wednesday,11,0,0,Cloudy,21.3,4,4,4.76,5,0.5
2025-02-12 11:15:00,Wednesday,11,0,0,Cloudy,20.2,11,4,5.83,20,16.59
2025-02-12 11:30:00,Wednesday,11,0,0,Sunny,21.8,15,4,5.22,34,13.21
2025-02-12 11:45:00,Wednesday,11,0,0,Cloudy,20.5,9,4,6.1,17,11.54
2025-02-12 12:00:00,Wednesday,12,0,0,Cloudy,23.2,9,4,5.23,10,8.37
2025-02-12 12:15:00,Wednesday,12,0,0,Cloudy,21.4,13,4,5.34,30,9.38
2025-02-12 12:30:00,Wednesday,12,0,0,Cloudy,22.8,10,4,3.87,19,3.34
2025-02-12 12:45:00,Wednesday,12,0,0,Cloudy,22.9,18,4,8.08,31,35.34
2025-02-12 13:00:00,Wednesday,13,0,0,Cloudy,22.9,10,4,6.37,16,14.27
2025-02-12 13:15:00,Wednesday,13,0,0,Cloudy,23.4,5,4,6.03,9,0.5
2025-02-12 13:30:00,Wednesday,13,0,0,Cloudy,23.0,8,4,6.13,19,13.75
2025-02-12 13:45:00,Wednesday,13,0,0,Cloudy,23.4,12,4,7.81,19,21.24
2025-02-12 14:00:00,Wednesday,14,0,0,Cloudy,25.9,4,4,6.99,9,4.49
2025-02-12 14:15:00,Wednesday,14,0,0,Cloudy,21.9,5,3,5.49,5,4.83
2025-02-12 14:30:00,Wednesday,14,0,0,Cloudy,26.4,3,3,3.92,8,2.09
2025-02-12 14:45:00,Wednesday,14,0,0,Cloudy,23.0,5,4,6.74,13,7.55
2025-02-12 15:00:00,Wednesday,15,0,0,Cloudy,22.0,5,2,5.97,5,17.71
2025-02-12 15:15:00,Wednesday,15,0,0,Cloudy,24.9,3,3,4.21,5,3.19
2025-02-12 15:30:00,Wednesday,15,0,0,Cloudy,24.7,3,2,5.92,8,9.17
2025-02-12 15:45:00,Wednesday,15,0,0,Cloudy,24.6,3,3,6.28,5,7.8
2025-02-12 16:00:00,Wednesday,16,0,0,Cloudy,26.0,3,3,4.5,5,4.82
2025-02-12 16:15:00,Wednesday,16,0,0,Cloudy,23.9,6,3,5.19,14,11.06
2025-02-12 16:30:00,Wednesday,16,0,0,Cloudy,23.9,7,3,6.24,14,11.26
2025-02-12 16:45:00,Wednesday,16,0,0,Cloudy,24.7,15,3,5.55,30,30.72
2025-02-12 17:00:00,Wednesday,17,0,0,Cloudy,21.3,7,3,5.98,13,14.98
2025-02-12 17:15:00,Wednesday,17,0,0,Windy,23.4,8,3,5.65,16,13.07
2025-02-12 17:30:00,Wednesday,17,0,0,Cloudy,21.6,13,3,4.65,24,20.0
2025-02-12 17:45:00,Wednesday,17,0,0,Cloudy,21.3,8,2,5.27,15,20.87
2025-02-12 18:00:00,Wednesday,18,0,0,Cloudy,22.6,12,3,4.71,22,15.21
2025-02-12 18:15:00,Wednesday,18,0,0,Cloudy,24.2,18,3,7.32,39,46.12
2025-02-12 18:30:00,Wednesday,18,0,0,Cloudy,23.3,8,3,5.22,17,14.9
2025-02-12 18:45:00,Wednesday,18,0,0,Cloudy,22.5,12,3,5.96,20,28.13
2025-02-12 19:00:00,Wednesday,19,0,0,Cloudy,22.0,16,3,6.08,26,33.25
2025-02-12 19:15:00,Wednesday,19,0,0,Stormy,23.0,12,3,5.74,21,23.81
2025-02-12 19:30:00,Wednesday,19,0,0,Cloudy,21.8,11,4,5.42,23,10.72
2025-02-12 19:45:00,Wednesday,19,0,0,Cloudy,22.2,8,3,5.67,17,13.15
2025-02-12 20:00:00,Wednesday,20,0,0,Cloudy,22.8,5,3,6.21,11,10.82
2025-02-12 20:15:00,Wednesday,20,0,0,Cloudy,24.2,7,2,6.69,10,18.9
2025-02-12 20:30:00,Wednesday,20,0,0,Cloudy,22.2,10,2,8.68,16,40.17
2025-02-12 20:45:00,Wednesday,20,0,0,Cloudy,24.2,6,2,6.34,14,18.99
2025-02-12 21:00:00,Wednesday,21,0,0,Cloudy,20.2,2,2,5.81,0,3.25
2025-02-12 21:15:00,Wednesday,21,0,0,Cloudy,23.7,3,2,4.51,5,4.29
2025-02-12 21:30:00,Wednesday,21,0,0,Cloudy,27.0,6,2,5.67,9,14.46
2025-02-12 21:45:00,Wednesday,21,0,0,Cloudy,24.0,2,3,5.73,5,0.5
2025-02-13 08:00:00,Thursday,8,0,0,Cloudy,25.3,1,4,5.77,1,0.5
2025-02-13 08:15:00,Thursday,8,0,0,Cloudy,27.0,3,4,5.84,4,0.5
2025-02-13 08:30:00,Thursday,8,0,0,Cloudy,24.7,3,4,4.75,6,4.26
2025-02-13 08:45:00,Thursday,8,0,0,Cloudy,24.1,2,4,3.87,7,1.26
2025-02-13 09:00:00,Thursday,9,0,0,Sunny,27.1,2,4,4.09,7,0.5
2025-02-13 09:15:00,Thursday,9,0,0,Cloudy,25.7,0,5,5.04,0,0.5
2025-02-13 09:30:00,Thursday,9,0,0,Sunny,21.4,2,5,5.78,5,0.5
2025-02-13 09:45:00,Thursday,9,0,0,Sunny,25.5,3,5,4.83,6,0.5
2025-02-13 10:00:00,Thursday,10,0,0,Rainy,24.7,3,5,5.61,5,0.5
2025-02-13 10:15:00,Thursday,10,0,0,Cloudy,27.1,6,6,7.07,8,0.5
2025-02-13 10:30:00,Thursday,10,0,0,Cloudy,25.9,7,5,5.58,11,0.5
2025-02-13 10:45:00,Thursday,10,0,0,Sunny,25.6,8,6,6.75,15,0.5
2025-02-13 11:00:00,Thursday,11,0,0,Cloudy,25.7,3,6,4.68,6,0.5
2025-02-13 11:15:00,Thursday,11,0,0,Cloudy,27.7,6,6,4.12,12,0.5
2025-02-13 11:30:00,Thursday,11,0,0,Cloudy,25.8,9,6,5.06,19,0.64
2025-02-13 11:45:00,Thursday,11,0,0,Cloudy,25.4,12,6,4.62,27,5.13
2025-02-13 12:00:00,Thursday,12,0,0,Cloudy,23.9,9,6,6.26,21,6.84
2025-02-13 12:15:00,Thursday,12,0,0,Cloudy,25.5,16,6,6.73,33,16.1
2025-02-13 12:30:00,Thursday,12,0,0,Cloudy,26.9,11,6,6.24,20,9.57
2025-02-13 12:45:00,Thursday,12,0,0,Cloudy,25.3,8,6,5.8,17,4.35
2025-02-13 13:00:00,Thursday,13,0,0,Cloudy,26.4,8,6,5.59,13,2.81
2025-02-13 13:15:00,Thursday,13,0,0,Rainy,23.9,7,6,5.02,15,0.5
2025-02-13 13:30:00,Thursday,13,0,0,Cloudy,26.2,10,6,4.93,20,1.42
2025-02-13 13:45:00,Thursday,13,0,0,Cloudy,25.8,9,7,5.94,19,0.61
2025-02-13 14:00:00,Thursday,14,0,0,Cloudy,26.4,5,5,4.56,11,0.5
2025-02-13 14:15:00,Thursday,14,0,0,Stormy,25.0,6,5,7.31,15,2.54
2025-02-13 14:30:00,Thursday,14,0,0,Cloudy,27.1,3,5,6.12,2,0.5
2025-02-13 14:45:00,Thursday,14,0,0,Cloudy,24.3,3,5,5.61,5,0.5
2025-02-13 15:00:00,Thursday,15,0,0,Cloudy,28.8,6,6,6.5,14,3.15
2025-02-13 15:15:00,Thursday,15,0,0,Cloudy,24.4,3,5,5.76,7,0.79
2025-02-13 15:30:00,Thursday,15,0,0,Cloudy,25.7,8,5,5.16,17,8.65
2025-02-13 15:45:00,Thursday,15,0,0,Cloudy,26.9,7,6,5.39,12,0.5
2025-02-13 16:00:00,Thursday,16,0,0,Cloudy,26.9,5,5,4.69,9,0.5
2025-02-13 16:15:00,Thursday,16,0,0,Cloudy,26.2,7,5,6.1,12,3.72
2025-02-13 16:30:00,Thursday,16,0,0,Cloudy,28.6,6,5,3.98,11,1.62
2025-02-13 16:45:00,Thursday,16,0,0,Cloudy,25.3,13,5,5.23,24,9.61
2025-02-13 17:00:00,Thursday,17,0,0,Cloudy,24.9,5,5,5.42,9,3.46
2025-02-13 17:15:00,Thursday,17,0,0,Cloudy,27.5,11,4,4.51,24,10.82
2025-02-13 17:30:00,Thursday,17,0,0,Cloudy,27.1,4,4,6.42,8,3.96
2025-02-13 17:45:00,Thursday,17,0,0,Cloudy,25.7,9,5,5.15,19,7.04
2025-02-13 18:00:00,Thursday,18,0,0,Sunny,26.0,11,5,6.65,26,10.04
2025-02-13 18:15:00,Thursday,18,0,0,Cloudy,27.4,12,4,4.76,16,12.53
2025-02-13 18:30:00,Thursday,18,0,0,Cloudy,22.4,15,4,5.96,27,23.95
2025-02-13 18:45:00,Thursday,18,0,0,Sunny,24.3,7,5,6.3,14,2.24
2025-02-13 19:00:00,Thursday,19,0,0,Cloudy,24.5,14,5,6.7,23,16.87
2025-02-13 19:15:00,Thursday,19,0,0,Rainy,26.0,10,4,6.36,21,12.92
2025-02-13 19:30:00,Thursday,19,0,0,Cloudy,26.1,8,6,4.86,16,3.49
2025-02-13 19:45:00,Thursday,19,0,0,Cloudy,23.4,7,5,6.58,15,4.13
2025-02-13 20:00:00,Thursday,20,0,0,Cloudy,23.8,6,5,6.19,8,3.17
2025-02-13 20:15:00,Thursday,20,0,0,Cloudy,25.1,13,4,4.9,23,11.7
2025-02-13 20:30:00,Thursday,20,0,0,Cloudy,23.9,10,4,6.88,16,14.58
2025-02-13 20:45:00,Thursday,20,0,0,Cloudy,24.8,12,4,6.57,24,21.33
2025-02-13 21:00:00,Thursday,21,0,0,Cloudy,25.7,6,4,4.96,11,2.3
2025-02-13 21:15:00,Thursday,21,0,0,Cloudy,21.4,5,3,5.69,12,8.17
2025-02-13 21:30:00,Thursday,21,0,0,Cloudy,24.1,2,4,5.61,6,0.5
2025-02-13 21:45:00,Thursday,21,0,0,Cloudy,22.0,3,4,4.71,8,0.5
2025-02-14 08:00:00,Friday,8,0,0,Rainy,17.4,2,4,4.86,0,0.5
2025-02-14 08:15:00,Friday,8,0,0,Rainy,19.5,2,4,5.21,1,3.51
2025-02-14 08:30:00,Friday,8,0,0,Rainy,18.1,2,4,5.6,5,2.03
2025-02-14 08:45:00,Friday,8,0,0,Rainy,19.7,3,4,3.68,9,1.57
2025-02-14 09:00:00,Friday,9,0,0,Rainy,17.8,2,5,5.21,4,0.5
2025-02-14 09:15:00,Friday,9,0,0,Rainy,16.4,1,5,6.5,1,0.5
2025-02-14 09:30:00,Friday,9,0,0,Rainy,18.3,1,5,6.18,1,0.97
2025-02-14 09:45:00,Friday,9,0,0,Rainy,17.5,4,5,5.61,6,1.5
2025-02-14 10:00:00,Friday,10,0,0,Rainy,17.5,2,5,6.84,5,0.5
2025-02-14 10:15:00,Friday,10,0,0,Rainy,17.8,3,4,6.11,1,1.86
2025-02-14 10:30:00,Friday,10,0,0,Rainy,18.6,2,4,6.3,0,2.98
2025-02-14 10:45:00,Friday,10,0,0,Rainy,18.7,7,5,4.01,15,2.15
2025-02-14 11:00:00,Friday,11,0,0,Rainy,16.0,9,6,5.24,16,6.66
2025-02-14 11:15:00,Friday,11,0,0,Rainy,18.3,6,6,5.09,8,0.9
2025-02-14 11:30:00,Friday,11,0,0,Rainy,15.3,5,5,5.32,10,0.5
2025-02-14 11:45:00,Friday,11,0,0,Rainy,20.3,7,6,4.96,11,3.89
2025-02-14 12:00:00,Friday,12,0,0,Rainy,16.2,10,6,4.96,15,3.91
2025-02-14 12:15:00,Friday,12,0,0,Rainy,18.8,2,6,6.01,0,0.5
2025-02-14 12:30:00,Friday,12,0,0,Rainy,18.0,6,5,6.87,12,5.92
2025-02-14 12:45:00,Friday,12,0,0,Rainy,18.2,10,6,6.4,22,7.4
2025-02-14 13:00:00,Friday,13,0,0,Rainy,22.3,5,6,4.7,12,1.74
2025-02-14 13:15:00,Friday,13,0,0,Rainy,18.9,9,6,4.27,18,4.03
2025-02-14 13:30:00,Friday,13,0,0,Rainy,19.0,4,5,5.29,6,0.5
2025-02-14 13:45:00,Friday,13,0,0,Rainy,16.7,5,6,5.34,11,0.5
2025-02-14 14:00:00,Friday,14,0,0,Rainy,21.5,3,6,5.17,4,0.5
2025-02-14 14:15:00,Friday,14,0,0,Rainy,17.3,6,5,6.77,12,6.0
2025-02-14 14:30:00,Friday,14,0,0,Rainy,18.1,5,5,5.59,12,5.72
2025-02-14 14:45:00,Friday,14,0,0,Rainy,19.4,3,5,5.94,7,2.55
2025-02-14 15:00:00,Friday,15,0,0,Rainy,19.4,2,5,6.3,2,2.57
2025-02-14 15:15:00,Friday,15,0,0,Rainy,17.7,2,5,4.93,6,1.5
2025-02-14 15:30:00,Friday,15,0,0,Rainy,19.3,2,5,4.7,7,0.5
2025-02-14 15:45:00,Friday,15,0,0,Rainy,18.1,2,5,6.52,6,0.5
2025-02-14 16:00:00,Friday,16,0,0,Rainy,19.7,0,5,5.2,1,0.5
2025-02-14 16:15:00,Friday,16,0,0,Rainy,20.1,4,6,5.54,9,0.5
2025-02-14 16:30:00,Friday,16,0,0,Rainy,20.5,3,5,5.9,6,0.5
2025-02-14 16:45:00,Friday,16,0,0,Rainy,17.2,10,5,4.83,19,9.49
2025-02-14 17:00:00,Friday,17,0,0,Sunny,21.1,5,5,4.75,7,0.5
2025-02-14 17:15:00,Friday,17,0,0,Rainy,16.7,8,4,4.75,19,9.66
2025-02-14 17:30:00,Friday,17,0,0,Rainy,18.4,5,5,6.3,11,4.87
2025-02-14 17:45:00,Friday,17,0,0,Rainy,21.9,4,5,4.83,9,0.5
2025-02-14 18:00:00,Friday,18,0,0,Rainy,17.8,12,5,5.17,30,8.79
2025-02-14 18:15:00,Friday,18,0,0,Rainy,18.1,4,5,5.7,8,3.16
2025-02-14 18:30:00,Friday,18,0,0,Rainy,16.4,7,6,2.09,12,0.5
2025-02-14 18:45:00,Friday,18,0,0,Windy,19.4,10,5,5.24,23,6.59
2025-02-14 19:00:00,Friday,19,0,0,Rainy,17.2,12,5,5.01,22,10.0
2025-02-14 19:15:00,Friday,19,0,0,Rainy,18.0,10,5,5.6,18,10.31
2025-02-14 19:30:00,Friday,19,0,0,Cloudy,17.0,13,5,5.45,26,16.2
2025-02-14 19:45:00,Friday,19,0,0,Rainy,18.1,8,5,4.76,17,1.33
2025-02-14 20:00:00,Friday,20,0,0,Rainy,17.4,4,4,5.11,7,6.06
2025-02-14 20:15:00,Friday,20,0,0,Rainy,15.9,5,4,5.59,12,2.38
2025-02-14 20:30:00,Friday,20,0,0,Rainy,15.7,11,4,5.52,24,14.92
2025-02-14 20:45:00,Friday,20,0,0,Rainy,16.3,4,5,4.56,9,4.2
2025-02-14 21:00:00,Friday,21,0,0,Rainy,19.0,2,4,6.5,4,0.5
2025-02-14 21:15:00,Friday,21,0,0,Rainy,17.5,4,4,5.3,9,3.29
2025-02-14 21:30:00,Friday,21,0,0,Rainy,18.5,3,4,5.02,1,0.5
2025-02-14 21:45:00,Friday,21,0,0,Rainy,20.6,0,4,5.16,1,0.5
2025-02-15 08:00:00,Saturday,8,1,0,Sunny,29.1,1,4,4.65,2,0.5
2025-02-15 08:15:00,Saturday,8,1,0,Sunny,28.5,2,4,5.87,3,0.5
2025-02-15 08:30:00,Saturday,8,1,0,Sunny,29.1,3,4,6.59,6,0.5
2025-02-15 08:45:00,Saturday,8,1,0,Sunny,27.7,3,4,4.39,7,1.23
2025-02-15 09:00:00,Saturday,9,1,0,Sunny,30.5,2,6,4.86,6,0.5
2025-02-15 09:15:00,Saturday,9,1,0,Sunny,29.8,4,5,5.89,1,0.83
2025-02-15 09:30:00,Saturday,9,1,0,Sunny,28.8,2,5,4.92,8,0.5
2025-02-15 09:45:00,Saturday,9,1,0,Sunny,28.9,3,5,4.7,7,2.55
2025-02-15 10:00:00,Saturday,10,1,0,Sunny,32.0,5,5,4.61,8,0.5
2025-02-15 10:15:00,Saturday,10,1,0,Sunny,28.9,3,5,5.91,5,2.35
2025-02-15 10:30:00,Saturday,10,1,0,Sunny,29.4,5,5,5.45,10,5.12
2025-02-15 10:45:00,Saturday,10,1,0,Sunny,29.2,9,5,6.46,17,4.35
2025-02-15 11:00:00,Saturday,11,1,0,Sunny,27.4,10,6,7.3,17,8.85
2025-02-15 11:15:00,Saturday,11,1,0,Sunny,29.8,11,6,6.34,20,5.38
2025-02-15 11:30:00,Saturday,11,1,0,Sunny,30.6,13,6,6.11,25,13.47
2025-02-15 11:45:00,Saturday,11,1,0,Sunny,30.9,12,6,5.99,30,12.31
2025-02-15 12:00:00,Saturday,12,1,0,Sunny,27.8,12,6,5.55,22,10.6
2025-02-15 12:15:00,Saturday,12,1,0,Sunny,26.6,9,6,5.08,19,5.77
2025-02-15 12:30:00,Saturday,12,1,0,Sunny,29.5,16,6,6.25,32,17.45
2025-02-15 12:45:00,Saturday,12,1,0,Sunny,29.5,19,6,6.14,35,18.58
2025-02-15 13:00:00,Saturday,13,1,0,Rainy,30.1,13,6,6.43,21,16.26
2025-02-15 13:15:00,Saturday,13,1,0,Sunny,31.3,10,6,3.9,19,2.35
2025-02-15 13:30:00,Saturday,13,1,0,Sunny,30.4,11,6,5.72,23,6.7
2025-02-15 13:45:00,Saturday,13,1,0,Sunny,33.5,10,7,6.67,19,5.34
2025-02-15 14:00:00,Saturday,14,1,0,Sunny,31.2,10,6,4.57,17,9.96
2025-02-15 14:15:00,Saturday,14,1,0,Sunny,27.5,10,5,4.9,19,9.06
2025-02-15 14:30:00,Saturday,14,1,0,Sunny,27.2,6,5,6.32,9,5.4
2025-02-15 14:45:00,Saturday,14,1,0,Sunny,28.7,5,4,4.7,14,7.15
2025-02-15 15:00:00,Saturday,15,1,0,Sunny,30.9,11,5,4.9,19,10.5
2025-02-15 15:15:00,Saturday,15,1,0,Sunny,29.4,10,4,7.26,18,18.4
2025-02-15 15:30:00,Saturday,15,1,0,Sunny,31.2,7,5,4.5,11,5.7
2025-02-15 15:45:00,Saturday,15,1,0,Sunny,29.8,7,5,5.45,11,2.53
2025-02-15 16:00:00,Saturday,16,1,0,Sunny,30.0,6,5,4.48,10,7.6
2025-02-15 16:15:00,Saturday,16,1,0,Sunny,32.0,7,5,6.67,15,8.33
2025-02-15 16:30:00,Saturday,16,1,0,Sunny,30.2,9,5,5.78,18,10.57
2025-02-15 16:45:00,Saturday,16,1,0,Sunny,30.0,10,5,5.21,24,9.31
2025-02-15 17:00:00,Saturday,17,1,0,Sunny,31.6,12,5,5.0,21,11.69
2025-02-15 17:15:00,Saturday,17,1,0,Sunny,28.5,13,5,4.78,22,9.31
2025-02-15 17:30:00,Saturday,17,1,0,Rainy,27.3,7,5,6.84,12,8.7
2025-02-15 17:45:00,Saturday,17,1,0,Sunny,30.7,24,5,6.74,49,31.58
2025-02-15 18:00:00,Saturday,18,1,0,Cloudy,29.1,11,5,4.69,19,6.6
2025-02-15 18:15:00,Saturday,18,1,0,Sunny,28.4,17,4,6.84,34,30.62
2025-02-15 18:30:00,Saturday,18,1,0,Sunny,31.1,18,4,6.43,31,29.75
2025-02-15 18:45:00,Saturday,18,1,0,Sunny,27.8,19,5,5.62,32,22.84
2025-02-15 19:00:00,Saturday,19,1,0,Sunny,29.2,14,5,4.75,26,11.55
2025-02-15 19:15:00,Saturday,19,1,0,Sunny,30.1,12,5,6.31,25,14.34
2025-02-15 19:30:00,Saturday,19,1,0,Sunny,29.3,13,5,5.77,23,16.42
2025-02-15 19:45:00,Saturday,19,1,0,Sunny,29.0,13,4,6.6,24,24.82
2025-02-15 20:00:00,Saturday,20,1,0,Sunny,31.8,13,5,4.96,23,12.59
2025-02-15 20:15:00,Saturday,20,1,0,Sunny,27.0,6,4,4.86,10,1.28
2025-02-15 20:30:00,Saturday,20,1,0,Sunny,29.7,8,4,5.02,13,7.67
2025-02-15 20:45:00,Saturday,20,1,0,Sunny,26.9,6,4,5.1,9,4.29
2025-02-15 21:00:00,Saturday,21,1,0,Sunny,28.6,6,4,4.43,12,6.73
2025-02-15 21:15:00,Saturday,21,1,0,Sunny,31.0,6,4,6.81,8,9.09
2025-02-15 21:30:00,Saturday,21,1,0,Sunny,29.7,9,4,6.08,22,10.39
2025-02-15 21:45:00,Saturday,21,1,0,Sunny,29.8,5,5,5.25,8,5.41
2025-02-16 08:00:00,Sunday,8,1,0,Cloudy,20.8,3,3,6.66,9,7.14
2025-02-16 08:15:00,Sunday,8,1,0,Cloudy,21.3,4,3,5.46,7,3.7
2025-02-16 08:30:00,Sunday,8,1,0,Cloudy,20.1,3,3,7.28,7,4.94
2025-02-16 08:45:00,Sunday,8,1,0,Cloudy,21.6,2,3,4.98,4,1.08
2025-02-16 09:00:00,Sunday,9,1,0,Cloudy,19.7,3,4,4.08,5,1.46
2025-02-16 09:15:00,Sunday,9,1,0,Cloudy,22.7,4,4,6.98,4,5.78
2025-02-16 09:30:00,Sunday,9,1,0,Cloudy,19.4,5,4,3.72,10,0.5
2025-02-16 09:45:00,Sunday,9,1,0,Cloudy,22.8,8,4,5.07,16,5.89
2025-02-16 10:00:00,Sunday,10,1,0,Cloudy,22.2,6,4,6.33,9,12.13
2025-02-16 10:15:00,Sunday,10,1,0,Cloudy,20.6,3,5,5.0,5,0.91
2025-02-16 10:30:00,Sunday,10,1,0,Cloudy,22.9,5,4,3.41,13,1.27
2025-02-16 10:45:00,Sunday,10,1,0,Cloudy,21.6,9,4,5.0,16,12.03
2025-02-16 11:00:00,Sunday,11,1,0,Cloudy,19.9,2,5,5.6,5,0.5
2025-02-16 11:15:00,Sunday,11,1,0,Cloudy,21.7,16,5,5.67,32,25.7
2025-02-16 11:30:00,Sunday,11,1,0,Cloudy,23.3,12,5,4.53,22,10.65
2025-02-16 11:45:00,Sunday,11,1,0,Cloudy,20.8,14,5,5.39,25,18.35
2025-02-16 12:00:00,Sunday,12,1,0,Cloudy,22.1,12,5,5.35,20,12.22
2025-02-16 12:15:00,Sunday,12,1,0,Windy,22.0,6,5,6.34,8,3.33
2025-02-16 12:30:00,Sunday,12,1,0,Cloudy,22.8,15,5,6.33,30,19.07
2025-02-16 12:45:00,Sunday,12,1,0,Cloudy,21.5,10,5,6.25,21,14.0
2025-02-16 13:00:00,Sunday,13,1,0,Cloudy,22.8,9,5,6.78,21,10.23
2025-02-16 13:15:00,Sunday,13,1,0,Cloudy,24.4,15,6,4.65,28,6.82
2025-02-16 13:30:00,Sunday,13,1,0,Cloudy,21.3,9,5,5.12,15,9.27
2025-02-16 13:45:00,Sunday,13,1,0,Cloudy,22.5,9,6,7.02,16,11.14
2025-02-16 14:00:00,Sunday,14,1,0,Cloudy,23.2,13,5,6.48,28,19.36
2025-02-16 14:15:00,Sunday,14,1,0,Cloudy,22.6,5,3,4.33,7,2.93
2025-02-16 14:30:00,Sunday,14,1,0,Cloudy,24.4,5,4,4.62,10,4.3
2025-02-16 14:45:00,Sunday,14,1,0,Cloudy,22.8,5,4,5.17,8,3.13
2025-02-16 15:00:00,Sunday,15,1,0,Cloudy,22.9,9,4,6.27,20,16.36
2025-02-16 15:15:00,Sunday,15,1,0,Cloudy,19.6,6,4,5.42,10,5.5
2025-02-16 15:30:00,Sunday,15,1,0,Cloudy,21.3,1,4,5.23,3,0.5
2025-02-16 15:45:00,Sunday,15,1,0,Cloudy,21.6,9,5,6.71,16,10.81
2025-02-16 16:00:00,Sunday,16,1,0,Cloudy,21.0,4,5,5.98,5,2.39
2025-02-16 16:15:00,Sunday,16,1,0,Cloudy,21.9,9,4,4.69,15,13.11
2025-02-16 16:30:00,Sunday,16,1,0,Cloudy,19.7,13,3,5.08,25,25.09
2025-02-16 16:45:00,Sunday,16,1,0,Cloudy,21.1,7,3,5.53,13,12.36
2025-02-16 17:00:00,Sunday,17,1,0,Cloudy,21.8,18,4,7.48,38,38.12
2025-02-16 17:15:00,Sunday,17,1,0,Cloudy,22.6,16,4,4.93,30,17.34
2025-02-16 17:30:00,Sunday,17,1,0,Cloudy,22.8,13,4,6.24,31,15.43
2025-02-16 17:45:00,Sunday,17,1,0,Cloudy,20.5,21,4,5.74,43,39.75
2025-02-16 18:00:00,Sunday,18,1,0,Cloudy,21.8,14,5,6.16,30,11.41
2025-02-16 18:15:00,Sunday,18,1,0,Cloudy,24.1,17,4,8.08,33,35.27
2025-02-16 18:30:00,Sunday,18,1,0,Cloudy,23.2,14,4,5.18,27,21.39
2025-02-16 18:45:00,Sunday,18,1,0,Cloudy,20.7,10,5,4.33,19,7.16
2025-02-16 19:00:00,Sunday,19,1,0,Cloudy,22.5,15,4,5.65,27,18.54
2025-02-16 19:15:00,Sunday,19,1,0,Sunny,22.9,16,4,5.97,34,24.96
2025-02-16 19:30:00,Sunday,19,1,0,Cloudy,22.7,16,3,5.98,32,36.87
2025-02-16 19:45:00,Sunday,19,1,0,Cloudy,22.1,13,4,5.29,22,20.76
2025-02-16 20:00:00,Sunday,20,1,0,Cloudy,22.5,13,4,6.13,22,21.32
2025-02-16 20:15:00,Sunday,20,1,0,Cloudy,20.8,8,3,6.54,11,21.28
2025-02-16 20:30:00,Sunday,20,1,0,Cloudy,19.6,8,4,6.39,15,15.55
2025-02-16 20:45:00,Sunday,20,1,0,Cloudy,20.3,11,3,6.24,15,23.95
2025-02-16 21:00:00,Sunday,21,1,0,Cloudy,20.2,4,3,5.4,10,4.93
2025-02-16 21:15:00,Sunday,21,1,0,Cloudy,21.8,10,3,7.86,16,30.47
2025-02-16 21:30:00,Sunday,21,1,0,Cloudy,20.7,6,2,7.24,10,24.19
2025-02-16 21:45:00,Sunday,21,1,0,Cloudy,22.0,7,2,6.02,14,23.64
2025-02-17 08:00:00,Monday,8,0,0,Rainy,14.7,1,4,6.54,2,0.5
2025-02-17 08:15:00,Monday,8,0,0,Rainy,14.9,2,4,6.22,5,1.94
2025-02-17 08:30:00,Monday,8,0,0,Rainy,13.2,2,4,4.24,2,0.5
2025-02-17 08:45:00,Monday,8,0,0,Rainy,17.1,0,3,4.26,2,0.5
2025-02-17 09:00:00,Monday,9,0,0,Rainy,16.5,3,5,7.07,4,0.5
2025-02-17 09:15:00,Monday,9,0,0,Rainy,15.0,1,5,6.15,4,0.5
2025-02-17 09:30:00,Monday,9,0,0,Sunny,17.2,2,4,5.93,6,4.33
2025-02-17 09:45:00,Monday,9,0,0,Sunny,16.1,3,5,4.34,8,0.5
2025-02-17 10:00:00,Monday,10,0,0,Rainy,13.7,1,5,4.65,5,0.5
2025-02-17 10:15:00,Monday,10,0,0,Rainy,16.1,1,5,6.17,3,0.5
2025-02-17 10:30:00,Monday,10,0,0,Rainy,14.2,3,5,5.02,3,0.5
2025-02-17 10:45:00,Monday,10,0,0,Rainy,16.6,6,5,4.64,12,0.5
2025-02-17 11:00:00,Monday,11,0,0,Rainy,16.7,2,6,4.68,4,1.19
2025-02-17 11:15:00,Monday,11,0,0,Rainy,18.3,3,6,4.91,7,0.5
2025-02-17 11:30:00,Monday,11,0,0,Rainy,15.1,2,6,5.53,0,0.5
2025-02-17 11:45:00,Monday,11,0,0,Rainy,15.6,2,6,4.25,4,0.5
2025-02-17 12:00:00,Monday,12,0,0,Rainy,16.2,5,6,5.41,14,2.58
2025-02-17 12:15:00,Monday,12,0,0,Rainy,17.6,7,6,5.46,14,5.35
2025-02-17 12:30:00,Monday,12,0,0,Rainy,15.3,12,5,5.45,24,10.15
2025-02-17 12:45:00,Monday,12,0,0,Rainy,17.0,8,6,5.03,18,4.26
2025-02-17 13:00:00,Monday,13,0,0,Rainy,14.4,9,6,6.68,14,5.35
2025-02-17 13:15:00,Monday,13,0,0,Rainy,16.7,5,6,8.48,7,0.5
2025-02-17 13:30:00,Monday,13,0,0,Rainy,15.4,6,7,4.49,15,0.5
2025-02-17 13:45:00,Monday,13,0,0,Rainy,16.2,7,7,7.2,14,0.73
2025-02-17 14:00:00,Monday,14,0,0,Rainy,14.4,2,6,5.53,0,0.5
2025-02-17 14:15:00,Monday,14,0,0,Rainy,18.6,7,5,5.73,14,4.19
2025-02-17 14:30:00,Monday,14,0,0,Rainy,17.8,6,5,5.75,15,2.64
2025-02-17 14:45:00,Monday,14,0,0,Rainy,16.1,1,4,6.21,1,0.5
2025-02-17 15:00:00,Monday,15,0,0,Rainy,15.2,0,5,3.44,0,0.5
2025-02-17 15:15:00,Monday,15,0,0,Rainy,13.4,3,5,6.49,7,5.54
2025-02-17 15:30:00,Monday,15,0,0,Stormy,18.4,4,5,6.44,12,0.5
2025-02-17 15:45:00,Monday,15,0,0,Rainy,16.9,6,5,5.48,12,4.6
2025-02-17 16:00:00,Monday,16,0,0,Rainy,14.0,4,5,6.33,10,6.53
2025-02-17 16:15:00,Monday,16,0,0,Rainy,14.3,10,5,5.15,21,10.4
2025-02-17 16:30:00,Monday,16,0,0,Rainy,14.2,3,5,5.76,7,0.96
2025-02-17 16:45:00,Monday,16,0,0,Rainy,15.4,5,5,6.43,9,6.02
2025-02-17 17:00:00,Monday,17,0,0,Rainy,15.4,7,5,6.32,17,7.42
2025-02-17 17:15:00,Monday,17,0,0,Rainy,17.1,7,6,4.71,11,2.36
2025-02-17 17:30:00,Monday,17,0,0,Rainy,17.6,9,5,4.71,16,7.93
2025-02-17 17:45:00,Monday,17,0,0,Rainy,14.5,6,5,4.13,10,2.68
2025-02-17 18:00:00,Monday,18,0,0,Rainy,15.7,11,5,5.83,16,8.5
2025-02-17 18:15:00,Monday,18,0,0,Rainy,15.0,9,6,5.86,16,3.84
2025-02-17 18:30:00,Monday,18,0,0,Rainy,13.3,3,5,5.46,8,0.5
2025-02-17 18:45:00,Monday,18,0,0,Rainy,16.1,8,5,5.54,16,7.68
2025-02-17 19:00:00,Monday,19,0,0,Rainy,15.0,12,5,5.22,26,15.87
2025-02-17 19:15:00,Monday,19,0,0,Cloudy,14.0,10,5,4.39,20,7.54
2025-02-17 19:30:00,Monday,19,0,0,Rainy,18.3,2,6,6.01,4,7.62
2025-02-17 19:45:00,Monday,19,0,0,Rainy,16.1,7,5,5.46,15,4.78
2025-02-17 20:00:00,Monday,20,0,0,Rainy,15.3,8,6,5.8,13,8.21
2025-02-17 20:15:00,Monday,20,0,0,Rainy,16.1,4,3,5.16,9,6.14
2025-02-17 20:30:00,Monday,20,0,0,Rainy,14.2,4,4,4.74,6,5.23
2025-02-17 20:45:00,Monday,20,0,0,Rainy,16.3,6,4,6.64,11,11.17
2025-02-17 21:00:00,Monday,21,0,0,Rainy,14.9,3,3,6.05,6,11.22
2025-02-17 21:15:00,Monday,21,0,0,Rainy,15.9,5,4,5.41,4,4.81
2025-02-17 21:30:00,Monday,21,0,0,Rainy,14.7,5,5,6.91,10,1.63
2025-02-17 21:45:00,Monday,21,0,0,Rainy,16.6,2,4,5.69,3,0.5
2025-02-18 08:00:00,Tuesday,8,0,0,Cloudy,23.3,1,4,5.32,2,0.5
2025-02-18 08:15:00,Tuesday,8,0,0,Cloudy,20.7,0,4,7.4,3,0.5
2025-02-18 08:30:00,Tuesday,8,0,0,Cloudy,23.0,1,3,4.31,1,0.5
2025-02-18 08:45:00,Tuesday,8,0,0,Cloudy,21.5,4,4,6.23,8,3.73
2025-02-18 09:00:00,Tuesday,9,0,0,Cloudy,21.6,1,5,5.82,3,0.5
2025-02-18 09:15:00,Tuesday,9,0,0,Sunny,22.9,3,5,5.4,5,0.5
2025-02-18 09:30:00,Tuesday,9,0,0,Cloudy,21.5,4,5,5.75,11,6.1
2025-02-18 09:45:00,Tuesday,9,0,0,Cloudy,24.1,2,5,5.45,0,0.5
2025-02-18 10:00:00,Tuesday,10,0,0,Cloudy,24.1,6,5,4.22,13,0.5
2025-02-18 10:15:00,Tuesday,10,0,0,Cloudy,22.0,8,5,6.28,14,8.99
2025-02-18 10:30:00,Tuesday,10,0,0,Cloudy,22.5,5,5,4.97,10,3.1
2025-02-18 10:45:00,Tuesday,10,0,0,Cloudy,23.1,2,5,6.19,4,0.5
2025-02-18 11:00:00,Tuesday,11,0,0,Cloudy,23.0,6,6,4.73,15,0.5
2025-02-18 11:15:00,Tuesday,11,0,0,Cloudy,22.8,6,6,5.38,12,0.5
2025-02-18 11:30:00,Tuesday,11,0,0,Cloudy,22.9,8,6,5.8,16,4.69
2025-02-18 11:45:00,Tuesday,11,0,0,Cloudy,23.6,9,7,5.8,13,0.5
2025-02-18 12:00:00,Tuesday,12,0,0,Cloudy,21.2,11,6,5.97,15,9.15
2025-02-18 12:15:00,Tuesday,12,0,0,Cloudy,23.1,10,5,5.94,18,8.09
2025-02-18 12:30:00,Tuesday,12,0,0,Cloudy,24.3,8,6,4.3,13,0.81
2025-02-18 12:45:00,Tuesday,12,0,0,Sunny,22.5,10,6,7.1,19,6.86
2025-02-18 13:00:00,Tuesday,13,0,0,Cloudy,25.3,10,6,5.18,18,7.9
2025-02-18 13:15:00,Tuesday,13,0,0,Cloudy,24.3,9,6,4.4,19,0.5
2025-02-18 13:30:00,Tuesday,13,0,0,Cloudy,23.1,11,6,6.52,23,4.52
2025-02-18 13:45:00,Tuesday,13,0,0,Cloudy,26.1,7,6,5.41,10,4.72
2025-02-18 14:00:00,Tuesday,14,0,0,Cloudy,23.6,7,6,4.79,13,0.5
2025-02-18 14:15:00,Tuesday,14,0,0,Cloudy,23.9,9,6,4.44,18,6.07
2025-02-18 14:30:00,Tuesday,14,0,0,Sunny,23.8,7,5,6.14,16,7.27
2025-02-18 14:45:00,Tuesday,14,0,0,Cloudy,26.9,3,4,5.49,0,0.5
2025-02-18 15:00:00,Tuesday,15,0,0,Cloudy,22.4,3,5,5.83,7,2.59
2025-02-18 15:15:00,Tuesday,15,0,0,Cloudy,22.0,6,6,4.93,11,0.5
2025-02-18 15:30:00,Tuesday,15,0,0,Cloudy,24.3,7,6,5.74,16,0.5
2025-02-18 15:45:00,Tuesday,15,0,0,Cloudy,23.9,3,5,4.47,5,0.5
2025-02-18 16:00:00,Tuesday,16,0,0,Cloudy,25.3,4,5,7.11,6,0.5
2025-02-18 16:15:00,Tuesday,16,0,0,Cloudy,23.8,4,4,4.93,13,0.5
2025-02-18 16:30:00,Tuesday,16,0,0,Cloudy,23.1,10,5,5.67,18,3.86
2025-02-18 16:45:00,Tuesday,16,0,0,Windy,24.1,8,5,6.1,19,6.87
2025-02-18 17:00:00,Tuesday,17,0,0,Sunny,25.1,8,4,6.06,21,9.43
2025-02-18 17:15:00,Tuesday,17,0,0,Cloudy,23.0,15,5,5.47,24,11.26
2025-02-18 17:30:00,Tuesday,17,0,0,Cloudy,24.4,11,5,5.85,19,12.86
2025-02-18 17:45:00,Tuesday,17,0,0,Sunny,24.7,10,5,5.72,23,6.92
2025-02-18 18:00:00,Tuesday,18,0,0,Cloudy,22.6,4,4,6.26,11,1.6
2025-02-18 18:15:00,Tuesday,18,0,0,Cloudy,24.1,12,5,4.1,21,1.14
2025-02-18 18:30:00,Tuesday,18,0,0,Cloudy,23.5,6,6,5.48,10,1.13
2025-02-18 18:45:00,Tuesday,18,0,0,Cloudy,22.9,11,5,6.43,20,11.2
2025-02-18 19:00:00,Tuesday,19,0,0,Cloudy,22.1,11,5,4.89,21,7.75
2025-02-18 19:15:00,Tuesday,19,0,0,Cloudy,22.0,12,5,6.62,25,10.52
2025-02-18 19:30:00,Tuesday,19,0,0,Cloudy,24.0,6,5,6.63,8,3.7
2025-02-18 19:45:00,Tuesday,19,0,0,Cloudy,20.7,7,4,5.36,15,10.07
2025-02-18 20:00:00,Tuesday,20,0,0,Cloudy,23.9,9,6,5.89,19,6.57
2025-02-18 20:15:00,Tuesday,20,0,0,Cloudy,24.1,6,4,5.83,12,5.67
2025-02-18 20:30:00,Tuesday,20,0,0,Cloudy,21.7,7,4,6.18,11,7.77
2025-02-18 20:45:00,Tuesday,20,0,0,Cloudy,23.3,8,4,5.07,16,13.81
2025-02-18 21:00:00,Tuesday,21,0,0,Sunny,23.8,7,4,5.99,12,8.49
2025-02-18 21:15:00,Tuesday,21,0,0,Cloudy,24.1,4,4,6.34,8,5.43
2025-02-18 21:30:00,Tuesday,21,0,0,Cloudy,21.6,1,4,5.5,2,0.5
2025-02-18 21:45:00,Tuesday,21,0,0,Sunny,21.2,3,3,5.33,6,5.05
2025-02-19 08:00:00,Wednesday,8,0,0,Sunny,28.5,3,4,5.58,2,1.14
2025-02-19 08:15:00,Wednesday,8,0,0,Sunny,26.1,0,4,5.56,0,0.5
2025-02-19 08:30:00,Wednesday,8,0,0,Sunny,28.7,3,4,5.81,7,0.5
2025-02-19 08:45:00,Wednesday,8,0,0,Sunny,25.5,1,4,6.15,4,0.5
2025-02-19 09:00:00,Wednesday,9,0,0,Sunny,26.0,2,5,5.69,2,0.5
2025-02-19 09:15:00,Wednesday,9,0,0,Sunny,30.5,2,6,5.46,0,0.5
2025-02-19 09:30:00,Wednesday,9,0,0,Sunny,26.3,2,5,5.26,4,0.5
2025-02-19 09:45:00,Wednesday,9,0,0,Sunny,31.9,2,5,5.3,3,0.5
2025-02-19 10:00:00,Wednesday,10,0,0,Sunny,28.4,4,5,7.0,9,2.84
2025-02-19 10:15:00,Wednesday,10,0,0,Sunny,29.1,3,5,5.48,3,0.5
2025-02-19 10:30:00,Wednesday,10,0,0,Sunny,28.3,9,6,5.31,18,2.62
2025-02-19 10:45:00,Wednesday,10,0,0,Sunny,30.5,10,5,6.09,18,11.59
2025-02-19 11:00:00,Wednesday,11,0,0,Sunny,28.7,5,6,4.15,10,0.5
2025-02-19 11:15:00,Wednesday,11,0,0,Sunny,30.2,9,6,5.7,16,1.23
2025-02-19 11:30:00,Wednesday,11,0,0,Sunny,29.6,7,6,5.56,13,0.5
2025-02-19 11:45:00,Wednesday,11,0,0,Sunny,28.0,11,5,5.92,25,8.05
2025-02-19 12:00:00,Wednesday,12,0,0,Sunny,28.4,12,5,5.67,25,10.01
2025-02-19 12:15:00,Wednesday,12,0,0,Sunny,28.9,12,6,4.95,20,5.09
2025-02-19 12:30:00,Wednesday,12,0,0,Sunny,29.1,12,6,5.86,25,7.79
2025-02-19 12:45:00,Wednesday,12,0,0,Sunny,29.0,13,6,6.65,21,7.59
2025-02-19 13:00:00,Wednesday,13,0,0,Sunny,27.6,10,6,6.21,16,3.73
2025-02-19 13:15:00,Wednesday,13,0,0,Sunny,27.0,6,6,5.69,11,0.5
2025-02-19 13:30:00,Wednesday,13,0,0,Sunny,27.4,9,6,4.97,20,3.43
2025-02-19 13:45:00,Wednesday,13,0,0,Sunny,31.5,5,6,5.21,5,0.5
2025-02-19 14:00:00,Wednesday,14,0,0,Sunny,29.4,7,6,4.52,10,1.9
2025-02-19 14:15:00,Wednesday,14,0,0,Sunny,29.0,6,5,4.25,16,3.79
2025-02-19 14:30:00,Wednesday,14,0,0,Sunny,26.1,9,5,5.54,15,4.38
2025-02-19 14:45:00,Wednesday,14,0,0,Sunny,31.1,5,5,4.67,10,3.94
2025-02-19 15:00:00,Wednesday,15,0,0,Sunny,29.1,8,5,5.42,15,5.78
2025-02-19 15:15:00,Wednesday,15,0,0,Sunny,30.6,3,5,6.73,7,0.9
2025-02-19 15:30:00,Wednesday,15,0,0,Sunny,30.8,9,5,4.84,18,7.63
2025-02-19 15:45:00,Wednesday,15,0,0,Sunny,28.0,9,5,5.52,17,5.02
2025-02-19 16:00:00,Wednesday,16,0,0,Rainy,27.5,7,4,5.18,13,9.13
2025-02-19 16:15:00,Wednesday,16,0,0,Sunny,30.1,9,5,5.76,16,6.53
2025-02-19 16:30:00,Wednesday,16,0,0,Sunny,29.4,8,4,3.67,13,6.14
2025-02-19 16:45:00,Wednesday,16,0,0,Sunny,27.6,13,5,4.72,28,13.62
2025-02-19 17:00:00,Wednesday,17,0,0,Sunny,29.5,6,5,5.23,11,2.59
2025-02-19 17:15:00,Wednesday,17,0,0,Sunny,28.0,15,5,5.26,34,14.56
2025-02-19 17:30:00,Wednesday,17,0,0,Sunny,29.1,16,5,6.01,40,19.97
2025-02-19 17:45:00,Wednesday,17,0,0,Sunny,29.5,15,5,5.35,32,11.99
2025-02-19 18:00:00,Wednesday,18,0,0,Sunny,29.6,14,4,5.93,29,16.67
2025-02-19 18:15:00,Wednesday,18,0,0,Sunny,27.7,12,5,6.09,19,9.25
2025-02-19 18:30:00,Wednesday,18,0,0,Sunny,32.5,19,6,7.16,37,19.74
2025-02-19 18:45:00,Wednesday,18,0,0,Sunny,26.0,7,4,4.11,14,0.7
2025-02-19 19:00:00,Wednesday,19,0,0,Sunny,26.7,6,5,5.35,12,3.93
2025-02-19 19:15:00,Wednesday,19,0,0,Sunny,27.7,11,5,5.5,19,6.98
2025-02-19 19:30:00,Wednesday,19,0,0,Sunny,29.0,11,6,5.46,19,4.52
2025-02-19 19:45:00,Wednesday,19,0,0,Sunny,25.8,9,5,5.65,22,11.48
2025-02-19 20:00:00,Wednesday,20,0,0,Sunny,27.1,11,5,6.88,22,12.67
2025-02-19 20:15:00,Wednesday,20,0,0,Sunny,29.9,10,5,5.08,19,4.93
2025-02-19 20:30:00,Wednesday,20,0,0,Sunny,28.1,8,4,5.68,13,8.19
2025-02-19 20:45:00,Wednesday,20,0,0,Sunny,28.3,8,4,5.7,14,7.75
2025-02-19 21:00:00,Wednesday,21,0,0,Sunny,27.7,5,4,3.71,10,3.24
2025-02-19 21:15:00,Wednesday,21,0,0,Sunny,29.5,4,4,4.72,4,0.5
2025-02-19 21:30:00,Wednesday,21,0,0,Sunny,31.8,3,4,5.4,7,0.5
2025-02-19 21:45:00,Wednesday,21,0,0,Sunny,26.5,4,4,5.49,8,0.5
2025-02-20 08:00:00,Thursday,8,0,0,Windy,19.7,3,1,5.45,3,16.25
2025-02-20 08:15:00,Thursday,8,0,0,Windy,19.1,0,2,5.27,0,1.91
2025-02-20 08:30:00,Thursday,8,0,0,Sunny,20.1,0,2,7.17,1,0.5
2025-02-20 08:45:00,Thursday,8,0,0,Windy,20.8,1,2,6.09,5,0.98
2025-02-20 09:00:00,Thursday,9,0,0,Windy,19.1,2,3,6.12,4,0.5
2025-02-20 09:15:00,Thursday,9,0,0,Windy,17.8,1,3,5.49,5,4.97
2025-02-20 09:30:00,Thursday,9,0,0,Windy,18.3,3,3,5.11,8,3.55
2025-02-20 09:45:00,Thursday,9,0,0,Rainy,19.6,5,2,4.54,12,11.57
2025-02-20 10:00:00,Thursday,10,0,0,Windy,21.5,4,3,7.21,10,8.06
2025-02-20 10:15:00,Thursday,10,0,0,Windy,20.3,3,3,5.73,5,3.5
2025-02-20 10:30:00,Thursday,10,0,0,Windy,21.7,7,2,7.27,16,26.53
2025-02-20 10:45:00,Thursday,10,0,0,Windy,20.5,2,3,4.93,4,0.5
2025-02-20 11:00:00,Thursday,11,0,0,Windy,17.9,7,4,5.95,11,7.47
2025-02-20 11:15:00,Thursday,11,0,0,Windy,22.5,11,4,5.17,20,15.2
2025-02-20 11:30:00,Thursday,11,0,0,Rainy,21.4,1,4,3.54,4,1.52
2025-02-20 11:45:00,Thursday,11,0,0,Windy,20.9,10,5,5.33,18,6.15
2025-02-20 12:00:00,Thursday,12,0,0,Windy,22.3,12,5,6.66,24,12.3
2025-02-20 12:15:00,Thursday,12,0,0,Windy,22.3,11,4,4.46,24,6.78
2025-02-20 12:30:00,Thursday,12,0,0,Windy,21.5,10,4,4.96,19,7.93
2025-02-20 12:45:00,Thursday,12,0,0,Windy,19.3,12,4,6.03,19,18.48
2025-02-20 13:00:00,Thursday,13,0,0,Windy,20.5,4,3,6.37,10,5.4
2025-02-20 13:15:00,Thursday,13,0,0,Windy,21.2,12,4,7.26,21,19.03
2025-02-20 13:30:00,Thursday,13,0,0,Windy,23.3,3,3,5.69,5,5.08
2025-02-20 13:45:00,Thursday,13,0,0,Windy,20.3,9,4,5.27,17,9.03
2025-02-20 14:00:00,Thursday,14,0,0,Windy,18.2,5,4,5.3,12,2.8
2025-02-20 14:15:00,Thursday,14,0,0,Windy,20.6,3,3,4.59,8,3.1
2025-02-20 14:30:00,Thursday,14,0,0,Windy,18.8,8,4,4.87,13,7.65
2025-02-20 14:45:00,Thursday,14,0,0,Windy,20.1,4,2,5.04,6,7.44
2025-02-20 15:00:00,Thursday,15,0,0,Windy,18.7,3,3,6.03,8,1.87
2025-02-20 15:15:00,Thursday,15,0,0,Windy,22.1,3,3,5.8,10,1.39
2025-02-20 15:30:00,Thursday,15,0,0,Windy,22.1,6,3,6.82,13,12.2
2025-02-20 15:45:00,Thursday,15,0,0,Windy,20.7,2,3,5.96,0,1.17
2025-02-20 16:00:00,Thursday,16,0,0,Windy,18.7,2,2,5.77,3,6.88
2025-02-20 16:15:00,Thursday,16,0,0,Windy,22.3,5,2,5.43,10,13.03
2025-02-20 16:30:00,Thursday,16,0,0,Windy,23.8,9,3,4.26,22,14.15
2025-02-20 16:45:00,Thursday,16,0,0,Windy,19.4,8,3,6.14,12,15.16
2025-02-20 17:00:00,Thursday,17,0,0,Windy,20.1,7,4,4.71,18,7.85
2025-02-20 17:15:00,Thursday,17,0,0,Windy,20.2,11,3,7.15,20,24.55
2025-02-20 17:30:00,Thursday,17,0,0,Windy,22.5,13,4,6.55,21,21.51
2025-02-20 17:45:00,Thursday,17,0,0,Windy,19.7,12,4,4.17,22,8.26
2025-02-20 18:00:00,Thursday,18,0,0,Windy,20.2,16,3,8.22,35,49.75
2025-02-20 18:15:00,Thursday,18,0,0,Windy,20.2,14,3,6.65,33,32.69
2025-02-20 18:30:00,Thursday,18,0,0,Windy,21.2,20,3,7.13,43,52.28
2025-02-20 18:45:00,Thursday,18,0,0,Windy,19.2,19,4,6.65,40,31.79
2025-02-20 19:00:00,Thursday,19,0,0,Windy,22.6,20,3,6.0,33,36.81
2025-02-20 19:15:00,Thursday,19,0,0,Windy,21.6,9,3,5.27,19,15.62
2025-02-20 19:30:00,Thursday,19,0,0,Windy,19.6,15,3,7.63,29,35.27
2025-02-20 19:45:00,Thursday,19,0,0,Windy,18.6,8,3,4.41,13,9.7
2025-02-20 20:00:00,Thursday,20,0,0,Windy,20.2,7,3,5.26,11,11.4
2025-02-20 20:15:00,Thursday,20,0,0,Windy,17.0,7,2,5.58,14,15.43
2025-02-20 20:30:00,Thursday,20,0,0,Windy,17.5,11,2,7.65,25,45.87
2025-02-20 20:45:00,Thursday,20,0,0,Windy,20.8,4,2,5.27,8,13.21
2025-02-20 21:00:00,Thursday,21,0,0,Windy,19.0,6,1,6.72,13,41.29
2025-02-20 21:15:00,Thursday,21,0,0,Windy,19.5,6,2,4.71,15,11.87
2025-02-20 21:30:00,Thursday,21,0,0,Windy,20.3,4,2,4.77,8,5.65
2025-02-20 21:45:00,Thursday,21,0,0,Windy,19.1,4,2,7.16,6,13.87
2025-02-21 08:00:00,Friday,8,0,0,Cloudy,21.9,2,3,5.07,3,2.88
2025-02-21 08:15:00,Friday,8,0,0,Cloudy,22.8,1,3,5.3,4,0.5
2025-02-21 08:30:00,Friday,8,0,0,Cloudy,26.1,0,3,5.75,0,0.5
2025-02-21 08:45:00,Friday,8,0,0,Cloudy,23.3,2,3,6.66,2,0.77
2025-02-21 09:00:00,Friday,9,0,0,Cloudy,21.4,2,4,7.23,0,0.5
2025-02-21 09:15:00,Friday,9,0,0,Cloudy,22.0,2,4,6.05,3,2.44
2025-02-21 09:30:00,Friday,9,0,0,Cloudy,22.2,2,4,5.54,4,0.5
2025-02-21 09:45:00,Friday,9,0,0,Cloudy,19.3,3,4,4.41,5,0.5
2025-02-21 10:00:00,Friday,10,0,0,Cloudy,22.1,1,4,6.28,1,0.5
2025-02-21 10:15:00,Friday,10,0,0,Cloudy,24.9,3,4,4.86,6,2.48
2025-02-21 10:30:00,Friday,10,0,0,Cloudy,22.6,7,4,4.25,19,5.97
2025-02-21 10:45:00,Friday,10,0,0,Cloudy,22.5,3,5,5.06,5,0.5
2025-02-21 11:00:00,Friday,11,0,0,Cloudy,23.7,6,5,7.43,13,4.13
2025-02-21 11:15:00,Friday,11,0,0,Cloudy,22.0,8,6,5.28,17,1.98
2025-02-21 11:30:00,Friday,11,0,0,Sunny,22.8,11,4,5.6,22,16.13
2025-02-21 11:45:00,Friday,11,0,0,Cloudy,23.7,6,6,6.07,11,0.65
2025-02-21 12:00:00,Friday,12,0,0,Cloudy,22.7,20,5,6.72,43,26.43
2025-02-21 12:15:00,Friday,12,0,0,Cloudy,22.4,9,5,6.49,15,6.17
2025-02-21 12:30:00,Friday,12,0,0,Cloudy,25.0,6,5,4.61,10,0.5
2025-02-21 12:45:00,Friday,12,0,0,Cloudy,23.6,11,6,6.04,19,4.38
2025-02-21 13:00:00,Friday,13,0,0,Cloudy,25.2,11,5,6.05,23,12.16
2025-02-21 13:15:00,Friday,13,0,0,Cloudy,25.1,7,5,5.51,13,4.82
2025-02-21 13:30:00,Friday,13,0,0,Cloudy,22.4,15,5,6.21,32,19.63
2025-02-21 13:45:00,Friday,13,0,0,Cloudy,22.6,9,4,4.85,16,6.84
2025-02-21 14:00:00,Friday,14,0,0,Cloudy,21.6,10,5,5.78,24,4.98
2025-02-21 14:15:00,Friday,14,0,0,Cloudy,23.6,5,5,6.07,13,0.5
2025-02-21 14:30:00,Friday,14,0,0,Cloudy,25.0,4,4,5.28,7,6.43
2025-02-21 14:45:00,Friday,14,0,0,Cloudy,24.7,7,4,5.04,13,6.08
2025-02-21 15:00:00,Friday,15,0,0,Cloudy,22.6,2,4,4.72,3,0.5
2025-02-21 15:15:00,Friday,15,0,0,Cloudy,24.7,5,4,5.87,7,6.75
2025-02-21 15:30:00,Friday,15,0,0,Cloudy,23.4,4,5,6.99,5,0.55
2025-02-21 15:45:00,Friday,15,0,0,Cloudy,22.0,9,4,5.92,20,14.18
2025-02-21 16:00:00,Friday,16,0,0,Cloudy,25.5,4,3,4.13,6,2.09
2025-02-21 16:15:00,Friday,16,0,0,Cloudy,24.4,6,4,5.44,15,2.28
2025-02-21 16:30:00,Friday,16,0,0,Cloudy,25.0,8,4,6.41,11,3.52
2025-02-21 16:45:00,Friday,16,0,0,Cloudy,21.8,13,4,4.84,23,12.94
2025-02-21 17:00:00,Friday,17,0,0,Cloudy,21.8,11,5,7.12,17,9.36
2025-02-21 17:15:00,Friday,17,0,0,Cloudy,22.7,12,4,6.86,17,16.93
2025-02-21 17:30:00,Friday,17,0,0,Cloudy,25.4,13,4,6.92,25,18.72
2025-02-21 17:45:00,Friday,17,0,0,Cloudy,22.4,14,4,5.1,28,21.49
2025-02-21 18:00:00,Friday,18,0,0,Cloudy,21.3,14,4,5.33,28,16.2
2025-02-21 18:15:00,Friday,18,0,0,Sunny,22.8,12,4,5.85,25,18.7
2025-02-21 18:30:00,Friday,18,0,0,Cloudy,22.7,11,4,5.53,21,14.17
2025-02-21 18:45:00,Friday,18,0,0,Cloudy,24.2,15,5,5.74,32,18.16
2025-02-21 19:00:00,Friday,19,0,0,Cloudy,23.4,11,4,5.47,22,13.18
2025-02-21 19:15:00,Friday,19,0,0,Cloudy,23.2,10,4,5.79,14,11.6
2025-02-21 19:30:00,Friday,19,0,0,Cloudy,23.8,13,4,5.23,24,18.25
2025-02-21 19:45:00,Friday,19,0,0,Cloudy,26.5,12,4,4.55,26,10.6
2025-02-21 20:00:00,Friday,20,0,0,Cloudy,21.1,7,4,5.86,13,6.59
2025-02-21 20:15:00,Friday,20,0,0,Cloudy,22.0,7,3,5.65,13,12.14
2025-02-21 20:30:00,Friday,20,0,0,Cloudy,25.0,3,3,6.36,5,3.96
2025-02-21 20:45:00,Friday,20,0,0,Cloudy,20.3,8,4,5.28,15,3.94
2025-02-21 21:00:00,Friday,21,0,0,Windy,23.3,6,3,5.3,10,13.27
2025-02-21 21:15:00,Friday,21,0,0,Cloudy,25.0,2,2,4.43,3,0.5
2025-02-21 21:30:00,Friday,21,0,0,Cloudy,23.8,3,3,5.1,6,0.5
2025-02-21 21:45:00,Friday,21,0,0,Cloudy,21.6,2,3,5.86,6,0.5
2025-02-22 08:00:00,Saturday,8,1,1,Sunny,28.0,2,5,4.93,3,0.5
2025-02-22 08:15:00,Saturday,8,1,1,Sunny,28.7,2,5,6.3,5,5.12
2025-02-22 08:30:00,Saturday,8,1,1,Sunny,29.6,5,5,5.56,9,2.59
2025-02-22 08:45:00,Saturday,8,1,1,Sunny,29.9,7,6,4.44,14,7.07
2025-02-22 09:00:00,Saturday,9,1,1,Rainy,28.2,3,6,5.1,3,6.88
2025-02-22 09:15:00,Saturday,9,1,1,Sunny,27.6,7,7,4.31,14,5.09
2025-02-22 09:30:00,Saturday,9,1,1,Sunny,29.1,3,6,4.62,8,2.81
2025-02-22 09:45:00,Saturday,9,1,1,Sunny,25.3,2,7,4.96,5,0.5
2025-02-22 10:00:00,Saturday,10,1,1,Sunny,27.4,4,6,5.37,10,0.5
2025-02-22 10:15:00,Saturday,10,1,1,Sunny,27.4,12,6,6.39,21,13.44
2025-02-22 10:30:00,Saturday,10,1,1,Sunny,26.1,15,6,5.07,30,11.07
2025-02-22 10:45:00,Saturday,10,1,1,Sunny,27.7,13,6,4.04,27,9.73
2025-02-22 11:00:00,Saturday,11,1,1,Sunny,27.6,9,8,6.52,16,0.69
2025-02-22 11:15:00,Saturday,11,1,1,Sunny,25.1,16,7,5.18,34,11.46
2025-02-22 11:30:00,Saturday,11,1,1,Sunny,28.9,24,7,6.8,44,22.2
2025-02-22 11:45:00,Saturday,11,1,1,Cloudy,28.7,20,8,5.89,33,11.32
2025-02-22 12:00:00,Saturday,12,1,1,Sunny,26.5,15,7,5.73,29,12.92
2025-02-22 12:15:00,Saturday,12,1,1,Sunny,26.0,24,7,4.12,40,15.6
2025-02-22 12:30:00,Saturday,12,1,1,Sunny,28.6,18,8,4.78,37,13.49
2025-02-22 12:45:00,Saturday,12,1,1,Sunny,30.1,18,7,6.53,36,15.37
2025-02-22 13:00:00,Saturday,13,1,1,Sunny,30.1,18,7,5.93,39,18.17
2025-02-22 13:15:00,Saturday,13,1,1,Sunny,26.8,13,6,5.65,23,13.19
2025-02-22 13:30:00,Saturday,13,1,1,Stormy,27.4,9,7,5.35,15,5.86
2025-02-22 13:45:00,Saturday,13,1,1,Sunny,28.8,18,7,4.68,35,11.33
2025-02-22 14:00:00,Saturday,14,1,1,Sunny,29.7,16,7,5.66,36,14.86
2025-02-22 14:15:00,Saturday,14,1,1,Sunny,30.8,9,6,6.12,15,11.17
2025-02-22 14:30:00,Saturday,14,1,1,Sunny,27.9,14,6,5.52,32,18.91
2025-02-22 14:45:00,Saturday,14,1,1,Sunny,28.0,12,6,4.8,21,10.89
2025-02-22 15:00:00,Saturday,15,1,1,Sunny,30.9,9,6,3.91,17,8.01
2025-02-22 15:15:00,Saturday,15,1,1,Sunny,31.7,13,6,5.54,23,15.5
2025-02-22 15:30:00,Saturday,15,1,1,Sunny,28.6,10,6,6.69,12,8.0
2025-02-22 15:45:00,Saturday,15,1,1,Sunny,25.2,11,7,5.4,25,5.79
2025-02-22 16:00:00,Saturday,16,1,1,Sunny,31.1,11,6,6.02,23,11.1
2025-02-22 16:15:00,Saturday,16,1,1,Sunny,27.8,15,7,4.86,27,11.53
2025-02-22 16:30:00,Saturday,16,1,1,Sunny,27.6,16,5,5.14,34,20.83
2025-02-22 16:45:00,Saturday,16,1,1,Sunny,26.5,18,6,5.33,35,19.94
2025-02-22 17:00:00,Saturday,17,1,1,Sunny,28.6,23,6,7.35,45,33.57
2025-02-22 17:15:00,Saturday,17,1,1,Sunny,30.6,27,6,7.04,48,30.25
2025-02-22 17:30:00,Saturday,17,1,1,Sunny,27.9,16,6,4.79,27,16.29
2025-02-22 17:45:00,Saturday,17,1,1,Sunny,30.5,27,6,6.92,56,36.53
2025-02-22 18:00:00,Saturday,18,1,1,Sunny,26.1,27,6,6.31,60,33.83
2025-02-22 18:15:00,Saturday,18,1,1,Sunny,27.4,26,6,5.38,54,27.68
2025-02-22 18:30:00,Saturday,18,1,1,Sunny,30.2,29,6,8.1,54,40.81
2025-02-22 18:45:00,Saturday,18,1,1,Sunny,27.8,22,7,5.87,37,24.0
2025-02-22 19:00:00,Saturday,19,1,1,Sunny,29.4,31,6,5.82,61,35.99
2025-02-22 19:15:00,Saturday,19,1,1,Sunny,27.5,18,6,6.22,38,21.51
2025-02-22 19:30:00,Saturday,19,1,1,Sunny,28.1,26,6,7.39,54,41.06
2025-02-22 19:45:00,Saturday,19,1,1,Sunny,27.3,24,6,5.38,40,22.21
2025-02-22 20:00:00,Saturday,20,1,1,Sunny,28.1,19,6,6.84,37,20.28
2025-02-22 20:15:00,Saturday,20,1,1,Sunny,28.8,16,5,6.54,30,24.72
2025-02-22 20:30:00,Saturday,20,1,1,Sunny,27.5,14,5,4.9,29,11.85
2025-02-22 20:45:00,Saturday,20,1,1,Sunny,28.0,10,6,3.43,18,5.3
2025-02-22 21:00:00,Saturday,21,1,1,Sunny,27.4,9,4,6.11,14,15.34
2025-02-22 21:15:00,Saturday,21,1,1,Sunny,26.4,14,5,6.2,15,20.55
2025-02-22 21:30:00,Saturday,21,1,1,Windy,27.4,9,4,4.99,15,15.75
2025-02-22 21:45:00,Saturday,21,1,1,Cloudy,26.1,8,4,5.05,18,10.43
2025-02-23 08:00:00,Sunday,8,1,0,Cloudy,23.7,4,4,5.96,6,2.8
2025-02-23 08:15:00,Sunday,8,1,0,Cloudy,25.1,1,4,5.88,2,1.02
2025-02-23 08:30:00,Sunday,8,1,0,Cloudy,22.4,2,4,4.3,1,0.5
2025-02-23 08:45:00,Sunday,8,1,0,Cloudy,28.0,1,4,4.99,3,0.5
2025-02-23 09:00:00,Sunday,9,1,0,Cloudy,23.0,4,5,5.39,8,0.86
2025-02-23 09:15:00,Sunday,9,1,0,Cloudy,22.8,2,5,5.18,4,0.5
2025-02-23 09:30:00,Sunday,9,1,0,Cloudy,22.7,5,5,5.65,5,0.5
2025-02-23 09:45:00,Sunday,9,1,0,Cloudy,23.2,2,4,5.87,3,0.5
2025-02-23 10:00:00,Sunday,10,1,0,Cloudy,24.9,4,4,5.81,8,0.5
2025-02-23 10:15:00,Sunday,10,1,0,Sunny,23.6,10,5,5.96,21,10.25
2025-02-23 10:30:00,Sunday,10,1,0,Cloudy,26.5,0,5,4.69,1,0.5
2025-02-23 10:45:00,Sunday,10,1,0,Stormy,22.9,4,5,5.11,4,0.97
2025-02-23 11:00:00,Sunday,11,1,0,Cloudy,28.1,11,6,4.48,15,2.75
2025-02-23 11:15:00,Sunday,11,1,0,Cloudy,25.3,9,6,6.34,17,8.16
2025-02-23 11:30:00,Sunday,11,1,0,Cloudy,26.3,13,6,6.23,28,10.62
2025-02-23 11:45:00,Sunday,11,1,0,Cloudy,23.2,11,6,4.71,22,6.81
2025-02-23 12:00:00,Sunday,12,1,0,Cloudy,25.8,11,6,6.75,21,8.52
2025-02-23 12:15:00,Sunday,12,1,0,Cloudy,25.8,14,5,7.11,21,15.63
2025-02-23 12:30:00,Sunday,12,1,0,Cloudy,23.9,19,6,6.69,32,19.29
2025-02-23 12:45:00,Sunday,12,1,0,Cloudy,21.6,12,6,5.68,23,10.13
2025-02-23 13:00:00,Sunday,13,1,0,Cloudy,20.7,14,7,5.8,30,4.12
2025-02-23 13:15:00,Sunday,13,1,0,Cloudy,25.9,7,7,7.8,11,1.17
2025-02-23 13:30:00,Sunday,13,1,0,Cloudy,24.3,12,6,7.01,23,10.29
2025-02-23 13:45:00,Sunday,13,1,0,Cloudy,25.0,11,6,5.35,19,7.85
2025-02-23 14:00:00,Sunday,14,1,0,Cloudy,23.6,8,6,6.43,14,6.29
2025-02-23 14:15:00,Sunday,14,1,0,Cloudy,23.2,15,6,5.52,31,19.24
2025-02-23 14:30:00,Sunday,14,1,0,Cloudy,24.1,7,5,4.42,11,1.24
2025-02-23 14:45:00,Sunday,14,1,0,Cloudy,24.8,4,5,2.88,9,2.17
2025-02-23 15:00:00,Sunday,15,1,0,Cloudy,23.5,8,5,6.56,17,12.55
2025-02-23 15:15:00,Sunday,15,1,0,Cloudy,27.9,8,5,6.01,18,7.37
2025-02-23 15:30:00,Sunday,15,1,0,Cloudy,27.8,4,5,4.97,10,1.11
2025-02-23 15:45:00,Sunday,15,1,0,Cloudy,28.6,6,5,5.26,10,3.33
2025-02-23 16:00:00,Sunday,16,1,0,Cloudy,25.6,10,5,5.64,18,5.81
2025-02-23 16:15:00,Sunday,16,1,0,Cloudy,25.6,11,5,4.08,19,7.31
2025-02-23 16:30:00,Sunday,16,1,0,Cloudy,26.4,5,5,6.08,11,5.82
2025-02-23 16:45:00,Sunday,16,1,0,Cloudy,25.9,10,5,6.0,21,11.38
2025-02-23 17:00:00,Sunday,17,1,0,Cloudy,23.7,8,4,5.02,15,8.12
2025-02-23 17:15:00,Sunday,17,1,0,Rainy,24.5,5,5,4.95,11,3.88
2025-02-23 17:30:00,Sunday,17,1,0,Cloudy,25.8,19,4,7.33,36,36.72
2025-02-23 17:45:00,Sunday,17,1,0,Cloudy,25.3,10,4,5.16,22,14.03
2025-02-23 18:00:00,Sunday,18,1,0,Cloudy,26.5,13,5,6.69,27,18.76
2025-02-23 18:15:00,Sunday,18,1,0,Cloudy,23.7,22,5,7.39,42,34.82
2025-02-23 18:30:00,Sunday,18,1,0,Cloudy,25.6,24,5,5.82,48,33.19
2025-02-23 18:45:00,Sunday,18,1,0,Cloudy,22.8,17,5,6.7,31,23.4
2025-02-23 19:00:00,Sunday,19,1,0,Cloudy,24.4,18,6,5.78,32,16.25
2025-02-23 19:15:00,Sunday,19,1,0,Cloudy,22.2,20,5,4.87,36,22.73
2025-02-23 19:30:00,Sunday,19,1,0,Cloudy,20.3,16,4,6.1,33,26.12
2025-02-23 19:45:00,Sunday,19,1,0,Cloudy,24.5,12,5,6.66,22,17.35
2025-02-23 20:00:00,Sunday,20,1,0,Cloudy,27.8,9,5,4.66,19,7.38
2025-02-23 20:15:00,Sunday,20,1,0,Cloudy,24.2,13,4,5.52,20,17.16
2025-02-23 20:30:00,Sunday,20,1,0,Cloudy,24.6,9,3,7.12,20,25.24
2025-02-23 20:45:00,Sunday,20,1,0,Cloudy,23.0,5,5,6.8,9,0.5
2025-02-23 21:00:00,Sunday,21,1,0,Cloudy,25.0,10,4,5.32,20,11.8
2025-02-23 21:15:00,Sunday,21,1,0,Cloudy,22.5,7,4,6.72,11,8.23
2025-02-23 21:30:00,Sunday,21,1,0,Cloudy,23.1,7,4,6.52,16,8.54
2025-02-23 21:45:00,Sunday,21,1,0,Cloudy,23.0,6,4,4.98,9,7.88
2025-02-24 08:00:00,Monday,8,0,0,Cloudy,23.8,3,4,4.78,3,0.5
2025-02-24 08:15:00,Monday,8,0,0,Cloudy,22.6,2,3,6.08,4,1.45
2025-02-24 08:30:00,Monday,8,0,0,Cloudy,21.0,1,3,6.02,3,0.5
2025-02-24 08:45:00,Monday,8,0,0,Cloudy,19.9,4,3,4.74,8,8.71
2025-02-24 09:00:00,Monday,9,0,0,Cloudy,23.0,2,4,4.91,1,0.5
2025-02-24 09:15:00,Monday,9,0,0,Cloudy,24.7,2,4,5.89,3,0.5
2025-02-24 09:30:00,Monday,9,0,0,Sunny,24.3,3,4,5.49,9,0.5
2025-02-24 09:45:00,Monday,9,0,0,Cloudy,23.8,2,4,4.98,5,0.5
2025-02-24 10:00:00,Monday,10,0,0,Cloudy,19.5,2,4,6.22,5,0.5
2025-02-24 10:15:00,Monday,10,0,0,Cloudy,21.3,7,4,5.82,9,7.6
2025-02-24 10:30:00,Monday,10,0,0,Cloudy,22.9,4,3,5.77,5,7.56
2025-02-24 10:45:00,Monday,10,0,0,Cloudy,22.1,5,3,5.63,5,6.06
2025-02-24 11:00:00,Monday,11,0,0,Cloudy,22.2,6,5,4.16,13,1.79
2025-02-24 11:15:00,Monday,11,0,0,Cloudy,24.6,10,5,6.24,18,8.95
2025-02-24 11:30:00,Monday,11,0,0,Cloudy,24.1,8,5,6.11,19,6.73
2025-02-24 11:45:00,Monday,11,0,0,Cloudy,24.7,11,5,6.35,19,9.91
2025-02-24 12:00:00,Monday,12,0,0,Cloudy,22.7,13,5,6.07,27,13.16
2025-02-24 12:15:00,Monday,12,0,0,Cloudy,22.6,11,4,5.39,22,11.57
2025-02-24 12:30:00,Monday,12,0,0,Cloudy,23.8,9,5,4.56,18,3.76
2025-02-24 12:45:00,Monday,12,0,0,Cloudy,22.5,7,5,6.24,19,8.53
2025-02-24 13:00:00,Monday,13,0,0,Cloudy,20.4,14,5,5.23,24,11.03
2025-02-24 13:15:00,Monday,13,0,0,Cloudy,24.5,9,5,5.43,16,2.93
2025-02-24 13:30:00,Monday,13,0,0,Cloudy,25.6,10,5,6.39,17,7.24
2025-02-24 13:45:00,Monday,13,0,0,Cloudy,25.3,8,5,5.13,10,4.11
2025-02-24 14:00:00,Monday,14,0,0,Cloudy,23.5,7,5,4.17,17,2.72
2025-02-24 14:15:00,Monday,14,0,0,Cloudy,24.4,9,4,6.98,14,13.22
2025-02-24 14:30:00,Monday,14,0,0,Cloudy,20.9,4,5,5.5,11,1.08
2025-02-24 14:45:00,Monday,14,0,0,Cloudy,21.1,6,4,5.58,15,5.61
2025-02-24 15:00:00,Monday,15,0,0,Cloudy,21.1,6,4,5.99,14,6.33
2025-02-24 15:15:00,Monday,15,0,0,Cloudy,23.3,7,4,4.17,14,4.07
2025-02-24 15:30:00,Monday,15,0,0,Cloudy,23.2,4,5,4.93,8,0.5
2025-02-24 15:45:00,Monday,15,0,0,Cloudy,25.0,6,4,6.26,15,5.87
2025-02-24 16:00:00,Monday,16,0,0,Cloudy,19.8,8,5,4.84,12,3.16
2025-02-24 16:15:00,Monday,16,0,0,Cloudy,22.8,4,4,6.14,5,1.99
2025-02-24 16:30:00,Monday,16,0,0,Cloudy,25.6,8,5,3.9,13,0.5
2025-02-24 16:45:00,Monday,16,0,0,Cloudy,23.3,3,4,6.79,7,0.5
2025-02-24 17:00:00,Monday,17,0,0,Cloudy,25.6,8,4,6.1,16,9.06
2025-02-24 17:15:00,Monday,17,0,0,Cloudy,25.5,8,4,4.4,15,9.58
2025-02-24 17:30:00,Monday,17,0,0,Cloudy,20.4,13,3,6.7,25,23.42
2025-02-24 17:45:00,Monday,17,0,0,Cloudy,25.0,14,4,6.36,27,21.63
2025-02-24 18:00:00,Monday,18,0,0,Sunny,25.6,11,4,4.53,21,16.82
2025-02-24 18:15:00,Monday,18,0,0,Cloudy,21.1,22,4,5.2,46,29.2
2025-02-24 18:30:00,Monday,18,0,0,Cloudy,22.4,15,4,5.8,31,22.41
2025-02-24 18:45:00,Monday,18,0,0,Cloudy,24.8,10,4,6.06,20,10.63
2025-02-24 19:00:00,Monday,19,0,0,Cloudy,22.1,10,4,5.75,22,17.26
2025-02-24 19:15:00,Monday,19,0,0,Cloudy,21.2,16,4,5.78,27,22.82
2025-02-24 19:30:00,Monday,19,0,0,Cloudy,24.4,12,4,5.64,19,13.72
2025-02-24 19:45:00,Monday,19,0,0,Cloudy,21.4,9,4,5.94,19,14.38
2025-02-24 20:00:00,Monday,20,0,0,Cloudy,22.1,11,4,5.9,22,12.96
2025-02-24 20:15:00,Monday,20,0,0,Cloudy,23.1,9,3,6.42,17,15.95
2025-02-24 20:30:00,Monday,20,0,0,Cloudy,27.0,10,3,5.54,23,16.16
2025-02-24 20:45:00,Monday,20,0,0,Cloudy,23.5,3,3,6.12,6,0.87
2025-02-24 21:00:00,Monday,21,0,0,Cloudy,22.8,9,3,6.07,17,17.02
2025-02-24 21:15:00,Monday,21,0,0,Cloudy,20.0,5,4,6.43,9,8.76
2025-02-24 21:30:00,Monday,21,0,0,Cloudy,24.4,9,3,4.75,12,12.84
2025-02-24 21:45:00,Monday,21,0,0,Cloudy,22.3,5,4,5.34,5,2.76
2025-02-25 08:00:00,Tuesday,8,0,0,Stormy,20.3,1,2,6.23,4,0.5
2025-02-25 08:15:00,Tuesday,8,0,0,Stormy,16.9,5,2,6.45,9,16.81
2025-02-25 08:30:00,Tuesday,8,0,0,Stormy,17.9,2,2,5.74,4,1.93
2025-02-25 08:45:00,Tuesday,8,0,0,Stormy,18.9,2,2,5.5,5,8.13
2025-02-25 09:00:00,Tuesday,9,0,0,Cloudy,16.7,4,3,3.8,7,4.49
2025-02-25 09:15:00,Tuesday,9,0,0,Stormy,18.8,3,3,5.27,10,5.29
2025-02-25 09:30:00,Tuesday,9,0,0,Stormy,18.5,0,3,6.77,0,0.5
2025-02-25 09:45:00,Tuesday,9,0,0,Stormy,19.6,4,3,6.1,8,10.27
2025-02-25 10:00:00,Tuesday,10,0,0,Stormy,18.4,1,3,6.64,1,0.5
2025-02-25 10:15:00,Tuesday,10,0,0,Stormy,20.7,3,3,5.36,5,8.26
2025-02-25 10:30:00,Tuesday,10,0,0,Cloudy,15.9,4,3,6.19,9,11.07
2025-02-25 10:45:00,Tuesday,10,0,0,Stormy,17.7,3,3,6.12,2,6.65
2025-02-25 11:00:00,Tuesday,11,0,0,Stormy,19.8,2,4,5.18,3,0.57
2025-02-25 11:15:00,Tuesday,11,0,0,Stormy,17.8,6,4,5.81,12,2.31
2025-02-25 11:30:00,Tuesday,11,0,0,Stormy,19.9,6,4,4.28,14,1.77
2025-02-25 11:45:00,Tuesday,11,0,0,Stormy,19.2,5,4,4.89,11,2.22
2025-02-25 12:00:00,Tuesday,12,0,0,Stormy,17.3,9,4,4.93,18,9.89
2025-02-25 12:15:00,Tuesday,12,0,0,Stormy,14.4,14,3,7.01,21,28.46
2025-02-25 12:30:00,Tuesday,12,0,0,Stormy,19.6,5,4,7.17,5,5.07
2025-02-25 12:45:00,Tuesday,12,0,0,Stormy,18.5,8,4,5.9,13,8.72
2025-02-25 13:00:00,Tuesday,13,0,0,Sunny,19.6,10,3,5.63,20,17.19
2025-02-25 13:15:00,Tuesday,13,0,0,Cloudy,18.9,12,4,6.07,20,16.25
2025-02-25 13:30:00,Tuesday,13,0,0,Stormy,17.2,4,3,5.41,8,3.75
2025-02-25 13:45:00,Tuesday,13,0,0,Stormy,19.6,6,4,5.28,9,6.73
2025-02-25 14:00:00,Tuesday,14,0,0,Stormy,17.4,5,4,5.91,9,6.98
2025-02-25 14:15:00,Tuesday,14,0,0,Sunny,15.9,4,3,6.49,5,6.88
2025-02-25 14:30:00,Tuesday,14,0,0,Stormy,20.7,5,3,6.1,10,9.18
2025-02-25 14:45:00,Tuesday,14,0,0,Stormy,17.7,4,2,6.77,5,15.18
2025-02-25 15:00:00,Tuesday,15,0,0,Stormy,19.5,1,3,5.76,3,3.0
2025-02-25 15:15:00,Tuesday,15,0,0,Stormy,19.0,3,3,7.35,7,7.74
2025-02-25 15:30:00,Tuesday,15,0,0,Stormy,18.6,6,3,6.47,9,12.31
2025-02-25 15:45:00,Tuesday,15,0,0,Stormy,18.1,6,4,5.52,12,6.38
2025-02-25 16:00:00,Tuesday,16,0,0,Rainy,15.7,5,3,5.98,9,8.42
2025-02-25 16:15:00,Tuesday,16,0,0,Stormy,18.5,3,3,5.98,5,6.72
2025-02-25 16:30:00,Tuesday,16,0,0,Stormy,21.3,3,3,5.96,4,8.12
2025-02-25 16:45:00,Tuesday,16,0,0,Cloudy,15.6,9,3,7.17,16,17.96
2025-02-25 17:00:00,Tuesday,17,0,0,Stormy,16.7,7,3,4.98,16,13.5
2025-02-25 17:15:00,Tuesday,17,0,0,Stormy,18.1,3,3,5.39,6,1.37
2025-02-25 17:30:00,Tuesday,17,0,0,Stormy,20.3,8,3,6.38,15,20.38
2025-02-25 17:45:00,Tuesday,17,0,0,Stormy,18.1,6,3,5.62,12,14.31
2025-02-25 18:00:00,Tuesday,18,0,0,Stormy,18.1,10,3,5.42,22,18.12
2025-02-25 18:15:00,Tuesday,18,0,0,Sunny,17.7,17,3,6.19,35,35.42
2025-02-25 18:30:00,Tuesday,18,0,0,Stormy,19.0,12,3,6.46,24,26.84
2025-02-25 18:45:00,Tuesday,18,0,0,Stormy,18.9,6,3,7.52,12,19.67
2025-02-25 19:00:00,Tuesday,19,0,0,Stormy,17.7,7,3,5.79,18,10.38
2025-02-25 19:15:00,Tuesday,19,0,0,Stormy,18.1,8,3,6.48,15,22.45
2025-02-25 19:30:00,Tuesday,19,0,0,Stormy,17.8,12,3,7.68,25,32.48
2025-02-25 19:45:00,Tuesday,19,0,0,Cloudy,20.1,8,3,6.23,19,15.75
2025-02-25 20:00:00,Tuesday,20,0,0,Stormy,16.9,6,3,5.96,12,12.85
2025-02-25 20:15:00,Tuesday,20,0,0,Stormy,19.3,3,2,6.46,5,8.05
2025-02-25 20:30:00,Tuesday,20,0,0,Stormy,20.0,3,2,5.12,5,7.99
2025-02-25 20:45:00,Tuesday,20,0,0,Stormy,16.5,2,2,5.41,5,1.87
2025-02-25 21:00:00,Tuesday,21,0,0,Stormy,18.1,5,1,7.11,12,40.19
2025-02-25 21:15:00,Tuesday,21,0,0,Stormy,18.3,8,1,8.97,12,77.42
2025-02-25 21:30:00,Tuesday,21,0,0,Stormy,17.4,3,2,6.35,6,8.49
2025-02-25 21:45:00,Tuesday,21,0,0,Stormy,18.6,2,2,5.57,3,5.55
2025-02-26 08:00:00,Wednesday,8,0,0,Rainy,17.6,2,3,5.25,1,0.72
2025-02-26 08:15:00,Wednesday,8,0,0,Rainy,20.0,0,4,5.03,0,0.5
2025-02-26 08:30:00,Wednesday,8,0,0,Rainy,20.6,1,3,4.92,0,0.5
2025-02-26 08:45:00,Wednesday,8,0,0,Rainy,20.2,0,4,5.24,0,0.5
2025-02-26 09:00:00,Wednesday,9,0,0,Cloudy,18.2,2,5,6.52,2,0.5
2025-02-26 09:15:00,Wednesday,9,0,0,Rainy,20.1,1,5,5.77,1,0.5
2025-02-26 09:30:00,Wednesday,9,0,0,Rainy,20.6,3,5,6.02,4,5.18
2025-02-26 09:45:00,Wednesday,9,0,0,Rainy,18.3,3,4,5.72,5,0.71
2025-02-26 10:00:00,Wednesday,10,0,0,Rainy,19.0,1,5,5.55,5,0.5
2025-02-26 10:15:00,Wednesday,10,0,0,Rainy,22.3,3,6,5.68,6,3.34
2025-02-26 10:30:00,Wednesday,10,0,0,Rainy,19.1,0,6,5.62,0,0.5
2025-02-26 10:45:00,Wednesday,10,0,0,Rainy,17.2,7,5,4.52,13,7.9
2025-02-26 11:00:00,Wednesday,11,0,0,Rainy,17.7,8,6,6.3,12,6.42
2025-02-26 11:15:00,Wednesday,11,0,0,Stormy,18.6,5,6,5.0,5,0.5
2025-02-26 11:30:00,Wednesday,11,0,0,Rainy,19.2,4,5,5.14,11,7.12
2025-02-26 11:45:00,Wednesday,11,0,0,Rainy,18.7,10,7,4.5,23,4.69
2025-02-26 12:00:00,Wednesday,12,0,0,Rainy,19.4,6,5,5.42,13,3.38
2025-02-26 12:15:00,Wednesday,12,0,0,Rainy,20.9,6,6,4.84,15,1.83
2025-02-26 12:30:00,Wednesday,12,0,0,Rainy,19.2,7,6,5.04,12,0.5
2025-02-26 12:45:00,Wednesday,12,0,0,Rainy,19.9,8,6,7.21,19,2.2
2025-02-26 13:00:00,Wednesday,13,0,0,Rainy,19.4,8,6,4.27,14,0.5
2025-02-26 13:15:00,Wednesday,13,0,0,Rainy,17.2,10,7,5.31,15,0.5
2025-02-26 13:30:00,Wednesday,13,0,0,Rainy,17.9,5,5,6.05,13,5.18
2025-02-26 13:45:00,Wednesday,13,0,0,Rainy,19.0,6,6,4.69,10,1.9
2025-02-26 14:00:00,Wednesday,14,0,0,Rainy,20.1,6,6,7.04,9,3.67
2025-02-26 14:15:00,Wednesday,14,0,0,Windy,22.8,7,4,5.15,15,7.75
2025-02-26 14:30:00,Wednesday,14,0,0,Rainy,20.2,4,5,5.83,10,3.46
2025-02-26 14:45:00,Wednesday,14,0,0,Rainy,18.5,4,5,4.67,8,1.88
2025-02-26 15:00:00,Wednesday,15,0,0,Rainy,20.7,2,5,5.72,3,0.5
2025-02-26 15:15:00,Wednesday,15,0,0,Rainy,20.3,5,5,3.74,10,2.68
2025-02-26 15:30:00,Wednesday,15,0,0,Rainy,16.4,2,5,4.68,5,0.5
2025-02-26 15:45:00,Wednesday,15,0,0,Rainy,19.6,5,5,5.31,12,2.79
2025-02-26 16:00:00,Wednesday,16,0,0,Rainy,19.7,4,5,5.52,10,0.5
2025-02-26 16:15:00,Wednesday,16,0,0,Rainy,19.7,5,5,6.68,13,6.96
2025-02-26 16:30:00,Wednesday,16,0,0,Rainy,18.3,5,5,4.46,6,2.0
2025-02-26 16:45:00,Wednesday,16,0,0,Rainy,19.2,8,5,5.41,18,10.26
2025-02-26 17:00:00,Wednesday,17,0,0,Stormy,20.2,7,5,5.4,16,4.33
2025-02-26 17:15:00,Wednesday,17,0,0,Rainy,20.7,7,5,5.1,21,1.12
2025-02-26 17:30:00,Wednesday,17,0,0,Rainy,19.5,9,5,6.0,14,7.08
2025-02-26 17:45:00,Wednesday,17,0,0,Rainy,19.4,12,5,5.57,25,11.55
2025-02-26 18:00:00,Wednesday,18,0,0,Rainy,20.3,9,5,4.99,21,10.11
2025-02-26 18:15:00,Wednesday,18,0,0,Rainy,19.8,11,5,5.74,17,6.57
2025-02-26 18:30:00,Wednesday,18,0,0,Rainy,19.6,11,6,5.61,24,8.95
2025-02-26 18:45:00,Wednesday,18,0,0,Rainy,20.4,6,5,4.83,13,2.15
2025-02-26 19:00:00,Wednesday,19,0,0,Rainy,21.7,7,5,5.78,15,8.09
2025-02-26 19:15:00,Wednesday,19,0,0,Rainy,21.2,10,5,4.51,18,9.31
2025-02-26 19:30:00,Wednesday,19,0,0,Rainy,20.2,8,5,4.32,17,7.32
2025-02-26 19:45:00,Wednesday,19,0,0,Rainy,20.3,6,5,6.74,12,1.32
2025-02-26 20:00:00,Wednesday,20,0,0,Rainy,20.0,4,5,5.66,5,1.99
2025-02-26 20:15:00,Wednesday,20,0,0,Rainy,18.3,6,4,5.02,14,7.33
2025-02-26 20:30:00,Wednesday,20,0,0,Rainy,20.4,6,4,5.51,10,9.45
2025-02-26 20:45:00,Wednesday,20,0,0,Rainy,18.6,4,4,6.12,9,3.18
2025-02-26 21:00:00,Wednesday,21,0,0,Rainy,18.8,2,4,5.47,3,4.12
2025-02-26 21:15:00,Wednesday,21,0,0,Sunny,18.2,6,4,5.69,11,5.44
2025-02-26 21:30:00,Wednesday,21,0,0,Rainy,22.9,3,4,6.89,3,3.52
2025-02-26 21:45:00,Wednesday,21,0,0,Rainy,16.9,2,4,7.39,5,0.54
2025-02-27 08:00:00,Thursday,8,0,0,Rainy,18.0,1,3,4.46,0,0.5
2025-02-27 08:15:00,Thursday,8,0,0,Rainy,17.6,0,2,5.06,0,0.5
2025-02-27 08:30:00,Thursday,8,0,0,Sunny,16.1,0,3,6.64,3,0.5
2025-02-27 08:45:00,Thursday,8,0,0,Rainy,18.9,4,3,5.41,9,6.54
2025-02-27 09:00:00,Thursday,9,0,0,Rainy,18.1,0,3,5.72,0,0.5
2025-02-27 09:15:00,Thursday,9,0,0,Rainy,18.9,1,5,5.52,5,0.5
2025-02-27 09:30:00,Thursday,9,0,0,Rainy,18.6,2,4,6.42,2,4.07
2025-02-27 09:45:00,Thursday,9,0,0,Rainy,18.7,2,4,5.1,2,0.5
2025-02-27 10:00:00,Thursday,10,0,0,Rainy,16.7,3,4,5.58,3,5.54
2025-02-27 10:15:00,Thursday,10,0,0,Rainy,17.3,3,4,4.98,8,4.1
2025-02-27 10:30:00,Thursday,10,0,0,Rainy,19.2,1,3,5.67,0,2.1
2025-02-27 10:45:00,Thursday,10,0,0,Rainy,20.3,3,4,4.44,5,0.89
2025-02-27 11:00:00,Thursday,11,0,0,Rainy,18.7,1,5,6.73,0,0.5
2025-02-27 11:15:00,Thursday,11,0,0,Sunny,18.0,14,5,6.94,28,18.71
2025-02-27 11:30:00,Thursday,11,0,0,Rainy,17.8,5,4,6.57,10,10.29
2025-02-27 11:45:00,Thursday,11,0,0,Rainy,19.8,8,5,6.12,18,7.38
2025-02-27 12:00:00,Thursday,12,0,0,Rainy,20.1,5,5,6.31,10,6.11
2025-02-27 12:15:00,Thursday,12,0,0,Rainy,17.9,13,5,4.74,22,14.62
2025-02-27 12:30:00,Thursday,12,0,0,Rainy,18.7,12,5,6.42,22,14.85
2025-02-27 12:45:00,Thursday,12,0,0,Rainy,18.4,14,5,6.48,27,18.19
2025-02-27 13:00:00,Thursday,13,0,0,Rainy,18.2,4,6,5.21,7,0.5
2025-02-27 13:15:00,Thursday,13,0,0,Rainy,17.9,6,5,7.11,11,6.62
2025-02-27 13:30:00,Thursday,13,0,0,Rainy,19.6,7,5,4.53,15,8.08
2025-02-27 13:45:00,Thursday,13,0,0,Rainy,20.4,2,5,7.04,6,0.5
2025-02-27 14:00:00,Thursday,14,0,0,Sunny,19.0,7,5,6.23,11,0.5
2025-02-27 14:15:00,Thursday,14,0,0,Rainy,19.4,5,4,4.47,11,4.33
2025-02-27 14:30:00,Thursday,14,0,0,Rainy,20.4,1,4,6.03,3,4.82
2025-02-27 14:45:00,Thursday,14,0,0,Rainy,20.9,2,4,6.17,6,4.52
2025-02-27 15:00:00,Thursday,15,0,0,Rainy,20.0,2,4,6.41,3,3.94
2025-02-27 15:15:00,Thursday,15,0,0,Rainy,22.3,6,4,6.46,11,13.25
2025-02-27 15:30:00,Thursday,15,0,0,Rainy,19.9,0,4,5.83,0,0.5
2025-02-27 15:45:00,Thursday,15,0,0,Rainy,18.4,3,4,5.89,7,5.43
2025-02-27 16:00:00,Thursday,16,0,0,Rainy,16.3,2,4,4.42,7,2.01
2025-02-27 16:15:00,Thursday,16,0,0,Rainy,21.8,4,3,5.55,5,7.91
2025-02-27 16:30:00,Thursday,16,0,0,Rainy,18.8,7,4,4.98,13,7.4
2025-02-27 16:45:00,Thursday,16,0,0,Rainy,20.4,3,4,6.43,7,2.26
2025-02-27 17:00:00,Thursday,17,0,0,Rainy,18.9,10,4,4.77,22,10.27
2025-02-27 17:15:00,Thursday,17,0,0,Rainy,18.5,5,4,7.12,7,5.05
2025-02-27 17:30:00,Thursday,17,0,0,Rainy,19.7,8,4,5.76,12,6.28
2025-02-27 17:45:00,Thursday,17,0,0,Rainy,19.7,6,4,5.4,11,5.98
2025-02-27 18:00:00,Thursday,18,0,0,Rainy,17.3,12,4,6.54,28,21.16
2025-02-27 18:15:00,Thursday,18,0,0,Rainy,20.4,11,5,6.61,21,15.03
2025-02-27 18:30:00,Thursday,18,0,0,Rainy,17.1,11,5,5.36,17,9.5
2025-02-27 18:45:00,Thursday,18,0,0,Rainy,20.1,9,4,4.92,16,11.67
2025-02-27 19:00:00,Thursday,19,0,0,Rainy,16.6,8,4,5.29,12,9.5
2025-02-27 19:15:00,Thursday,19,0,0,Rainy,17.9,6,4,5.81,17,6.79
2025-02-27 19:30:00,Thursday,19,0,0,Rainy,18.6,8,3,5.74,18,14.3
2025-02-27 19:45:00,Thursday,19,0,0,Rainy,19.1,10,4,6.23,19,16.66
2025-02-27 20:00:00,Thursday,20,0,0,Rainy,18.8,5,4,6.37,6,4.51
2025-02-27 20:15:00,Thursday,20,0,0,Rainy,16.6,5,3,4.08,11,5.52
2025-02-27 20:30:00,Thursday,20,0,0,Rainy,19.3,2,3,4.58,7,0.5
2025-02-27 20:45:00,Thursday,20,0,0,Rainy,18.9,3,3,5.01,4,2.86
2025-02-27 21:00:00,Thursday,21,0,0,Rainy,16.8,8,3,6.81,15,20.4
2025-02-27 21:15:00,Thursday,21,0,0,Rainy,17.0,6,3,6.4,13,14.73
2025-02-27 21:30:00,Thursday,21,0,0,Cloudy,17.5,1,3,6.52,2,0.5
2025-02-27 21:45:00,Thursday,21,0,0,Rainy,16.5,2,3,5.35,2,6.52
2025-02-28 08:00:00,Friday,8,0,0,Rainy,20.1,0,2,4.58,0,0.5
2025-02-28 08:15:00,Friday,8,0,0,Rainy,15.9,1,2,6.65,0,5.0
2025-02-28 08:30:00,Friday,8,0,0,Rainy,19.6,2,2,6.19,3,5.81
2025-02-28 08:45:00,Friday,8,0,0,Rainy,17.9,2,1,4.63,2,7.53
2025-02-28 09:00:00,Friday,9,0,0,Rainy,17.7,1,3,4.63,3,1.9
2025-02-28 09:15:00,Friday,9,0,0,Rainy,17.2,2,3,5.83,3,3.56
2025-02-28 09:30:00,Friday,9,0,0,Rainy,18.8,0,4,5.04,0,0.5
2025-02-28 09:45:00,Friday,9,0,0,Rainy,19.5,4,2,4.28,8,6.29
2025-02-28 10:00:00,Friday,10,0,0,Rainy,18.6,2,3,6.72,6,0.5
2025-02-28 10:15:00,Friday,10,0,0,Rainy,19.2,3,3,5.61,10,5.4
2025-02-28 10:30:00,Friday,10,0,0,Rainy,15.7,1,3,4.87,0,1.71
2025-02-28 10:45:00,Friday,10,0,0,Rainy,17.6,5,3,5.43,10,6.59
2025-02-28 11:00:00,Friday,11,0,0,Rainy,17.1,2,5,4.63,7,0.5
2025-02-28 11:15:00,Friday,11,0,0,Rainy,18.4,4,4,5.33,6,3.71
2025-02-28 11:30:00,Friday,11,0,0,Rainy,18.6,7,4,5.41,15,12.02
2025-02-28 11:45:00,Friday,11,0,0,Rainy,18.4,8,4,6.14,14,9.8
2025-02-28 12:00:00,Friday,12,0,0,Rainy,18.7,5,4,7.55,7,5.53
2025-02-28 12:15:00,Friday,12,0,0,Rainy,18.2,7,4,6.34,11,10.33
2025-02-28 12:30:00,Friday,12,0,0,Rainy,19.2,10,4,6.0,19,11.85
2025-02-28 12:45:00,Friday,12,0,0,Rainy,21.2,8,4,6.28,13,13.19
2025-02-28 13:00:00,Friday,13,0,0,Rainy,19.8,12,3,7.17,27,25.54
2025-02-28 13:15:00,Friday,13,0,0,Rainy,20.3,9,4,6.84,14,16.39
2025-02-28 13:30:00,Friday,13,0,0,Rainy,18.9,6,4,4.85,11,2.45
2025-02-28 13:45:00,Friday,13,0,0,Rainy,20.6,5,4,5.41,8,4.86
2025-02-28 14:00:00,Friday,14,0,0,Rainy,18.8,4,4,5.87,4,4.95
2025-02-28 14:15:00,Friday,14,0,0,Rainy,19.6,9,3,4.5,21,14.65
2025-02-28 14:30:00,Friday,14,0,0,Rainy,18.7,8,3,6.13,12,19.87
2025-02-28 14:45:00,Friday,14,0,0,Rainy,19.3,3,2,5.86,4,10.09
2025-02-28 15:00:00,Friday,15,0,0,Rainy,19.1,2,3,4.65,5,6.73
2025-02-28 15:15:00,Friday,15,0,0,Rainy,18.3,1,3,5.59,0,1.63
2025-02-28 15:30:00,Friday,15,0,0,Rainy,17.9,1,2,5.73,3,4.32
2025-02-28 15:45:00,Friday,15,0,0,Sunny,18.6,3,3,6.2,6,0.5
2025-02-28 16:00:00,Friday,16,0,0,Rainy,17.5,8,3,6.99,17,18.73
2025-02-28 16:15:00,Friday,16,0,0,Cloudy,17.7,3,3,4.52,8,2.9
2025-02-28 16:30:00,Friday,16,0,0,Rainy,19.5,9,3,6.4,18,18.74
2025-02-28 16:45:00,Friday,16,0,0,Rainy,21.5,12,3,6.16,18,26.0
2025-02-28 17:00:00,Friday,17,0,0,Sunny,18.2,17,3,6.34,28,36.87
2025-02-28 17:15:00,Friday,17,0,0,Sunny,19.2,9,3,6.42,18,19.45
2025-02-28 17:30:00,Friday,17,0,0,Rainy,13.9,7,3,6.27,13,13.76
2025-02-28 17:45:00,Friday,17,0,0,Rainy,20.3,4,3,4.87,9,7.18
2025-02-28 18:00:00,Friday,18,0,0,Rainy,16.6,5,3,5.81,11,10.75
2025-02-28 18:15:00,Friday,18,0,0,Rainy,16.8,9,3,4.53,15,14.12
2025-02-28 18:30:00,Friday,18,0,0,Rainy,18.9,12,3,6.63,27,27.73
2025-02-28 18:45:00,Friday,18,0,0,Rainy,15.7,14,3,5.57,29,30.09
2025-02-28 19:00:00,Friday,19,0,0,Rainy,17.2,14,3,6.84,20,30.15
2025-02-28 19:15:00,Friday,19,0,0,Rainy,16.6,4,3,5.51,9,3.76
2025-02-28 19:30:00,Friday,19,0,0,Rainy,17.6,9,2,7.54,12,33.79
2025-02-28 19:45:00,Friday,19,0,0,Rainy,17.4,4,3,5.64,6,8.37
2025-02-28 20:00:00,Friday,20,0,0,Rainy,18.4,7,3,4.52,14,11.11
2025-02-28 20:15:00,Friday,20,0,0,Rainy,15.8,7,2,7.47,19,26.63
2025-02-28 20:30:00,Friday,20,0,0,Cloudy,17.3,12,2,6.54,21,42.08
2025-02-28 20:45:00,Friday,20,0,0,Rainy,17.1,3,2,4.67,4,9.82
2025-02-28 21:00:00,Friday,21,0,0,Rainy,21.5,4,2,5.21,10,13.64
2025-02-28 21:15:00,Friday,21,0,0,Rainy,20.0,6,2,5.53,15,19.9
2025-02-28 21:30:00,Friday,21,0,0,Rainy,20.0,3,2,5.65,7,9.62
2025-02-28 21:45:00,Friday,21,0,0,Rainy,17.4,3,2,5.07,4,7.99
2025-03-01 08:00:00,Saturday,8,1,0,Cloudy,23.4,4,4,4.66,10,3.87
2025-03-01 08:15:00,Saturday,8,1,0,Cloudy,23.1,2,4,5.7,5,1.42
2025-03-01 08:30:00,Saturday,8,1,0,Cloudy,24.2,0,4,4.9,1,0.5
2025-03-01 08:45:00,Saturday,8,1,0,Cloudy,22.8,1,4,2.47,2,0.5
2025-03-01 09:00:00,Saturday,9,1,0,Cloudy,22.2,4,5,4.91,3,0.5
2025-03-01 09:15:00,Saturday,9,1,0,Cloudy,22.8,2,4,5.78,1,5.79
2025-03-01 09:30:00,Saturday,9,1,0,Cloudy,24.6,6,5,5.61,15,0.5
2025-03-01 09:45:00,Saturday,9,1,0,Cloudy,24.9,2,5,5.96,2,2.01
2025-03-01 10:00:00,Saturday,10,1,0,Cloudy,23.8,3,5,6.28,8,0.5
2025-03-01 10:15:00,Saturday,10,1,0,Cloudy,21.6,3,4,5.28,10,3.27
2025-03-01 10:30:00,Saturday,10,1,0,Cloudy,21.2,3,5,5.59,2,1.06
2025-03-01 10:45:00,Saturday,10,1,0,Cloudy,20.1,9,5,4.06,19,4.51
2025-03-01 11:00:00,Saturday,11,1,0,Cloudy,22.6,12,5,6.25,25,15.74
2025-03-01 11:15:00,Saturday,11,1,0,Cloudy,24.2,9,6,5.68,17,3.55
2025-03-01 11:30:00,Saturday,11,1,0,Cloudy,23.6,11,6,4.14,23,3.57
2025-03-01 11:45:00,Saturday,11,1,0,Cloudy,25.1,10,6,6.0,18,6.39
2025-03-01 12:00:00,Saturday,12,1,0,Cloudy,23.7,14,6,5.96,23,8.21
2025-03-01 12:15:00,Saturday,12,1,0,Cloudy,23.0,21,7,5.42,42,20.17
2025-03-01 12:30:00,Saturday,12,1,0,Cloudy,24.5,21,6,5.02,37,17.5
2025-03-01 12:45:00,Saturday,12,1,0,Cloudy,23.4,15,6,5.13,26,8.44
2025-03-01 13:00:00,Saturday,13,1,0,Cloudy,23.4,10,6,5.8,18,8.01
2025-03-01 13:15:00,Saturday,13,1,0,Cloudy,24.3,12,6,5.72,24,12.02
2025-03-01 13:30:00,Saturday,13,1,0,Cloudy,23.8,6,7,6.22,13,0.5
2025-03-01 13:45:00,Saturday,13,1,0,Cloudy,24.4,10,6,4.39,21,3.64
2025-03-01 14:00:00,Saturday,14,1,0,Sunny,23.9,12,6,4.99,25,6.03
2025-03-01 14:15:00,Saturday,14,1,0,Cloudy,25.6,9,5,6.43,17,6.07
2025-03-01 14:30:00,Saturday,14,1,0,Cloudy,24.7,6,5,5.93,12,8.07
2025-03-01 14:45:00,Saturday,14,1,0,Cloudy,25.1,9,5,5.42,19,7.5
2025-03-01 15:00:00,Saturday,15,1,0,Cloudy,25.8,4,6,5.27,6,0.5
2025-03-01 15:15:00,Saturday,15,1,0,Cloudy,21.3,4,5,4.59,8,0.5
2025-03-01 15:30:00,Saturday,15,1,0,Cloudy,22.7,8,5,5.39,16,5.44
2025-03-01 15:45:00,Saturday,15,1,0,Cloudy,24.1,5,5,4.81,11,0.5
2025-03-01 16:00:00,Saturday,16,1,0,Cloudy,25.1,7,6,4.93,15,2.62
2025-03-01 16:15:00,Saturday,16,1,0,Cloudy,21.5,4,5,5.52,6,1.57
2025-03-01 16:30:00,Saturday,16,1,0,Cloudy,26.5,9,5,5.59,13,8.83
2025-03-01 16:45:00,Saturday,16,1,0,Cloudy,23.8,5,5,4.97,10,0.65
2025-03-01 17:00:00,Saturday,17,1,0,Cloudy,23.4,15,5,5.95,31,14.73
2025-03-01 17:15:00,Saturday,17,1,0,Cloudy,24.7,13,5,5.95,25,14.78
2025-03-01 17:30:00,Saturday,17,1,0,Cloudy,22.7,15,5,4.96,30,12.87
2025-03-01 17:45:00,Saturday,17,1,0,Cloudy,24.4,13,5,5.63,22,18.39
2025-03-01 18:00:00,Saturday,18,1,0,Sunny,20.2,18,5,6.68,38,22.92
2025-03-01 18:15:00,Saturday,18,1,0,Cloudy,24.7,15,5,5.37,33,18.55
2025-03-01 18:30:00,Saturday,18,1,0,Cloudy,19.9,13,5,5.0,30,15.78
2025-03-01 18:45:00,Saturday,18,1,0,Cloudy,24.3,16,5,5.21,33,14.31
2025-03-01 19:00:00,Saturday,19,1,0,Sunny,25.5,12,5,6.13,23,13.08
2025-03-01 19:15:00,Saturday,19,1,0,Cloudy,24.1,18,5,6.82,34,26.58
2025-03-01 19:30:00,Saturday,19,1,0,Cloudy,22.6,12,5,6.09,23,15.75
2025-03-01 19:45:00,Saturday,19,1,0,Cloudy,24.6,9,5,5.14,17,7.21
2025-03-01 20:00:00,Saturday,20,1,0,Cloudy,23.2,10,5,4.97,24,8.75
2025-03-01 20:15:00,Saturday,20,1,0,Cloudy,23.3,14,4,8.4,27,25.27
2025-03-01 20:30:00,Saturday,20,1,0,Cloudy,24.4,11,4,4.83,19,11.55
2025-03-01 20:45:00,Saturday,20,1,0,Cloudy,23.0,6,4,6.0,13,5.61
2025-03-01 21:00:00,Saturday,21,1,0,Cloudy,23.6,6,3,5.41,9,7.25
2025-03-01 21:15:00,Saturday,21,1,0,Cloudy,26.6,12,4,6.38,23,18.92
2025-03-01 21:30:00,Saturday,21,1,0,Cloudy,24.9,2,3,4.62,2,3.34
2025-03-01 21:45:00,Saturday,21,1,0,Cloudy,23.8,6,3,6.33,12,11.02
2025-03-02 08:00:00,Sunday,8,1,0,Cloudy,29.3,2,5,6.1,5,0.5
2025-03-02 08:15:00,Sunday,8,1,0,Sunny,27.9,1,5,4.94,3,0.5
2025-03-02 08:30:00,Sunday,8,1,0,Sunny,27.3,4,5,5.43,5,0.5
2025-03-02 08:45:00,Sunday,8,1,0,Sunny,26.9,2,5,5.46,4,1.22
2025-03-02 09:00:00,Sunday,9,1,0,Sunny,28.7,2,6,5.99,4,0.5
2025-03-02 09:15:00,Sunday,9,1,0,Sunny,28.4,2,6,4.65,5,0.5
2025-03-02 09:30:00,Sunday,9,1,0,Sunny,30.0,2,6,5.39,4,0.5
2025-03-02 09:45:00,Sunday,9,1,0,Sunny,26.3,2,6,5.38,2,0.5
2025-03-02 10:00:00,Sunday,10,1,0,Sunny,25.8,6,6,5.45,14,0.5
2025-03-02 10:15:00,Sunday,10,1,0,Sunny,31.1,4,5,6.18,9,4.32
2025-03-02 10:30:00,Sunday,10,1,0,Sunny,29.7,12,6,5.07,24,10.36
2025-03-02 10:45:00,Sunday,10,1,0,Sunny,27.4,6,6,6.49,13,0.5
2025-03-02 11:00:00,Sunday,11,1,0,Sunny,29.2,11,7,4.86,19,4.19
2025-03-02 11:15:00,Sunday,11,1,0,Windy,26.8,8,9,4.52,14,0.5
2025-03-02 11:30:00,Sunday,11,1,0,Sunny,28.3,8,7,6.25,18,4.37
2025-03-02 11:45:00,Sunday,11,1,0,Rainy,26.5,9,6,5.89,13,9.7
2025-03-02 12:00:00,Sunday,12,1,0,Sunny,26.0,14,7,6.0,26,10.31
2025-03-02 12:15:00,Sunday,12,1,0,Sunny,28.0,12,7,5.48,21,0.5
2025-03-02 12:30:00,Sunday,12,1,0,Sunny,28.6,16,7,4.56,27,10.97
2025-03-02 12:45:00,Sunday,12,1,0,Sunny,27.8,10,6,5.63,21,8.46
2025-03-02 13:00:00,Sunday,13,1,0,Sunny,27.2,16,6,5.59,27,16.35
2025-03-02 13:15:00,Sunday,13,1,0,Sunny,28.5,12,7,5.93,26,6.76
2025-03-02 13:30:00,Sunday,13,1,0,Sunny,24.2,11,7,5.06,23,4.4
2025-03-02 13:45:00,Sunday,13,1,0,Sunny,29.6,8,7,4.16,19,0.5
2025-03-02 14:00:00,Sunday,14,1,0,Sunny,27.6,9,7,5.12,12,0.5
2025-03-02 14:15:00,Sunday,14,1,0,Sunny,27.9,9,7,4.98,15,5.15
2025-03-02 14:30:00,Sunday,14,1,0,Sunny,27.9,12,6,3.45,22,11.5
2025-03-02 14:45:00,Sunday,14,1,0,Sunny,29.6,3,6,5.58,9,3.67
2025-03-02 15:00:00,Sunday,15,1,0,Sunny,27.9,8,6,5.01,17,2.3
2025-03-02 15:15:00,Sunday,15,1,0,Sunny,30.4,6,6,5.23,12,0.5
2025-03-02 15:30:00,Sunday,15,1,0,Rainy,29.0,5,7,6.78,13,2.53
2025-03-02 15:45:00,Sunday,15,1,0,Sunny,28.6,4,6,6.21,7,0.5
2025-03-02 16:00:00,Sunday,16,1,0,Sunny,30.8,11,6,4.97,18,1.46
2025-03-02 16:15:00,Sunday,16,1,0,Sunny,28.8,8,6,6.23,12,3.27
2025-03-02 16:30:00,Sunday,16,1,0,Sunny,27.9,14,6,5.79,30,17.33
2025-03-02 16:45:00,Sunday,16,1,0,Sunny,25.6,9,6,4.95,15,7.78
2025-03-02 17:00:00,Sunday,17,1,0,Sunny,28.1,16,7,5.31,26,11.97
2025-03-02 17:15:00,Sunday,17,1,0,Sunny,29.5,22,6,5.8,37,20.72
2025-03-02 17:30:00,Sunday,17,1,0,Sunny,29.3,14,6,5.57,27,9.68
2025-03-02 17:45:00,Sunday,17,1,0,Sunny,28.7,19,5,7.12,40,28.18
2025-03-02 18:00:00,Sunday,18,1,0,Sunny,26.7,11,6,5.54,19,2.26
2025-03-02 18:15:00,Sunday,18,1,0,Sunny,29.2,20,7,5.86,45,17.45
2025-03-02 18:30:00,Sunday,18,1,0,Sunny,28.5,13,6,6.66,29,15.99
2025-03-02 18:45:00,Sunday,18,1,0,Sunny,27.5,28,6,5.5,48,29.21
2025-03-02 19:00:00,Sunday,19,1,0,Sunny,30.1,20,6,6.95,37,24.24
2025-03-02 19:15:00,Sunday,19,1,0,Sunny,29.4,21,6,4.89,35,12.36
2025-03-02 19:30:00,Sunday,19,1,0,Sunny,24.5,16,6,6.1,27,9.72
2025-03-02 19:45:00,Sunday,19,1,0,Sunny,27.7,13,6,5.46,26,11.5
2025-03-02 20:00:00,Sunday,20,1,0,Sunny,25.6,14,6,5.17,28,11.17
2025-03-02 20:15:00,Sunday,20,1,0,Sunny,24.1,12,5,5.03,24,9.88
2025-03-02 20:30:00,Sunday,20,1,0,Sunny,29.6,8,6,5.16,12,3.79
2025-03-02 20:45:00,Sunday,20,1,0,Sunny,28.2,7,5,3.84,12,0.5
2025-03-02 21:00:00,Sunday,21,1,0,Sunny,28.7,6,5,6.4,8,3.82
2025-03-02 21:15:00,Sunday,21,1,0,Sunny,27.1,5,5,4.55,8,3.43
2025-03-02 21:30:00,Sunday,21,1,0,Sunny,27.0,7,5,5.64,15,5.14
2025-03-02 21:45:00,Sunday,21,1,0,Sunny,23.2,3,5,6.53,8,5.47
2025-03-03 08:00:00,Monday,8,0,0,Sunny,27.1,0,2,5.69,2,0.5
2025-03-03 08:15:00,Monday,8,0,0,Sunny,27.6,2,2,7.25,3,4.64
2025-03-03 08:30:00,Monday,8,0,0,Sunny,25.8,3,2,5.29,7,3.77
2025-03-03 08:45:00,Monday,8,0,0,Sunny,30.0,1,2,5.38,1,2.79
2025-03-03 09:00:00,Monday,9,0,0,Sunny,25.8,1,2,5.45,1,0.5
2025-03-03 09:15:00,Monday,9,0,0,Sunny,30.4,1,2,5.8,3,0.84
2025-03-03 09:30:00,Monday,9,0,0,Sunny,30.2,5,3,5.68,10,10.21
2025-03-03 09:45:00,Monday,9,0,0,Sunny,27.6,2,3,6.12,8,0.5
2025-03-03 10:00:00,Monday,10,0,0,Sunny,29.3,5,3,5.69,12,8.95
2025-03-03 10:15:00,Monday,10,0,0,Sunny,28.1,1,3,5.98,1,0.5
2025-03-03 10:30:00,Monday,10,0,0,Sunny,27.3,8,3,5.57,17,13.23
2025-03-03 10:45:00,Monday,10,0,0,Sunny,30.0,6,3,5.31,11,9.87
2025-03-03 11:00:00,Monday,11,0,0,Sunny,26.9,11,4,5.81,22,16.78
2025-03-03 11:15:00,Monday,11,0,0,Sunny,31.5,5,5,4.97,5,0.82
2025-03-03 11:30:00,Monday,11,0,0,Sunny,28.1,11,4,5.17,24,12.64
2025-03-03 11:45:00,Monday,11,0,0,Sunny,28.9,10,3,6.43,20,21.69
2025-03-03 12:00:00,Monday,12,0,0,Sunny,29.7,7,4,5.24,16,6.91
2025-03-03 12:15:00,Monday,12,0,0,Sunny,30.3,5,4,6.02,14,8.88
2025-03-03 12:30:00,Monday,12,0,0,Sunny,28.5,8,4,3.82,17,2.03
2025-03-03 12:45:00,Monday,12,0,0,Sunny,29.9,17,4,6.91,27,26.5
2025-03-03 13:00:00,Monday,13,0,0,Sunny,28.8,10,4,3.51,24,11.19
2025-03-03 13:15:00,Monday,13,0,0,Sunny,29.4,9,4,4.04,18,6.18
2025-03-03 13:30:00,Monday,13,0,0,Sunny,30.8,6,3,5.77,8,8.59
2025-03-03 13:45:00,Monday,13,0,0,Sunny,32.5,6,4,4.18,11,0.74
2025-03-03 14:00:00,Monday,14,0,0,Sunny,28.7,4,5,6.62,10,0.5
2025-03-03 14:15:00,Monday,14,0,0,Sunny,27.8,3,4,5.3,5,1.08
2025-03-03 14:30:00,Monday,14,0,0,Sunny,30.7,10,3,6.52,19,21.4
2025-03-03 14:45:00,Monday,14,0,0,Sunny,29.3,3,3,4.7,6,5.84
2025-03-03 15:00:00,Monday,15,0,0,Cloudy,29.0,2,3,6.6,6,2.23
2025-03-03 15:15:00,Monday,15,0,0,Sunny,30.5,5,4,5.7,8,4.83
2025-03-03 15:30:00,Monday,15,0,0,Sunny,26.2,4,3,4.62,8,4.06
2025-03-03 15:45:00,Monday,15,0,0,Sunny,30.0,6,2,6.55,9,20.68
2025-03-03 16:00:00,Monday,16,0,0,Sunny,30.9,5,2,5.12,6,11.13
2025-03-03 16:15:00,Monday,16,0,0,Sunny,30.2,6,3,6.36,13,11.86
2025-03-03 16:30:00,Monday,16,0,0,Sunny,27.3,14,3,6.48,28,33.07
2025-03-03 16:45:00,Monday,16,0,0,Sunny,28.7,12,4,5.31,16,15.24
2025-03-03 17:00:00,Monday,17,0,0,Sunny,26.1,7,3,5.04,14,8.18
2025-03-03 17:15:00,Monday,17,0,0,Sunny,27.5,9,3,6.53,18,17.48
2025-03-03 17:30:00,Monday,17,0,0,Sunny,28.5,13,3,6.41,29,32.06
2025-03-03 17:45:00,Monday,17,0,0,Sunny,30.9,10,3,5.82,17,22.52
2025-03-03 18:00:00,Monday,18,0,0,Sunny,30.5,12,3,6.07,23,26.12
2025-03-03 18:15:00,Monday,18,0,0,Sunny,31.4,12,3,6.3,24,29.11
2025-03-03 18:30:00,Monday,18,0,0,Sunny,26.2,16,3,6.2,31,33.82
2025-03-03 18:45:00,Monday,18,0,0,Sunny,30.2,13,3,5.66,23,21.2
2025-03-03 19:00:00,Monday,19,0,0,Sunny,27.0,14,3,6.62,23,33.94
2025-03-03 19:15:00,Monday,19,0,0,Sunny,29.4,12,3,6.51,20,26.38
2025-03-03 19:30:00,Monday,19,0,0,Sunny,29.1,13,3,6.1,31,27.93
2025-03-03 19:45:00,Monday,19,0,0,Sunny,24.6,4,3,5.56,7,6.67
2025-03-03 20:00:00,Monday,20,0,0,Sunny,28.9,15,3,7.02,31,33.34
2025-03-03 20:15:00,Monday,20,0,0,Cloudy,31.9,2,2,7.46,4,5.93
2025-03-03 20:30:00,Monday,20,0,0,Rainy,30.4,5,2,6.44,13,20.82
2025-03-03 20:45:00,Monday,20,0,0,Sunny,27.3,7,2,5.32,14,19.4
2025-03-03 21:00:00,Monday,21,0,0,Sunny,29.4,3,2,5.73,7,7.08
2025-03-03 21:15:00,Monday,21,0,0,Sunny,28.0,7,3,4.78,15,12.11
2025-03-03 21:30:00,Monday,21,0,0,Sunny,27.3,6,2,3.37,8,10.51
2025-03-03 21:45:00,Monday,21,0,0,Sunny,26.4,5,2,5.66,7,13.4
2025-03-04 08:00:00,Tuesday,8,0,0,Rainy,16.9,0,4,4.75,0,0.5
2025-03-04 08:15:00,Tuesday,8,0,0,Rainy,15.9,2,4,4.19,1,7.19
2025-03-04 08:30:00,Tuesday,8,0,0,Rainy,20.6,2,5,4.24,0,0.5
2025-03-04 08:45:00,Tuesday,8,0,0,Rainy,17.5,2,4,4.35,4,2.36
2025-03-04 09:00:00,Tuesday,9,0,0,Rainy,19.8,2,5,6.9,2,0.5
2025-03-04 09:15:00,Tuesday,9,0,0,Rainy,18.3,1,5,5.76,4,0.5
2025-03-04 09:30:00,Tuesday,9,0,0,Rainy,18.2,4,5,4.62,7,0.5
2025-03-04 09:45:00,Tuesday,9,0,0,Rainy,17.4,2,5,4.92,5,0.5
2025-03-04 10:00:00,Tuesday,10,0,0,Rainy,19.3,4,5,5.49,8,6.45
2025-03-04 10:15:00,Tuesday,10,0,0,Rainy,17.4,4,5,5.53,6,5.53
2025-03-04 10:30:00,Tuesday,10,0,0,Rainy,17.9,3,5,5.55,5,0.57
2025-03-04 10:45:00,Tuesday,10,0,0,Rainy,16.4,4,5,4.7,8,4.19
2025-03-04 11:00:00,Tuesday,11,0,0,Sunny,18.3,8,6,4.97,14,1.47
2025-03-04 11:15:00,Tuesday,11,0,0,Rainy,16.3,6,6,5.09,13,0.5
2025-03-04 11:30:00,Tuesday,11,0,0,Rainy,17.7,4,6,5.16,7,0.5
2025-03-04 11:45:00,Tuesday,11,0,0,Rainy,17.6,9,6,7.17,16,5.86
2025-03-04 12:00:00,Tuesday,12,0,0,Rainy,18.0,5,7,4.44,12,0.5
2025-03-04 12:15:00,Tuesday,12,0,0,Rainy,16.5,11,6,5.86,16,4.31
2025-03-04 12:30:00,Tuesday,12,0,0,Rainy,17.4,4,6,4.25,5,0.5
2025-03-04 12:45:00,Tuesday,12,0,0,Rainy,18.2,12,6,7.02,28,13.0
2025-03-04 13:00:00,Tuesday,13,0,0,Rainy,17.3,7,6,5.22,11,2.39
2025-03-04 13:15:00,Tuesday,13,0,0,Rainy,17.3,4,6,5.61,6,0.5
2025-03-04 13:30:00,Tuesday,13,0,0,Rainy,17.4,8,6,5.58,16,7.63
2025-03-04 13:45:00,Tuesday,13,0,0,Rainy,17.1,8,6,5.51,15,3.52
2025-03-04 14:00:00,Tuesday,14,0,0,Rainy,18.3,6,7,5.62,10,0.5
2025-03-04 14:15:00,Tuesday,14,0,0,Rainy,20.1,3,5,5.03,8,3.63
2025-03-04 14:30:00,Tuesday,14,0,0,Rainy,18.6,3,5,6.94,5,0.5
2025-03-04 14:45:00,Tuesday,14,0,0,Rainy,19.7,1,5,5.08,5,0.5
2025-03-04 15:00:00,Tuesday,15,0,0,Rainy,17.5,5,6,5.0,9,0.5
2025-03-04 15:15:00,Tuesday,15,0,0,Rainy,19.6,2,5,4.1,1,0.5
2025-03-04 15:30:00,Tuesday,15,0,0,Rainy,16.3,2,6,5.22,6,0.5
2025-03-04 15:45:00,Tuesday,15,0,0,Rainy,18.0,3,5,5.05,3,1.8
2025-03-04 16:00:00,Tuesday,16,0,0,Rainy,17.8,2,5,5.35,4,0.59
2025-03-04 16:15:00,Tuesday,16,0,0,Rainy,17.7,3,5,2.97,4,1.84
2025-03-04 16:30:00,Tuesday,16,0,0,Rainy,19.1,5,5,6.31,8,5.87
2025-03-04 16:45:00,Tuesday,16,0,0,Rainy,19.3,7,5,5.51,15,5.31
2025-03-04 17:00:00,Tuesday,17,0,0,Rainy,17.4,4,5,4.84,5,0.5
2025-03-04 17:15:00,Tuesday,17,0,0,Rainy,16.6,11,6,5.52,21,7.51
2025-03-04 17:30:00,Tuesday,17,0,0,Rainy,20.3,9,5,5.76,16,6.58
2025-03-04 17:45:00,Tuesday,17,0,0,Rainy,16.0,6,5,5.25,9,5.95
2025-03-04 18:00:00,Tuesday,18,0,0,Rainy,18.0,9,4,5.97,15,8.73
2025-03-04 18:15:00,Tuesday,18,0,0,Rainy,17.4,9,5,3.37,21,7.67
2025-03-04 18:30:00,Tuesday,18,0,0,Rainy,17.1,9,5,6.44,17,12.52
2025-03-04 18:45:00,Tuesday,18,0,0,Rainy,16.6,7,5,5.46,13,5.33
2025-03-04 19:00:00,Tuesday,19,0,0,Rainy,15.7,5,5,4.22,8,3.79
2025-03-04 19:15:00,Tuesday,19,0,0,Cloudy,17.3,12,5,4.42,27,7.92
2025-03-04 19:30:00,Tuesday,19,0,0,Rainy,19.0,5,5,5.14,8,1.7
2025-03-04 19:45:00,Tuesday,19,0,0,Rainy,17.9,8,5,6.82,16,8.22
2025-03-04 20:00:00,Tuesday,20,0,0,Rainy,17.5,5,5,5.76,11,9.55
2025-03-04 20:15:00,Tuesday,20,0,0,Rainy,19.3,12,4,6.18,19,16.24
2025-03-04 20:30:00,Tuesday,20,0,0,Rainy,18.0,6,4,5.77,13,8.79
2025-03-04 20:45:00,Tuesday,20,0,0,Sunny,19.9,8,4,5.13,17,6.82
2025-03-04 21:00:00,Tuesday,21,0,0,Windy,16.7,9,4,4.93,16,11.53
2025-03-04 21:15:00,Tuesday,21,0,0,Rainy,15.3,5,4,5.55,12,7.19
2025-03-04 21:30:00,Tuesday,21,0,0,Rainy,18.4,3,4,4.3,6,2.94
2025-03-04 21:45:00,Tuesday,21,0,0,Rainy,19.0,3,4,4.94,7,0.5
2025-03-05 08:00:00,Wednesday,8,0,0,Rainy,20.0,1,2,5.3,2,1.33
2025-03-05 08:15:00,Wednesday,8,0,0,Rainy,20.0,2,2,5.05,4,4.33
2025-03-05 08:30:00,Wednesday,8,0,0,Rainy,20.8,3,1,7.15,7,26.47
2025-03-05 08:45:00,Wednesday,8,0,0,Rainy,19.6,2,2,6.01,5,3.33
2025-03-05 09:00:00,Wednesday,9,0,0,Rainy,17.7,2,2,3.84,0,0.63
2025-03-05 09:15:00,Wednesday,9,0,0,Sunny,21.5,2,3,4.28,5,0.5
2025-03-05 09:30:00,Wednesday,9,0,0,Rainy,21.0,1,4,5.28,0,0.91
2025-03-05 09:45:00,Wednesday,9,0,0,Rainy,22.1,2,3,5.9,5,1.91
2025-03-05 10:00:00,Wednesday,10,0,0,Rainy,19.3,1,3,5.21,4,0.5
2025-03-05 10:15:00,Wednesday,10,0,0,Rainy,20.6,1,3,5.43,1,1.56
2025-03-05 10:30:00,Wednesday,10,0,0,Rainy,18.3,3,3,5.6,8,3.05
2025-03-05 10:45:00,Wednesday,10,0,0,Rainy,19.3,8,3,5.07,14,13.56
2025-03-05 11:00:00,Wednesday,11,0,0,Rainy,17.3,4,4,5.84,11,2.23
2025-03-05 11:15:00,Wednesday,11,0,0,Rainy,23.0,4,4,5.54,9,5.07
2025-03-05 11:30:00,Wednesday,11,0,0,Rainy,22.9,3,4,6.69,8,3.32
2025-03-05 11:45:00,Wednesday,11,0,0,Rainy,22.3,2,4,6.24,4,0.91
2025-03-05 12:00:00,Wednesday,12,0,0,Rainy,22.7,2,4,5.15,5,3.87
2025-03-05 12:15:00,Wednesday,12,0,0,Rainy,22.4,7,3,8.0,14,15.0
2025-03-05 12:30:00,Wednesday,12,0,0,Rainy,21.9,10,3,5.16,16,21.78
2025-03-05 12:45:00,Wednesday,12,0,0,Rainy,17.7,9,4,6.26,17,20.44
2025-03-05 13:00:00,Wednesday,13,0,0,Rainy,21.5,6,4,5.42,12,8.97
2025-03-05 13:15:00,Wednesday,13,0,0,Rainy,23.2,8,4,5.19,12,6.43
2025-03-05 13:30:00,Wednesday,13,0,0,Rainy,22.0,6,5,5.33,13,8.85
2025-03-05 13:45:00,Wednesday,13,0,0,Rainy,20.1,4,4,4.95,7,7.53
2025-03-05 14:00:00,Wednesday,14,0,0,Rainy,25.9,4,4,5.77,9,7.39
2025-03-05 14:15:00,Wednesday,14,0,0,Rainy,19.5,5,4,5.95,8,8.28
2025-03-05 14:30:00,Wednesday,14,0,0,Rainy,21.1,8,2,5.57,19,25.79
2025-03-05 14:45:00,Wednesday,14,0,0,Rainy,19.9,6,2,5.69,11,19.06
2025-03-05 15:00:00,Wednesday,15,0,0,Rainy,20.7,5,3,4.59,6,7.43
2025-03-05 15:15:00,Wednesday,15,0,0,Rainy,20.2,2,3,6.14,7,1.42
2025-03-05 15:30:00,Wednesday,15,0,0,Rainy,20.8,5,4,6.17,9,4.69
2025-03-05 15:45:00,Wednesday,15,0,0,Rainy,20.9,8,4,6.74,17,14.7
2025-03-05 16:00:00,Wednesday,16,0,0,Rainy,21.6,3,3,5.84,6,5.28
2025-03-05 16:15:00,Wednesday,16,0,0,Rainy,21.6,4,4,4.9,9,5.4
2025-03-05 16:30:00,Wednesday,16,0,0,Rainy,22.2,3,3,5.98,3,7.72
2025-03-05 16:45:00,Wednesday,16,0,0,Rainy,21.7,13,3,8.15,21,40.62
2025-03-05 17:00:00,Wednesday,17,0,0,Rainy,21.1,5,4,5.67,9,9.23
2025-03-05 17:15:00,Wednesday,17,0,0,Cloudy,19.5,6,3,6.89,12,17.16
2025-03-05 17:30:00,Wednesday,17,0,0,Rainy,22.7,3,2,6.0,6,9.06
2025-03-05 17:45:00,Wednesday,17,0,0,Rainy,23.9,6,3,6.52,13,12.56
2025-03-05 18:00:00,Wednesday,18,0,0,Rainy,20.0,7,3,4.54,12,9.37
2025-03-05 18:15:00,Wednesday,18,0,0,Rainy,21.2,11,3,7.03,22,24.4
2025-03-05 18:30:00,Wednesday,18,0,0,Rainy,20.5,7,2,6.29,14,25.89
2025-03-05 18:45:00,Wednesday,18,0,0,Rainy,20.0,11,3,5.34,19,16.66
2025-03-05 19:00:00,Wednesday,19,0,0,Rainy,18.1,4,3,5.61,10,8.18
2025-03-05 19:15:00,Wednesday,19,0,0,Rainy,18.5,6,2,6.28,11,17.49
2025-03-05 19:30:00,Wednesday,19,0,0,Rainy,17.3,8,2,6.89,15,29.1
2025-03-05 19:45:00,Wednesday,19,0,0,Cloudy,23.6,8,3,6.12,17,14.63
2025-03-05 20:00:00,Wednesday,20,0,0,Rainy,20.5,6,3,5.09,14,9.41
2025-03-05 20:15:00,Wednesday,20,0,0,Rainy,22.8,14,2,7.79,24,59.68
2025-03-05 20:30:00,Wednesday,20,0,0,Rainy,19.9,3,2,4.63,6,7.4
2025-03-05 20:45:00,Wednesday,20,0,0,Rainy,19.7,2,2,5.23,3,5.13
2025-03-05 21:00:00,Wednesday,21,0,0,Rainy,19.1,4,3,6.29,10,8.25
2025-03-05 21:15:00,Wednesday,21,0,0,Rainy,20.1,4,2,4.76,8,8.2
2025-03-05 21:30:00,Wednesday,21,0,0,Rainy,21.2,7,1,6.74,14,49.39
2025-03-05 21:45:00,Wednesday,21,0,0,Rainy,20.8,5,2,7.14,11,18.41
2025-03-06 08:00:00,Thursday,8,0,0,Cloudy,23.2,0,4,5.49,2,0.5
2025-03-06 08:15:00,Thursday,8,0,0,Cloudy,27.5,2,4,5.51,4,1.85
2025-03-06 08:30:00,Thursday,8,0,0,Rainy,26.8,2,4,6.09,6,0.5
2025-03-06 08:45:00,Thursday,8,0,0,Cloudy,24.4,1,3,3.87,4,0.5
2025-03-06 09:00:00,Thursday,9,0,0,Cloudy,23.2,1,5,4.16,3,0.5
2025-03-06 09:15:00,Thursday,9,0,0,Cloudy,23.5,3,5,6.18,9,0.5
2025-03-06 09:30:00,Thursday,9,0,0,Cloudy,22.1,2,5,6.81,5,2.97
2025-03-06 09:45:00,Thursday,9,0,0,Cloudy,22.1,2,5,4.18,5,0.5
2025-03-06 10:00:00,Thursday,10,0,0,Cloudy,22.7,3,5,6.12,6,0.5
2025-03-06 10:15:00,Thursday,10,0,0,Cloudy,22.2,5,5,6.46,9,0.76
2025-03-06 10:30:00,Thursday,10,0,0,Cloudy,21.4,8,5,5.42,12,7.54
2025-03-06 10:45:00,Thursday,10,0,0,Sunny,23.2,8,6,5.18,16,4.28
2025-03-06 11:00:00,Thursday,11,0,0,Cloudy,23.2,8,7,4.05,14,0.5
2025-03-06 11:15:00,Thursday,11,0,0,Cloudy,22.4,7,6,5.83,12,0.5
2025-03-06 11:30:00,Thursday,11,0,0,Cloudy,20.6,5,6,5.1,12,0.5
2025-03-06 11:45:00,Thursday,11,0,0,Cloudy,23.5,5,6,5.34,10,0.5
2025-03-06 12:00:00,Thursday,12,0,0,Cloudy,23.2,11,6,4.31,20,4.17
2025-03-06 12:15:00,Thursday,12,0,0,Cloudy,24.3,15,5,6.16,27,15.44
2025-03-06 12:30:00,Thursday,12,0,0,Cloudy,24.7,9,6,4.42,19,0.5
2025-03-06 12:45:00,Thursday,12,0,0,Cloudy,22.8,8,6,5.96,9,0.5
2025-03-06 13:00:00,Thursday,13,0,0,Cloudy,23.7,5,6,5.8,9,2.16
2025-03-06 13:15:00,Thursday,13,0,0,Cloudy,23.6,7,7,6.14,11,2.13
2025-03-06 13:30:00,Thursday,13,0,0,Cloudy,22.2,9,6,6.2,18,3.31
2025-03-06 13:45:00,Thursday,13,0,0,Cloudy,24.7,6,6,5.64,12,1.67
2025-03-06 14:00:00,Thursday,14,0,0,Cloudy,24.8,6,5,5.15,8,2.3
2025-03-06 14:15:00,Thursday,14,0,0,Cloudy,24.2,6,5,5.16,9,1.95
2025-03-06 14:30:00,Thursday,14,0,0,Cloudy,24.1,9,5,6.55,13,9.17
2025-03-06 14:45:00,Thursday,14,0,0,Cloudy,28.8,8,4,5.01,11,8.07
2025-03-06 15:00:00,Thursday,15,0,0,Cloudy,23.3,5,4,5.28,6,0.86
2025-03-06 15:15:00,Thursday,15,0,0,Cloudy,23.4,5,4,5.12,8,4.67
2025-03-06 15:30:00,Thursday,15,0,0,Cloudy,24.3,7,5,5.26,16,6.04
2025-03-06 15:45:00,Thursday,15,0,0,Cloudy,23.4,3,5,5.19,3,0.5
2025-03-06 16:00:00,Thursday,16,0,0,Cloudy,22.8,5,4,5.94,9,2.91
2025-03-06 16:15:00,Thursday,16,0,0,Cloudy,25.1,8,5,5.51,17,7.2
2025-03-06 16:30:00,Thursday,16,0,0,Cloudy,26.3,15,5,7.09,31,16.7
2025-03-06 16:45:00,Thursday,16,0,0,Cloudy,22.5,9,5,6.6,15,6.45
2025-03-06 17:00:00,Thursday,17,0,0,Cloudy,22.7,10,4,5.02,21,12.17
2025-03-06 17:15:00,Thursday,17,0,0,Cloudy,24.9,9,5,6.43,16,7.91
2025-03-06 17:30:00,Thursday,17,0,0,Cloudy,23.1,9,5,4.87,19,3.52
2025-03-06 17:45:00,Thursday,17,0,0,Cloudy,24.4,19,5,6.82,32,25.25
2025-03-06 18:00:00,Thursday,18,0,0,Cloudy,23.6,12,5,5.76,29,14.8
2025-03-06 18:15:00,Thursday,18,0,0,Cloudy,23.1,13,4,6.53,25,21.81
2025-03-06 18:30:00,Thursday,18,0,0,Cloudy,20.8,19,5,5.87,35,18.92
2025-03-06 18:45:00,Thursday,18,0,0,Cloudy,24.0,14,5,6.43,25,16.59
2025-03-06 19:00:00,Thursday,19,0,0,Cloudy,23.2,20,5,6.49,34,22.59
2025-03-06 19:15:00,Thursday,19,0,0,Cloudy,24.4,9,5,4.35,11,5.0
2025-03-06 19:30:00,Thursday,19,0,0,Cloudy,22.6,16,5,6.06,25,18.27
2025-03-06 19:45:00,Thursday,19,0,0,Cloudy,25.0,12,5,4.98,17,7.69
2025-03-06 20:00:00,Thursday,20,0,0,Cloudy,22.0,10,5,3.43,23,3.63
2025-03-06 20:15:00,Thursday,20,0,0,Cloudy,23.4,7,4,4.54,14,7.34
2025-03-06 20:30:00,Thursday,20,0,0,Cloudy,22.4,8,4,4.15,17,6.47
2025-03-06 20:45:00,Thursday,20,0,0,Cloudy,20.4,11,4,5.08,17,9.69
2025-03-06 21:00:00,Thursday,21,0,0,Cloudy,24.9,6,4,4.67,12,5.58
2025-03-06 21:15:00,Thursday,21,0,0,Cloudy,24.1,3,4,4.09,5,0.5
2025-03-06 21:30:00,Thursday,21,0,0,Cloudy,25.1,7,4,4.0,12,2.1
2025-03-06 21:45:00,Thursday,21,0,0,Cloudy,23.3,2,4,5.92,4,0.5
2025-03-07 08:00:00,Friday,8,0,0,Sunny,29.9,2,2,6.47,5,3.91
2025-03-07 08:15:00,Friday,8,0,0,Sunny,28.7,1,3,5.55,2,0.77
2025-03-07 08:30:00,Friday,8,0,0,Sunny,27.2,1,3,5.73,1,0.5
2025-03-07 08:45:00,Friday,8,0,0,Sunny,29.0,2,3,6.08,3,0.5
2025-03-07 09:00:00,Friday,9,0,0,Sunny,32.5,0,4,5.08,1,0.5
2025-03-07 09:15:00,Friday,9,0,0,Sunny,29.5,2,4,6.97,3,0.5
2025-03-07 09:30:00,Friday,9,0,0,Sunny,32.6,2,4,4.27,2,0.5
2025-03-07 09:45:00,Friday,9,0,0,Sunny,30.3,3,4,5.01,5,3.36
2025-03-07 10:00:00,Friday,10,0,0,Rainy,28.1,2,4,5.2,4,1.27
2025-03-07 10:15:00,Friday,10,0,0,Sunny,30.5,7,4,6.54,16,10.09
2025-03-07 10:30:00,Friday,10,0,0,Sunny,27.9,4,4,5.03,6,0.5
2025-03-07 10:45:00,Friday,10,0,0,Sunny,28.2,2,4,4.95,7,0.5
2025-03-07 11:00:00,Friday,11,0,0,Sunny,28.2,5,5,5.44,12,5.01
2025-03-07 11:15:00,Friday,11,0,0,Cloudy,26.8,4,4,6.16,7,0.5
2025-03-07 11:30:00,Friday,11,0,0,Sunny,30.3,13,5,5.19,26,7.23
2025-03-07 11:45:00,Friday,11,0,0,Sunny,30.1,10,5,5.69,19,8.55
2025-03-07 12:00:00,Friday,12,0,0,Sunny,29.0,12,5,5.32,24,13.41
2025-03-07 12:15:00,Friday,12,0,0,Sunny,28.4,13,5,5.68,28,13.31
2025-03-07 12:30:00,Friday,12,0,0,Sunny,28.6,8,5,5.56,15,3.24
2025-03-07 12:45:00,Friday,12,0,0,Sunny,28.2,10,4,5.64,14,8.51
2025-03-07 13:00:00,Friday,13,0,0,Sunny,30.3,9,5,4.21,20,6.39
2025-03-07 13:15:00,Friday,13,0,0,Sunny,30.1,11,6,6.35,25,9.72
2025-03-07 13:30:00,Friday,13,0,0,Sunny,28.7,6,5,6.27,13,2.53
2025-03-07 13:45:00,Friday,13,0,0,Sunny,32.4,8,4,6.13,13,8.88
2025-03-07 14:00:00,Friday,14,0,0,Sunny,29.2,4,5,6.57,6,0.5
2025-03-07 14:15:00,Friday,14,0,0,Sunny,29.8,12,5,5.59,20,10.27
2025-03-07 14:30:00,Friday,14,0,0,Sunny,27.1,8,4,5.8,13,8.76
2025-03-07 14:45:00,Friday,14,0,0,Sunny,31.6,4,4,5.18,7,0.5
2025-03-07 15:00:00,Friday,15,0,0,Sunny,31.6,6,4,4.67,9,3.42
2025-03-07 15:15:00,Friday,15,0,0,Sunny,30.1,4,4,5.53,10,2.99
2025-03-07 15:30:00,Friday,15,0,0,Sunny,33.1,7,4,5.17,9,7.02
2025-03-07 15:45:00,Friday,15,0,0,Sunny,28.9,3,4,6.43,10,2.04
2025-03-07 16:00:00,Friday,16,0,0,Sunny,31.2,3,4,6.06,6,0.5
2025-03-07 16:15:00,Friday,16,0,0,Sunny,31.7,4,3,5.37,9,4.83
2025-03-07 16:30:00,Friday,16,0,0,Sunny,28.1,13,4,5.13,26,18.72
2025-03-07 16:45:00,Friday,16,0,0,Sunny,28.8,5,4,5.36,13,2.09
2025-03-07 17:00:00,Friday,17,0,0,Sunny,31.8,7,3,6.21,17,18.43
2025-03-07 17:15:00,Friday,17,0,0,Sunny,32.5,12,4,4.89,14,10.16
2025-03-07 17:30:00,Friday,17,0,0,Sunny,28.9,12,4,6.56,18,21.03
2025-03-07 17:45:00,Friday,17,0,0,Sunny,30.0,5,3,6.97,9,7.75
2025-03-07 18:00:00,Friday,18,0,0,Sunny,32.2,14,4,4.37,26,17.55
2025-03-07 18:15:00,Friday,18,0,0,Sunny,29.4,11,4,6.02,23,14.97
2025-03-07 18:30:00,Friday,18,0,0,Sunny,28.8,10,3,6.43,23,21.0
2025-03-07 18:45:00,Friday,18,0,0,Sunny,29.7,12,4,6.12,21,17.18
2025-03-07 19:00:00,Friday,19,0,0,Sunny,28.7,21,4,6.3,40,33.16
2025-03-07 19:15:00,Friday,19,0,0,Sunny,29.1,17,4,7.86,30,35.4
2025-03-07 19:30:00,Friday,19,0,0,Sunny,28.3,17,4,6.89,34,28.66
2025-03-07 19:45:00,Friday,19,0,0,Sunny,28.1,12,4,5.62,22,17.5
2025-03-07 20:00:00,Friday,20,0,0,Cloudy,29.8,9,5,5.3,15,5.46
2025-03-07 20:15:00,Friday,20,0,0,Sunny,28.7,2,3,4.71,4,4.14
2025-03-07 20:30:00,Friday,20,0,0,Sunny,28.6,4,3,5.92,8,5.38
2025-03-07 20:45:00,Friday,20,0,0,Sunny,27.7,7,4,5.66,16,4.74
2025-03-07 21:00:00,Friday,21,0,0,Sunny,26.8,6,3,5.86,9,10.13
2025-03-07 21:15:00,Friday,21,0,0,Sunny,29.4,5,3,5.84,8,6.26
2025-03-07 21:30:00,Friday,21,0,0,Sunny,26.7,1,3,5.93,3,0.5
2025-03-07 21:45:00,Friday,21,0,0,Sunny,26.6,6,3,6.38,9,13.25
2025-03-08 08:00:00,Saturday,8,1,0,Sunny,30.3,4,4,4.37,5,5.53
2025-03-08 08:15:00,Saturday,8,1,0,Sunny,27.9,2,5,5.27,5,0.5
2025-03-08 08:30:00,Saturday,8,1,0,Sunny,29.4,6,5,4.84,11,0.78
2025-03-08 08:45:00,Saturday,8,1,0,Sunny,30.8,0,4,5.31,4,0.5
2025-03-08 09:00:00,Saturday,9,1,0,Sunny,32.6,3,5,6.05,5,1.52
2025-03-08 09:15:00,Saturday,9,1,0,Sunny,30.4,1,5,4.94,1,0.5
2025-03-08 09:30:00,Saturday,9,1,0,Sunny,31.0,4,4,6.06,7,5.6
2025-03-08 09:45:00,Saturday,9,1,0,Sunny,28.3,2,5,4.81,7,0.5
2025-03-08 10:00:00,Saturday,10,1,0,Sunny,28.3,5,5,4.31,8,2.93
2025-03-08 10:15:00,Saturday,10,1,0,Sunny,30.3,5,5,4.9,9,2.91
2025-03-08 10:30:00,Saturday,10,1,0,Sunny,28.1,4,5,4.93,9,1.8
2025-03-08 10:45:00,Saturday,10,1,0,Sunny,31.6,6,5,5.65,9,0.5
2025-03-08 11:00:00,Saturday,11,1,0,Sunny,26.7,11,7,4.94,22,5.53
2025-03-08 11:15:00,Saturday,11,1,0,Sunny,31.1,10,5,5.35,16,9.67
2025-03-08 11:30:00,Saturday,11,1,0,Sunny,29.1,10,6,4.76,15,3.91
2025-03-08 11:45:00,Saturday,11,1,0,Sunny,32.4,14,5,5.36,22,16.37
2025-03-08 12:00:00,Saturday,12,1,0,Sunny,30.3,11,6,5.42,17,5.17
2025-03-08 12:15:00,Saturday,12,1,0,Sunny,28.3,11,6,4.56,20,6.21
2025-03-08 12:30:00,Saturday,12,1,0,Sunny,32.0,11,7,3.67,19,0.5
2025-03-08 12:45:00,Saturday,12,1,0,Sunny,30.2,18,6,5.48,36,16.88
2025-03-08 13:00:00,Saturday,13,1,0,Sunny,30.3,15,5,6.59,33,19.17
2025-03-08 13:15:00,Saturday,13,1,0,Sunny,32.0,12,6,6.21,17,10.15
2025-03-08 13:30:00,Saturday,13,1,0,Sunny,28.5,12,6,5.44,24,13.78
2025-03-08 13:45:00,Saturday,13,1,0,Sunny,29.2,15,6,6.51,23,18.23
2025-03-08 14:00:00,Saturday,14,1,0,Sunny,30.2,11,6,5.09,15,8.58
2025-03-08 14:15:00,Saturday,14,1,0,Sunny,31.7,5,5,5.27,14,5.71
2025-03-08 14:30:00,Saturday,14,1,0,Sunny,29.7,14,6,5.44,24,15.72
2025-03-08 14:45:00,Saturday,14,1,0,Sunny,32.3,10,5,6.59,18,6.98
2025-03-08 15:00:00,Saturday,15,1,0,Sunny,29.4,10,5,6.1,17,8.03
2025-03-08 15:15:00,Saturday,15,1,0,Sunny,28.4,7,4,4.38,11,3.26
2025-03-08 15:30:00,Saturday,15,1,0,Sunny,33.9,7,5,5.97,11,3.12
2025-03-08 15:45:00,Saturday,15,1,0,Sunny,32.0,6,5,5.88,9,5.47
2025-03-08 16:00:00,Saturday,16,1,0,Cloudy,31.1,9,5,5.31,17,10.14
2025-03-08 16:15:00,Saturday,16,1,0,Sunny,30.7,7,5,4.87,13,5.72
2025-03-08 16:30:00,Saturday,16,1,0,Sunny,29.4,10,5,5.13,22,8.63
2025-03-08 16:45:00,Saturday,16,1,0,Sunny,32.2,14,4,5.37,26,18.84
2025-03-08 17:00:00,Saturday,17,1,0,Sunny,28.6,10,6,4.35,21,10.81
2025-03-08 17:15:00,Saturday,17,1,0,Cloudy,30.6,11,5,5.59,25,12.17
2025-03-08 17:30:00,Saturday,17,1,0,Sunny,29.5,19,5,6.26,36,26.37
2025-03-08 17:45:00,Saturday,17,1,0,Sunny,31.6,12,4,5.1,16,16.39
2025-03-08 18:00:00,Saturday,18,1,0,Sunny,31.5,14,5,4.87,25,15.34
2025-03-08 18:15:00,Saturday,18,1,0,Sunny,28.1,10,5,5.65,25,9.0
2025-03-08 18:30:00,Saturday,18,1,0,Sunny,32.5,18,4,7.0,34,36.95
2025-03-08 18:45:00,Saturday,18,1,0,Sunny,30.0,21,5,6.87,40,34.19
2025-03-08 19:00:00,Saturday,19,1,0,Sunny,31.1,19,5,6.79,34,28.17
2025-03-08 19:15:00,Saturday,19,1,0,Sunny,29.8,16,6,5.83,30,15.89
2025-03-08 19:30:00,Saturday,19,1,0,Sunny,32.7,10,4,6.34,20,15.43
2025-03-08 19:45:00,Saturday,19,1,0,Sunny,31.5,16,5,5.4,29,15.99
2025-03-08 20:00:00,Saturday,20,1,0,Sunny,30.4,14,5,5.17,28,16.93
2025-03-08 20:15:00,Saturday,20,1,0,Sunny,29.1,9,4,5.57,14,14.09
2025-03-08 20:30:00,Saturday,20,1,0,Sunny,28.7,12,4,6.25,23,19.45
2025-03-08 20:45:00,Saturday,20,1,0,Sunny,28.5,12,4,5.67,22,13.75
2025-03-08 21:00:00,Saturday,21,1,0,Sunny,30.4,12,4,7.53,25,20.63
2025-03-08 21:15:00,Saturday,21,1,0,Sunny,26.5,3,4,4.7,5,0.5
2025-03-08 21:30:00,Saturday,21,1,0,Sunny,29.1,6,4,4.98,13,5.73
2025-03-08 21:45:00,Saturday,21,1,0,Sunny,30.8,9,4,6.56,14,11.64
2025-03-09 08:00:00,Sunday,8,1,0,Sunny,30.0,6,4,6.32,11,6.08
2025-03-09 08:15:00,Sunday,8,1,0,Sunny,31.4,3,4,5.39,10,4.12
2025-03-09 08:30:00,Sunday,8,1,0,Sunny,32.5,3,4,5.59,6,1.99
2025-03-09 08:45:00,Sunday,8,1,0,Sunny,34.7,3,5,5.1,8,0.5
2025-03-09 09:00:00,Sunday,9,1,0,Sunny,29.4,6,5,5.31,10,2.39
2025-03-09 09:15:00,Sunday,9,1,0,Sunny,31.6,4,5,5.24,8,0.5
2025-03-09 09:30:00,Sunday,9,1,0,Sunny,30.2,3,4,4.26,2,0.5
2025-03-09 09:45:00,Sunday,9,1,0,Sunny,30.6,3,5,4.95,2,0.74
2025-03-09 10:00:00,Sunday,10,1,0,Sunny,32.9,4,5,5.94,9,1.99
2025-03-09 10:15:00,Sunday,10,1,0,Sunny,29.6,2,4,4.84,3,0.5
2025-03-09 10:30:00,Sunday,10,1,0,Sunny,32.7,12,5,5.89,24,12.1
2025-03-09 10:45:00,Sunday,10,1,0,Sunny,32.0,10,5,5.2,26,10.2
2025-03-09 11:00:00,Sunday,11,1,0,Sunny,29.1,12,6,6.16,22,8.89
2025-03-09 11:15:00,Sunday,11,1,0,Sunny,32.7,14,6,6.57,26,9.91
2025-03-09 11:30:00,Sunday,11,1,0,Windy,32.5,13,6,3.84,27,7.84
2025-03-09 11:45:00,Sunday,11,1,0,Sunny,30.6,10,7,5.99,19,3.22
2025-03-09 12:00:00,Sunday,12,1,0,Sunny,33.5,13,6,5.5,28,7.98
2025-03-09 12:15:00,Sunday,12,1,0,Sunny,32.2,11,6,4.28,28,2.71
2025-03-09 12:30:00,Sunday,12,1,0,Sunny,32.2,10,6,5.84,16,5.94
2025-03-09 12:45:00,Sunday,12,1,0,Sunny,31.5,11,6,6.91,21,11.2
2025-03-09 13:00:00,Sunday,13,1,0,Sunny,30.9,16,6,4.81,28,7.98
2025-03-09 13:15:00,Sunday,13,1,0,Sunny,31.4,23,6,7.38,42,27.61
2025-03-09 13:30:00,Sunday,13,1,0,Sunny,33.5,10,6,5.0,18,2.9
2025-03-09 13:45:00,Sunday,13,1,0,Sunny,33.6,10,6,5.34,20,12.38
2025-03-09 14:00:00,Sunday,14,1,0,Sunny,33.7,10,5,6.84,20,11.26
2025-03-09 14:15:00,Sunday,14,1,0,Sunny,33.7,8,5,4.52,15,8.38
2025-03-09 14:30:00,Sunday,14,1,0,Sunny,33.8,7,5,5.02,14,2.07
2025-03-09 14:45:00,Sunday,14,1,0,Sunny,32.4,3,5,6.83,8,0.5
2025-03-09 15:00:00,Sunday,15,1,0,Sunny,35.8,7,5,4.08,15,0.5
2025-03-09 15:15:00,Sunday,15,1,0,Sunny,31.4,6,6,5.33,10,0.5
2025-03-09 15:30:00,Sunday,15,1,0,Rainy,32.2,8,5,5.03,11,7.84
2025-03-09 15:45:00,Sunday,15,1,0,Sunny,32.4,7,4,4.67,16,8.2
2025-03-09 16:00:00,Sunday,16,1,0,Sunny,32.6,11,5,6.04,19,14.15
2025-03-09 16:15:00,Sunday,16,1,0,Sunny,33.7,3,6,5.08,7,0.5
2025-03-09 16:30:00,Sunday,16,1,0,Sunny,30.6,10,5,5.82,22,13.84
2025-03-09 16:45:00,Sunday,16,1,0,Sunny,35.1,16,5,5.36,25,14.15
2025-03-09 17:00:00,Sunday,17,1,0,Sunny,35.4,12,6,4.85,24,6.5
2025-03-09 17:15:00,Sunday,17,1,0,Sunny,32.6,17,5,5.71,37,21.83
2025-03-09 17:30:00,Sunday,17,1,0,Sunny,34.4,13,5,4.82,23,9.17
2025-03-09 17:45:00,Sunday,17,1,0,Sunny,32.0,10,5,4.78,19,7.75
2025-03-09 18:00:00,Sunday,18,1,0,Sunny,31.9,20,5,6.17,33,21.74
2025-03-09 18:15:00,Sunday,18,1,0,Sunny,33.6,15,5,7.02,34,23.25
2025-03-09 18:30:00,Sunday,18,1,0,Sunny,31.7,23,5,6.57,42,33.08
2025-03-09 18:45:00,Sunday,18,1,0,Cloudy,33.6,11,5,5.88,20,11.0
2025-03-09 19:00:00,Sunday,19,1,0,Sunny,33.3,15,5,7.03,33,23.29
2025-03-09 19:15:00,Sunday,19,1,0,Sunny,31.1,13,5,5.46,25,13.05
2025-03-09 19:30:00,Sunday,19,1,0,Sunny,32.4,16,4,7.68,24,28.99
2025-03-09 19:45:00,Sunday,19,1,0,Sunny,30.8,14,5,5.67,29,15.67
2025-03-09 20:00:00,Sunday,20,1,0,Sunny,32.2,11,5,5.49,21,9.45
2025-03-09 20:15:00,Sunday,20,1,0,Sunny,30.9,13,4,6.19,25,19.1
2025-03-09 20:30:00,Sunday,20,1,0,Sunny,30.9,9,4,5.51,19,10.22
2025-03-09 20:45:00,Sunday,20,1,0,Sunny,33.7,7,4,6.65,13,8.01
2025-03-09 21:00:00,Sunday,21,1,0,Sunny,31.4,7,4,6.03,13,8.28
2025-03-09 21:15:00,Sunday,21,1,0,Sunny,34.7,3,4,5.16,6,3.48
2025-03-09 21:30:00,Sunday,21,1,0,Sunny,32.9,7,3,6.89,10,18.36
2025-03-09 21:45:00,Sunday,21,1,0,Sunny,32.8,7,4,5.51,18,7.78
2025-03-10 08:00:00,Monday,8,0,0,Windy,22.1,2,2,5.7,2,6.73
2025-03-10 08:15:00,Monday,8,0,0,Windy,21.3,0,3,5.42,2,0.5
2025-03-10 08:30:00,Monday,8,0,0,Windy,23.9,2,4,5.17,7,0.5
2025-03-10 08:45:00,Monday,8,0,0,Windy,22.3,4,3,5.96,6,11.3
2025-03-10 09:00:00,Monday,9,0,0,Windy,20.9,1,5,4.21,5,0.5
2025-03-10 09:15:00,Monday,9,0,0,Windy,20.0,3,4,5.69,3,0.5
2025-03-10 09:30:00,Monday,9,0,0,Windy,22.3,2,4,5.48,3,1.09
2025-03-10 09:45:00,Monday,9,0,0,Windy,22.7,7,4,4.32,13,1.39
2025-03-10 10:00:00,Monday,10,0,0,Sunny,22.0,1,4,4.23,0,0.5
2025-03-10 10:15:00,Monday,10,0,0,Windy,21.5,6,4,6.08,13,4.54
2025-03-10 10:30:00,Monday,10,0,0,Windy,20.6,3,4,5.1,2,0.5
2025-03-10 10:45:00,Monday,10,0,0,Windy,24.0,3,4,4.98,4,0.5
2025-03-10 11:00:00,Monday,11,0,0,Windy,22.5,7,5,6.67,11,3.18
2025-03-10 11:15:00,Monday,11,0,0,Windy,20.5,8,5,6.09,14,4.67
2025-03-10 11:30:00,Monday,11,0,0,Windy,23.8,12,5,6.26,21,13.78
2025-03-10 11:45:00,Monday,11,0,0,Windy,21.1,10,5,5.21,25,11.74
2025-03-10 12:00:00,Monday,12,0,0,Windy,21.1,5,6,5.66,11,1.02
2025-03-10 12:15:00,Monday,12,0,0,Windy,26.0,12,5,5.77,26,13.04
2025-03-10 12:30:00,Monday,12,0,0,Windy,22.2,13,5,4.89,29,5.69
2025-03-10 12:45:00,Monday,12,0,0,Windy,26.1,12,5,6.36,26,13.65
2025-03-10 13:00:00,Monday,13,0,0,Windy,25.1,19,5,4.66,32,15.59
2025-03-10 13:15:00,Monday,13,0,0,Windy,21.3,6,5,6.05,13,0.63
2025-03-10 13:30:00,Monday,13,0,0,Windy,23.9,8,5,4.95,14,2.05
2025-03-10 13:45:00,Monday,13,0,0,Windy,22.5,14,5,7.42,31,18.1
2025-03-10 14:00:00,Monday,14,0,0,Windy,23.3,9,5,6.19,21,5.64
2025-03-10 14:15:00,Monday,14,0,0,Windy,23.6,3,3,5.26,5,3.85
2025-03-10 14:30:00,Monday,14,0,0,Windy,21.5,4,4,5.96,9,0.63
2025-03-10 14:45:00,Monday,14,0,0,Windy,23.5,3,4,6.38,5,0.5
2025-03-10 15:00:00,Monday,15,0,0,Windy,21.7,6,4,5.81,10,11.29
2025-03-10 15:15:00,Monday,15,0,0,Windy,22.3,6,4,5.86,15,6.78
2025-03-10 15:30:00,Monday,15,0,0,Windy,20.2,3,4,4.78,7,0.5
2025-03-10 15:45:00,Monday,15,0,0,Windy,22.7,10,5,5.38,23,7.23
2025-03-10 16:00:00,Monday,16,0,0,Windy,22.0,8,4,4.32,20,6.35
2025-03-10 16:15:00,Monday,16,0,0,Windy,23.7,4,4,6.47,8,4.97
2025-03-10 16:30:00,Monday,16,0,0,Windy,24.4,8,4,4.59,13,7.0
2025-03-10 16:45:00,Monday,16,0,0,Windy,21.7,12,4,5.8,19,15.9
2025-03-10 17:00:00,Monday,17,0,0,Windy,23.0,11,3,6.36,21,20.38
2025-03-10 17:15:00,Monday,17,0,0,Windy,23.3,9,3,6.53,18,17.29
2025-03-10 17:30:00,Monday,17,0,0,Windy,22.6,11,4,5.84,22,15.77
2025-03-10 17:45:00,Monday,17,0,0,Windy,20.1,8,4,5.8,13,8.68
2025-03-10 18:00:00,Monday,18,0,0,Windy,21.6,5,4,5.52,12,3.52
2025-03-10 18:15:00,Monday,18,0,0,Windy,24.5,11,4,5.14,24,9.78
2025-03-10 18:30:00,Monday,18,0,0,Windy,20.3,12,3,6.5,21,28.75
2025-03-10 18:45:00,Monday,18,0,0,Windy,23.2,17,4,6.96,36,26.58
2025-03-10 19:00:00,Monday,19,0,0,Windy,22.7,17,4,7.17,38,34.75
2025-03-10 19:15:00,Monday,19,0,0,Cloudy,21.6,12,3,6.54,27,27.52
2025-03-10 19:30:00,Monday,19,0,0,Windy,21.2,8,3,5.34,14,12.2
2025-03-10 19:45:00,Monday,19,0,0,Windy,22.6,5,4,6.33,11,0.55
2025-03-10 20:00:00,Monday,20,0,0,Windy,22.4,7,4,5.27,13,4.9
2025-03-10 20:15:00,Monday,20,0,0,Windy,24.4,10,3,6.16,16,17.52
2025-03-10 20:30:00,Monday,20,0,0,Windy,22.1,5,3,6.19,12,6.74
2025-03-10 20:45:00,Monday,20,0,0,Windy,22.6,7,3,3.72,11,6.24
2025-03-10 21:00:00,Monday,21,0,0,Windy,25.0,10,4,5.51,15,9.49
2025-03-10 21:15:00,Monday,21,0,0,Windy,23.6,2,3,3.5,6,2.36
2025-03-10 21:30:00,Monday,21,0,0,Windy,23.7,4,4,5.12,6,3.1
2025-03-10 21:45:00,Monday,21,0,0,Rainy,22.3,3,3,4.54,7,2.7
2025-03-11 08:00:00,Tuesday,8,0,0,Sunny,29.6,2,3,7.1,2,5.17
2025-03-11 08:15:00,Tuesday,8,0,0,Sunny,30.2,6,4,4.97,9,7.98
2025-03-11 08:30:00,Tuesday,8,0,0,Sunny,30.6,2,5,3.81,5,0.5
2025-03-11 08:45:00,Tuesday,8,0,0,Sunny,28.0,3,4,5.83,5,3.31
2025-03-11 09:00:00,Tuesday,9,0,0,Sunny,29.4,0,5,6.14,5,0.5
2025-03-11 09:15:00,Tuesday,9,0,0,Sunny,29.1,2,5,5.08,5,0.5
2025-03-11 09:30:00,Tuesday,9,0,0,Sunny,29.9,0,5,5.85,0,0.5
2025-03-11 09:45:00,Tuesday,9,0,0,Sunny,26.0,1,6,6.33,4,0.5
2025-03-11 10:00:00,Tuesday,10,0,0,Sunny,26.9,4,5,5.6,8,0.5
2025-03-11 10:15:00,Tuesday,10,0,0,Sunny,29.0,8,5,5.64,16,4.88
2025-03-11 10:30:00,Tuesday,10,0,0,Sunny,26.1,4,5,4.11,6,0.5
2025-03-11 10:45:00,Tuesday,10,0,0,Sunny,27.9,5,6,5.89,10,2.25
2025-03-11 11:00:00,Tuesday,11,0,0,Sunny,28.5,6,7,5.5,10,0.5
2025-03-11 11:15:00,Tuesday,11,0,0,Sunny,27.7,10,6,6.88,24,9.51
2025-03-11 11:30:00,Tuesday,11,0,0,Sunny,31.5,3,6,4.03,4,0.5
2025-03-11 11:45:00,Tuesday,11,0,0,Windy,28.4,7,6,5.6,20,0.99
2025-03-11 12:00:00,Tuesday,12,0,0,Sunny,27.2,11,6,6.15,13,4.67
2025-03-11 12:15:00,Tuesday,12,0,0,Sunny,26.5,9,6,5.59,15,0.5
2025-03-11 12:30:00,Tuesday,12,0,0,Sunny,28.9,19,5,4.76,38,18.09
2025-03-11 12:45:00,Tuesday,12,0,0,Sunny,29.3,8,6,6.11,16,6.6
2025-03-11 13:00:00,Tuesday,13,0,0,Sunny,31.4,12,6,5.25,22,7.72
2025-03-11 13:15:00,Tuesday,13,0,0,Sunny,25.5,14,6,4.97,29,9.63
2025-03-11 13:30:00,Tuesday,13,0,0,Sunny,29.7,3,6,5.72,7,0.5
2025-03-11 13:45:00,Tuesday,13,0,0,Sunny,29.5,6,6,6.04,9,0.5
2025-03-11 14:00:00,Tuesday,14,0,0,Sunny,29.4,7,6,5.44,13,0.5
2025-03-11 14:15:00,Tuesday,14,0,0,Sunny,28.2,8,5,4.29,12,1.41
2025-03-11 14:30:00,Tuesday,14,0,0,Sunny,28.5,5,5,6.2,10,0.78
2025-03-11 14:45:00,Tuesday,14,0,0,Sunny,28.7,5,5,5.19,9,4.68
2025-03-11 15:00:00,Tuesday,15,0,0,Sunny,28.7,6,4,4.61,11,5.55
2025-03-11 15:15:00,Tuesday,15,0,0,Sunny,29.9,2,5,4.74,5,1.39
2025-03-11 15:30:00,Tuesday,15,0,0,Sunny,29.4,6,5,6.68,7,4.92
2025-03-11 15:45:00,Tuesday,15,0,0,Cloudy,29.9,4,5,5.85,5,2.37
2025-03-11 16:00:00,Tuesday,16,0,0,Sunny,32.6,3,5,5.73,6,3.13
2025-03-11 16:15:00,Tuesday,16,0,0,Sunny,29.2,9,5,5.13,17,6.13
2025-03-11 16:30:00,Tuesday,16,0,0,Sunny,30.7,7,5,3.71,15,0.5
2025-03-11 16:45:00,Tuesday,16,0,0,Sunny,30.6,9,5,5.57,16,6.55
2025-03-11 17:00:00,Tuesday,17,0,0,Sunny,27.0,6,5,6.23,15,3.35
2025-03-11 17:15:00,Tuesday,17,0,0,Sunny,29.8,8,5,4.0,18,7.11
2025-03-11 17:30:00,Tuesday,17,0,0,Sunny,26.3,15,5,5.52,26,16.91
2025-03-11 17:45:00,Tuesday,17,0,0,Sunny,27.1,10,5,4.47,16,4.37
2025-03-11 18:00:00,Tuesday,18,0,0,Sunny,29.8,9,6,5.84,18,2.33
2025-03-11 18:15:00,Tuesday,18,0,0,Sunny,26.9,10,5,4.78,20,6.7
2025-03-11 18:30:00,Tuesday,18,0,0,Sunny,26.2,10,5,4.38,20,2.24
2025-03-11 18:45:00,Tuesday,18,0,0,Sunny,28.0,12,5,5.38,20,7.65
2025-03-11 19:00:00,Tuesday,19,0,0,Sunny,28.5,12,5,5.94,23,13.09
2025-03-11 19:15:00,Tuesday,19,0,0,Sunny,28.6,17,4,4.89,30,20.65
2025-03-11 19:30:00,Tuesday,19,0,0,Sunny,27.0,12,5,4.59,24,7.66
2025-03-11 19:45:00,Tuesday,19,0,0,Sunny,30.8,13,5,5.67,24,8.73
2025-03-11 20:00:00,Tuesday,20,0,0,Sunny,24.7,12,5,5.57,26,12.99
2025-03-11 20:15:00,Tuesday,20,0,0,Rainy,29.0,8,4,4.46,15,6.98
2025-03-11 20:30:00,Tuesday,20,0,0,Sunny,27.2,5,4,4.82,14,2.76
2025-03-11 20:45:00,Tuesday,20,0,0,Sunny,28.9,11,4,6.47,22,13.82
2025-03-11 21:00:00,Tuesday,21,0,0,Sunny,27.4,7,4,5.5,15,6.69
2025-03-11 21:15:00,Tuesday,21,0,0,Sunny,27.2,7,4,6.24,15,8.02
2025-03-11 21:30:00,Tuesday,21,0,0,Sunny,28.9,3,4,3.81,8,2.29
2025-03-11 21:45:00,Tuesday,21,0,0,Sunny,27.2,2,4,5.68,6,0.5
2025-03-12 08:00:00,Wednesday,8,0,0,Sunny,30.2,1,1,4.21,1,5.81
2025-03-12 08:15:00,Wednesday,8,0,0,Sunny,31.0,2,3,6.34,4,2.43
2025-03-12 08:30:00,Wednesday,8,0,0,Sunny,28.5,3,2,7.54,6,11.11
2025-03-12 08:45:00,Wednesday,8,0,0,Sunny,27.8,2,2,4.69,5,7.06
2025-03-12 09:00:00,Wednesday,9,0,0,Sunny,30.8,1,3,5.97,0,0.5
2025-03-12 09:15:00,Wednesday,9,0,0,Sunny,28.3,6,3,5.23,12,11.94
2025-03-12 09:30:00,Wednesday,9,0,0,Sunny,25.9,2,3,5.76,4,3.45
2025-03-12 09:45:00,Wednesday,9,0,0,Sunny,29.1,2,3,5.25,3,0.8
2025-03-12 10:00:00,Wednesday,10,0,0,Sunny,30.4,4,3,5.62,8,7.2
2025-03-12 10:15:00,Wednesday,10,0,0,Sunny,28.2,8,3,5.88,16,16.62
2025-03-12 10:30:00,Wednesday,10,0,0,Sunny,30.7,3,4,4.88,1,1.64
2025-03-12 10:45:00,Wednesday,10,0,0,Sunny,30.4,10,2,7.2,20,33.53
2025-03-12 11:00:00,Wednesday,11,0,0,Sunny,28.8,3,4,4.94,7,0.5
2025-03-12 11:15:00,Wednesday,11,0,0,Sunny,31.2,12,3,7.38,25,29.37
2025-03-12 11:30:00,Wednesday,11,0,0,Sunny,32.9,8,4,5.27,16,13.01
2025-03-12 11:45:00,Wednesday,11,0,0,Sunny,30.7,6,4,5.25,10,8.11
2025-03-12 12:00:00,Wednesday,12,0,0,Sunny,28.5,17,4,5.75,34,25.92
2025-03-12 12:15:00,Wednesday,12,0,0,Sunny,26.5,16,4,5.78,33,26.72
2025-03-12 12:30:00,Wednesday,12,0,0,Sunny,32.3,7,4,5.48,15,6.8
2025-03-12 12:45:00,Wednesday,12,0,0,Sunny,31.0,11,4,6.39,21,15.22
2025-03-12 13:00:00,Wednesday,13,0,0,Sunny,28.7,6,4,6.13,8,5.25
2025-03-12 13:15:00,Wednesday,13,0,0,Sunny,29.2,6,4,6.27,12,3.99
2025-03-12 13:30:00,Wednesday,13,0,0,Sunny,30.5,12,4,6.55,26,16.45
2025-03-12 13:45:00,Wednesday,13,0,0,Sunny,28.6,10,4,4.75,17,7.36
2025-03-12 14:00:00,Wednesday,14,0,0,Sunny,27.2,6,5,5.6,15,4.51
2025-03-12 14:15:00,Wednesday,14,0,0,Sunny,30.0,5,3,6.42,12,8.47
2025-03-12 14:30:00,Wednesday,14,0,0,Sunny,27.8,3,4,5.83,7,0.5
2025-03-12 14:45:00,Wednesday,14,0,0,Sunny,32.5,2,2,4.72,5,0.5
2025-03-12 15:00:00,Wednesday,15,0,0,Sunny,28.0,6,3,5.52,11,10.2
2025-03-12 15:15:00,Wednesday,15,0,0,Sunny,31.1,5,2,4.93,8,13.65
2025-03-12 15:30:00,Wednesday,15,0,0,Sunny,26.4,2,3,5.21,7,0.5
2025-03-12 15:45:00,Wednesday,15,0,0,Sunny,30.2,5,3,5.08,9,8.08
2025-03-12 16:00:00,Wednesday,16,0,0,Windy,31.2,4,3,6.1,8,8.27
2025-03-12 16:15:00,Wednesday,16,0,0,Cloudy,29.6,6,3,4.93,14,6.57
2025-03-12 16:30:00,Wednesday,16,0,0,Sunny,28.0,12,3,4.64,22,16.72
2025-03-12 16:45:00,Wednesday,16,0,0,Sunny,29.0,6,3,5.23,12,9.74
2025-03-12 17:00:00,Wednesday,17,0,0,Rainy,28.9,7,3,6.62,14,16.99
2025-03-12 17:15:00,Wednesday,17,0,0,Sunny,30.8,13,3,5.22,25,21.82
2025-03-12 17:30:00,Wednesday,17,0,0,Sunny,25.6,9,4,5.63,21,13.39
2025-03-12 17:45:00,Wednesday,17,0,0,Sunny,29.7,12,3,5.81,21,24.43
2025-03-12 18:00:00,Wednesday,18,0,0,Sunny,29.6,11,3,7.25,21,29.62
2025-03-12 18:15:00,Wednesday,18,0,0,Sunny,26.6,17,3,4.75,30,25.23
2025-03-12 18:30:00,Wednesday,18,0,0,Sunny,30.9,12,3,7.43,25,30.0
2025-03-12 18:45:00,Wednesday,18,0,0,Sunny,29.9,9,3,6.84,20,23.32
2025-03-12 19:00:00,Wednesday,19,0,0,Sunny,29.5,17,3,6.02,36,32.61
2025-03-12 19:15:00,Wednesday,19,0,0,Sunny,30.5,8,3,6.26,14,17.06
2025-03-12 19:30:00,Wednesday,19,0,0,Sunny,31.6,14,3,7.14,30,36.2
2025-03-12 19:45:00,Wednesday,19,0,0,Sunny,25.7,7,3,7.28,16,14.64
2025-03-12 20:00:00,Wednesday,20,0,0,Sunny,27.2,8,3,5.9,14,13.33
2025-03-12 20:15:00,Wednesday,20,0,0,Sunny,28.5,4,2,4.98,7,10.8
2025-03-12 20:30:00,Wednesday,20,0,0,Sunny,29.2,12,2,7.5,25,44.93
2025-03-12 20:45:00,Wednesday,20,0,0,Sunny,28.2,3,3,5.68,5,4.11
2025-03-12 21:00:00,Wednesday,21,0,0,Sunny,29.5,9,3,6.07,19,19.89
2025-03-12 21:15:00,Wednesday,21,0,0,Sunny,28.5,6,2,4.54,7,12.66
2025-03-12 21:30:00,Wednesday,21,0,0,Sunny,28.0,7,2,6.59,13,26.35
2025-03-12 21:45:00,Wednesday,21,0,0,Sunny,27.0,2,2,6.98,2,4.44
2025-03-13 08:00:00,Thursday,8,0,0,Stormy,15.7,1,5,5.86,2,0.5
2025-03-13 08:15:00,Thursday,8,0,0,Stormy,16.1,2,4,4.62,3,0.5
2025-03-13 08:30:00,Thursday,8,0,0,Stormy,17.3,1,4,6.15,4,0.5
2025-03-13 08:45:00,Thursday,8,0,0,Stormy,18.4,2,5,5.67,2,0.5
2025-03-13 09:00:00,Thursday,9,0,0,Stormy,15.4,2,5,5.64,4,0.5
2025-03-13 09:15:00,Thursday,9,0,0,Stormy,21.2,1,5,6.1,2,0.5
2025-03-13 09:30:00,Thursday,9,0,0,Stormy,20.5,1,5,5.41,1,0.5
2025-03-13 09:45:00,Thursday,9,0,0,Rainy,18.7,2,5,6.83,6,0.5
2025-03-13 10:00:00,Thursday,10,0,0,Stormy,17.7,3,5,5.52,7,0.5
2025-03-13 10:15:00,Thursday,10,0,0,Stormy,18.1,2,5,6.87,5,0.5
2025-03-13 10:30:00,Thursday,10,0,0,Rainy,17.8,5,5,5.32,9,1.74
2025-03-13 10:45:00,Thursday,10,0,0,Stormy,18.4,9,4,4.43,15,9.96
2025-03-13 11:00:00,Thursday,11,0,0,Stormy,17.2,3,6,6.93,7,0.5
2025-03-13 11:15:00,Thursday,11,0,0,Stormy,19.9,7,6,5.96,9,2.06
2025-03-13 11:30:00,Thursday,11,0,0,Stormy,17.6,2,7,6.31,3,0.5
2025-03-13 11:45:00,Thursday,11,0,0,Stormy,17.4,4,6,6.03,7,0.5
2025-03-13 12:00:00,Thursday,12,0,0,Stormy,20.3,9,6,6.69,16,6.16
2025-03-13 12:15:00,Thursday,12,0,0,Stormy,21.8,7,6,5.78,17,3.13
2025-03-13 12:30:00,Thursday,12,0,0,Stormy,16.1,5,7,5.66,9,0.5
2025-03-13 12:45:00,Thursday,12,0,0,Stormy,17.7,7,6,6.6,16,9.68
2025-03-13 13:00:00,Thursday,13,0,0,Stormy,20.1,6,6,6.7,11,0.82
2025-03-13 13:15:00,Thursday,13,0,0,Stormy,20.2,4,6,6.85,11,3.24
2025-03-13 13:30:00,Thursday,13,0,0,Sunny,18.0,5,7,6.5,8,0.5
2025-03-13 13:45:00,Thursday,13,0,0,Sunny,14.7,9,6,6.52,16,0.5
2025-03-13 14:00:00,Thursday,14,0,0,Stormy,18.7,6,6,5.79,12,0.5
2025-03-13 14:15:00,Thursday,14,0,0,Stormy,17.1,2,5,6.13,3,0.5
2025-03-13 14:30:00,Thursday,14,0,0,Stormy,21.4,8,5,5.42,15,5.27
2025-03-13 14:45:00,Thursday,14,0,0,Stormy,18.1,5,5,5.96,10,5.44
2025-03-13 15:00:00,Thursday,15,0,0,Stormy,19.7,2,5,4.66,9,2.09
2025-03-13 15:15:00,Thursday,15,0,0,Stormy,19.1,2,5,5.16,1,0.5
2025-03-13 15:30:00,Thursday,15,0,0,Stormy,18.8,1,5,6.22,3,0.5
2025-03-13 15:45:00,Thursday,15,0,0,Stormy,18.2,3,5,7.21,5,0.52
2025-03-13 16:00:00,Thursday,16,0,0,Stormy,17.7,3,6,5.13,1,0.5
2025-03-13 16:15:00,Thursday,16,0,0,Stormy,18.8,4,5,6.05,7,4.52
2025-03-13 16:30:00,Thursday,16,0,0,Stormy,18.8,7,6,5.13,14,0.82
2025-03-13 16:45:00,Thursday,16,0,0,Cloudy,17.7,7,5,5.54,11,3.65
2025-03-13 17:00:00,Thursday,17,0,0,Stormy,20.8,11,5,5.72,24,18.97
2025-03-13 17:15:00,Thursday,17,0,0,Stormy,18.3,14,5,7.06,29,19.51
2025-03-13 17:30:00,Thursday,17,0,0,Stormy,15.2,10,5,6.2,16,9.73
2025-03-13 17:45:00,Thursday,17,0,0,Stormy,20.7,9,5,6.72,15,13.82
2025-03-13 18:00:00,Thursday,18,0,0,Stormy,17.7,8,5,6.3,18,7.02
2025-03-13 18:15:00,Thursday,18,0,0,Rainy,20.3,18,5,5.4,27,19.04
2025-03-13 18:30:00,Thursday,18,0,0,Sunny,17.5,10,5,5.47,22,9.04
2025-03-13 18:45:00,Thursday,18,0,0,Stormy,19.0,7,5,5.91,13,7.91
2025-03-13 19:00:00,Thursday,19,0,0,Stormy,17.3,15,5,6.05,33,22.82
2025-03-13 19:15:00,Thursday,19,0,0,Stormy,20.3,8,5,6.15,16,9.39
2025-03-13 19:30:00,Thursday,19,0,0,Stormy,14.8,9,5,5.76,14,8.13
2025-03-13 19:45:00,Thursday,19,0,0,Stormy,19.1,14,4,7.23,30,24.42
2025-03-13 20:00:00,Thursday,20,0,0,Stormy,17.3,10,5,5.8,16,14.11
2025-03-13 20:15:00,Thursday,20,0,0,Stormy,18.1,10,4,5.32,15,14.27
2025-03-13 20:30:00,Thursday,20,0,0,Stormy,16.5,7,4,6.35,11,9.97
2025-03-13 20:45:00,Thursday,20,0,0,Stormy,17.2,4,5,6.57,4,2.63
2025-03-13 21:00:00,Thursday,21,0,0,Stormy,17.2,3,4,5.73,4,0.5
2025-03-13 21:15:00,Thursday,21,0,0,Stormy,13.6,4,4,5.22,8,7.19
2025-03-13 21:30:00,Thursday,21,0,0,Stormy,18.5,6,4,5.85,11,7.78
2025-03-13 21:45:00,Thursday,21,0,0,Stormy,18.4,3,4,6.55,5,1.88
2025-03-14 08:00:00,Friday,8,0,0,Cloudy,22.8,1,2,5.83,3,2.45
2025-03-14 08:15:00,Friday,8,0,0,Cloudy,21.2,1,2,4.92,2,0.5
2025-03-14 08:30:00,Friday,8,0,0,Cloudy,22.2,3,2,5.51,8,6.61
2025-03-14 08:45:00,Friday,8,0,0,Windy,21.0,3,2,5.86,4,6.5
2025-03-14 09:00:00,Friday,9,0,0,Cloudy,21.5,2,3,7.26,3,0.51
2025-03-14 09:15:00,Friday,9,0,0,Cloudy,23.4,3,3,5.02,6,1.42
2025-03-14 09:30:00,Friday,9,0,0,Cloudy,20.6,1,2,5.63,1,0.5
2025-03-14 09:45:00,Friday,9,0,0,Windy,23.8,0,3,5.4,0,0.5
2025-03-14 10:00:00,Friday,10,0,0,Cloudy,21.5,3,4,4.66,5,0.5
2025-03-14 10:15:00,Friday,10,0,0,Cloudy,23.5,5,3,5.79,10,0.75
2025-03-14 10:30:00,Friday,10,0,0,Cloudy,19.2,4,3,5.15,4,2.13
2025-03-14 10:45:00,Friday,10,0,0,Cloudy,24.4,5,2,4.58,9,10.5
2025-03-14 11:00:00,Friday,11,0,0,Cloudy,21.2,6,4,5.47,10,3.37
2025-03-14 11:15:00,Friday,11,0,0,Cloudy,20.1,7,4,5.38,13,5.84
2025-03-14 11:30:00,Friday,11,0,0,Cloudy,23.6,6,4,5.52,14,5.12
2025-03-14 11:45:00,Friday,11,0,0,Cloudy,22.2,9,4,4.87,17,7.78
2025-03-14 12:00:00,Friday,12,0,0,Cloudy,22.8,6,4,6.02,9,5.27
2025-03-14 12:15:00,Friday,12,0,0,Cloudy,20.3,9,4,6.4,19,14.9
2025-03-14 12:30:00,Friday,12,0,0,Cloudy,24.8,10,4,6.18,15,13.57
2025-03-14 12:45:00,Friday,12,0,0,Cloudy,24.4,9,3,5.22,19,13.32
2025-03-14 13:00:00,Friday,13,0,0,Cloudy,20.6,19,4,5.39,39,24.59
2025-03-14 13:15:00,Friday,13,0,0,Cloudy,22.5,8,4,5.54,10,8.77
2025-03-14 13:30:00,Friday,13,0,0,Cloudy,24.6,10,4,6.02,20,10.83
2025-03-14 13:45:00,Friday,13,0,0,Cloudy,23.1,4,4,5.4,8,3.0
2025-03-14 14:00:00,Friday,14,0,0,Cloudy,21.9,6,4,5.83,15,1.15
2025-03-14 14:15:00,Friday,14,0,0,Cloudy,22.6,7,3,5.21,15,8.91
2025-03-14 14:30:00,Friday,14,0,0,Cloudy,23.7,4,3,4.91,6,4.52
2025-03-14 14:45:00,Friday,14,0,0,Cloudy,24.6,7,3,6.99,13,18.28
2025-03-14 15:00:00,Friday,15,0,0,Cloudy,22.6,5,3,5.58,13,9.81
2025-03-14 15:15:00,Friday,15,0,0,Cloudy,21.4,5,3,5.27,11,8.4
2025-03-14 15:30:00,Friday,15,0,0,Sunny,25.1,2,3,6.11,2,1.06
2025-03-14 15:45:00,Friday,15,0,0,Cloudy,23.9,8,4,6.09,15,8.32
2025-03-14 16:00:00,Friday,16,0,0,Cloudy,24.6,7,3,5.66,16,8.42
2025-03-14 16:15:00,Friday,16,0,0,Cloudy,22.4,9,3,4.57,20,10.88
2025-03-14 16:30:00,Friday,16,0,0,Cloudy,23.8,9,4,4.47,22,7.09
2025-03-14 16:45:00,Friday,16,0,0,Cloudy,21.4,11,3,6.77,23,22.05
2025-03-14 17:00:00,Friday,17,0,0,Cloudy,24.2,6,3,5.24,10,6.1
2025-03-14 17:15:00,Friday,17,0,0,Cloudy,21.7,6,3,6.61,13,10.45
2025-03-14 17:30:00,Friday,17,0,0,Cloudy,18.9,7,3,5.17,13,11.85
2025-03-14 17:45:00,Friday,17,0,0,Cloudy,23.5,9,3,6.68,14,22.04
2025-03-14 18:00:00,Friday,18,0,0,Cloudy,25.3,11,2,6.76,22,41.29
2025-03-14 18:15:00,Friday,18,0,0,Cloudy,21.9,15,4,5.09,35,16.82
2025-03-14 18:30:00,Friday,18,0,0,Cloudy,22.3,8,3,5.24,15,7.21
2025-03-14 18:45:00,Friday,18,0,0,Cloudy,20.4,11,3,6.94,24,26.3
2025-03-14 19:00:00,Friday,19,0,0,Cloudy,22.9,9,3,5.63,22,16.65
2025-03-14 19:15:00,Friday,19,0,0,Cloudy,19.7,11,3,6.51,19,23.94
2025-03-14 19:30:00,Friday,19,0,0,Cloudy,20.9,15,3,6.8,27,34.71
2025-03-14 19:45:00,Friday,19,0,0,Cloudy,19.1,9,3,6.12,17,18.93
2025-03-14 20:00:00,Friday,20,0,0,Cloudy,17.7,7,2,6.04,17,25.52
2025-03-14 20:15:00,Friday,20,0,0,Cloudy,25.2,5,2,6.35,10,12.3
2025-03-14 20:30:00,Friday,20,0,0,Cloudy,20.6,11,2,6.86,18,37.44
2025-03-14 20:45:00,Friday,20,0,0,Cloudy,21.0,8,2,4.98,17,24.36
2025-03-14 21:00:00,Friday,21,0,0,Cloudy,17.1,7,2,6.93,14,21.33
2025-03-14 21:15:00,Friday,21,0,0,Stormy,21.8,6,2,7.34,7,21.63
2025-03-14 21:30:00,Friday,21,0,0,Cloudy,22.8,8,3,5.95,14,14.91
2025-03-14 21:45:00,Friday,21,0,0,Cloudy,20.9,4,3,5.87,12,3.15
2025-03-15 08:00:00,Saturday,8,1,0,Rainy,21.2,3,5,5.06,5,1.72
2025-03-15 08:15:00,Saturday,8,1,0,Rainy,20.2,2,5,6.73,4,2.15
2025-03-15 08:30:00,Saturday,8,1,0,Rainy,23.5,3,5,6.71,7,4.54
2025-03-15 08:45:00,Saturday,8,1,0,Rainy,21.8,4,5,6.91,6,4.11
2025-03-15 09:00:00,Saturday,9,1,0,Rainy,23.6,2,6,5.46,5,0.5
2025-03-15 09:15:00,Saturday,9,1,0,Rainy,17.9,1,6,4.98,2,0.5
2025-03-15 09:30:00,Saturday,9,1,0,Rainy,20.7,0,6,5.43,0,0.5
2025-03-15 09:45:00,Saturday,9,1,0,Rainy,22.7,4,6,5.75,7,0.54
2025-03-15 10:00:00,Saturday,10,1,0,Rainy,22.5,3,7,4.77,6,0.5
2025-03-15 10:15:00,Saturday,10,1,0,Rainy,20.2,2,6,6.84,2,0.5
2025-03-15 10:30:00,Saturday,10,1,0,Rainy,19.9,4,6,5.69,7,1.1
2025-03-15 10:45:00,Saturday,10,1,0,Rainy,21.4,3,6,5.49,2,0.5
2025-03-15 11:00:00,Saturday,11,1,0,Rainy,19.6,5,7,5.46,8,1.6
2025-03-15 11:15:00,Saturday,11,1,0,Sunny,21.4,10,6,5.42,18,6.33
2025-03-15 11:30:00,Saturday,11,1,0,Rainy,20.9,13,7,4.99,22,4.6
2025-03-15 11:45:00,Saturday,11,1,0,Rainy,18.6,10,7,5.05,18,6.14
2025-03-15 12:00:00,Saturday,12,1,0,Rainy,18.7,8,8,5.09,13,0.5
2025-03-15 12:15:00,Saturday,12,1,0,Rainy,20.7,8,8,5.88,19,3.12
2025-03-15 12:30:00,Saturday,12,1,0,Rainy,20.6,6,6,5.46,11,6.53
2025-03-15 12:45:00,Saturday,12,1,0,Rainy,22.3,5,6,5.67,9,3.02
2025-03-15 13:00:00,Saturday,13,1,0,Rainy,22.6,10,7,5.79,17,4.97
2025-03-15 13:15:00,Saturday,13,1,0,Rainy,21.4,13,7,6.33,22,10.84
2025-03-15 13:30:00,Saturday,13,1,0,Rainy,21.9,14,7,4.12,30,10.6
2025-03-15 13:45:00,Saturday,13,1,0,Rainy,23.5,10,7,5.9,21,6.32
2025-03-15 14:00:00,Saturday,14,1,0,Rainy,22.3,9,8,4.62,20,0.5
2025-03-15 14:15:00,Saturday,14,1,0,Rainy,19.3,7,6,6.11,11,5.72
2025-03-15 14:30:00,Saturday,14,1,0,Sunny,19.2,5,6,4.38,6,0.5
2025-03-15 14:45:00,Saturday,14,1,0,Rainy,20.9,6,6,4.8,12,0.9
2025-03-15 15:00:00,Saturday,15,1,0,Rainy,20.6,3,6,4.81,4,0.5
2025-03-15 15:15:00,Saturday,15,1,0,Rainy,24.6,4,6,4.64,7,1.41
2025-03-15 15:30:00,Saturday,15,1,0,Rainy,20.8,7,6,5.3,15,2.12
2025-03-15 15:45:00,Saturday,15,1,0,Rainy,23.4,7,6,5.63,14,0.5
2025-03-15 16:00:00,Saturday,16,1,0,Rainy,22.6,5,6,5.94,11,2.06
2025-03-15 16:15:00,Saturday,16,1,0,Sunny,21.8,6,6,4.9,13,0.5
2025-03-15 16:30:00,Saturday,16,1,0,Rainy,21.8,6,6,5.48,11,1.32
2025-03-15 16:45:00,Saturday,16,1,0,Rainy,20.3,10,6,5.31,22,10.62
2025-03-15 17:00:00,Saturday,17,1,0,Rainy,22.3,12,6,5.34,21,12.16
2025-03-15 17:15:00,Saturday,17,1,0,Rainy,22.5,10,6,6.68,20,9.72
2025-03-15 17:30:00,Saturday,17,1,0,Rainy,20.8,11,6,5.18,20,7.52
2025-03-15 17:45:00,Saturday,17,1,0,Rainy,22.5,8,6,5.91,14,6.63
2025-03-15 18:00:00,Saturday,18,1,0,Cloudy,20.0,10,6,5.03,17,2.94
2025-03-15 18:15:00,Saturday,18,1,0,Rainy,18.9,4,6,4.77,8,5.03
2025-03-15 18:30:00,Saturday,18,1,0,Cloudy,21.2,20,5,6.35,36,27.65
2025-03-15 18:45:00,Saturday,18,1,0,Rainy,20.4,17,6,5.78,32,18.63
2025-03-15 19:00:00,Saturday,19,1,0,Sunny,22.5,18,5,4.94,34,17.64
2025-03-15 19:15:00,Saturday,19,1,0,Rainy,18.4,14,6,7.46,28,18.98
2025-03-15 19:30:00,Saturday,19,1,0,Rainy,19.8,9,6,5.85,21,4.26
2025-03-15 19:45:00,Saturday,19,1,0,Rainy,19.7,6,6,5.14,13,0.5
2025-03-15 20:00:00,Saturday,20,1,0,Sunny,21.1,7,6,7.11,14,7.07
2025-03-15 20:15:00,Saturday,20,1,0,Rainy,24.7,12,6,5.47,24,10.24
2025-03-15 20:30:00,Saturday,20,1,0,Rainy,19.4,5,5,3.91,13,5.37
2025-03-15 20:45:00,Saturday,20,1,0,Rainy,23.0,9,5,6.46,16,10.44
2025-03-15 21:00:00,Saturday,21,1,0,Sunny,21.7,11,5,5.29,27,13.72
2025-03-15 21:15:00,Saturday,21,1,0,Rainy,18.3,7,6,5.31,9,7.43
2025-03-15 21:30:00,Saturday,21,1,0,Rainy,20.2,11,5,4.7,22,10.62
2025-03-15 21:45:00,Saturday,21,1,0,Rainy,21.8,4,5,6.24,10,2.1
2025-03-16 08:00:00,Sunday,8,1,0,Rainy,16.6,3,5,6.82,3,2.05
2025-03-16 08:15:00,Sunday,8,1,0,Rainy,18.7,1,5,6.48,0,0.5
2025-03-16 08:30:00,Sunday,8,1,0,Rainy,19.1,3,4,5.11,10,3.56
2025-03-16 08:45:00,Sunday,8,1,0,Rainy,20.5,3,5,5.34,10,4.78
2025-03-16 09:00:00,Sunday,9,1,0,Rainy,19.3,2,6,5.62,1,0.5
2025-03-16 09:15:00,Sunday,9,1,0,Sunny,20.9,2,5,5.09,3,0.5
2025-03-16 09:30:00,Sunday,9,1,0,Rainy,20.8,3,6,6.28,8,7.92
2025-03-16 09:45:00,Sunday,9,1,0,Rainy,20.9,5,6,6.92,13,3.03
2025-03-16 10:00:00,Sunday,10,1,0,Rainy,16.7,3,6,5.72,7,0.5
2025-03-16 10:15:00,Sunday,10,1,0,Rainy,20.5,0,6,6.38,0,0.5
2025-03-16 10:30:00,Sunday,10,1,0,Rainy,21.6,3,6,6.25,7,0.5
2025-03-16 10:45:00,Sunday,10,1,0,Rainy,19.1,6,5,5.46,16,7.03
2025-03-16 11:00:00,Sunday,11,1,0,Rainy,18.2,4,7,4.67,8,1.06
2025-03-16 11:15:00,Sunday,11,1,0,Rainy,17.6,8,7,6.33,15,4.48
2025-03-16 11:30:00,Sunday,11,1,0,Rainy,16.2,2,7,5.86,7,0.5
2025-03-16 11:45:00,Sunday,11,1,0,Rainy,16.3,6,7,7.1,13,3.28
2025-03-16 12:00:00,Sunday,12,1,0,Rainy,15.1,6,7,7.38,12,3.87
2025-03-16 12:15:00,Sunday,12,1,0,Rainy,19.4,7,7,5.71,13,7.23
2025-03-16 12:30:00,Sunday,12,1,0,Rainy,17.0,15,8,5.37,32,8.4
2025-03-16 12:45:00,Sunday,12,1,0,Rainy,19.0,5,7,5.08,12,0.5
2025-03-16 13:00:00,Sunday,13,1,0,Rainy,20.9,14,7,6.15,25,16.46
2025-03-16 13:15:00,Sunday,13,1,0,Sunny,17.6,21,7,5.22,44,14.89
2025-03-16 13:30:00,Sunday,13,1,0,Rainy,17.9,4,7,4.33,8,0.5
2025-03-16 13:45:00,Sunday,13,1,0,Sunny,18.7,10,7,5.74,26,8.88
2025-03-16 14:00:00,Sunday,14,1,0,Rainy,19.3,8,7,5.22,20,0.5
2025-03-16 14:15:00,Sunday,14,1,0,Cloudy,19.6,5,5,6.58,12,7.0
2025-03-16 14:30:00,Sunday,14,1,0,Rainy,18.1,4,6,6.19,12,0.5
2025-03-16 14:45:00,Sunday,14,1,0,Rainy,19.7,3,6,4.94,5,4.77
2025-03-16 15:00:00,Sunday,15,1,0,Rainy,19.0,4,6,5.99,4,0.5
2025-03-16 15:15:00,Sunday,15,1,0,Rainy,19.4,5,6,4.07,7,0.5
2025-03-16 15:30:00,Sunday,15,1,0,Rainy,19.2,4,6,6.16,10,1.37
2025-03-16 15:45:00,Sunday,15,1,0,Rainy,22.8,9,6,6.06,14,10.95
2025-03-16 16:00:00,Sunday,16,1,0,Rainy,19.5,2,7,6.37,5,0.5
2025-03-16 16:15:00,Sunday,16,1,0,Rainy,19.5,7,6,6.08,13,3.53
2025-03-16 16:30:00,Sunday,16,1,0,Rainy,17.8,8,6,5.86,10,2.93
2025-03-16 16:45:00,Sunday,16,1,0,Rainy,19.9,12,6,6.64,25,13.24
2025-03-16 17:00:00,Sunday,17,1,0,Rainy,21.1,4,6,4.15,5,6.81
2025-03-16 17:15:00,Sunday,17,1,0,Rainy,20.7,11,7,5.41,22,9.74
2025-03-16 17:30:00,Sunday,17,1,0,Rainy,19.5,16,6,4.57,28,14.49
2025-03-16 17:45:00,Sunday,17,1,0,Rainy,17.6,15,6,5.46,35,16.24
2025-03-16 18:00:00,Sunday,18,1,0,Stormy,19.0,14,6,4.48,28,8.62
2025-03-16 18:15:00,Sunday,18,1,0,Rainy,18.6,6,6,5.06,9,7.61
2025-03-16 18:30:00,Sunday,18,1,0,Rainy,21.2,11,6,5.49,21,5.83
2025-03-16 18:45:00,Sunday,18,1,0,Rainy,18.9,15,6,7.28,33,20.63
2025-03-16 19:00:00,Sunday,19,1,0,Rainy,20.8,12,6,3.99,20,7.69
2025-03-16 19:15:00,Sunday,19,1,0,Rainy,15.5,12,6,6.19,24,7.37
2025-03-16 19:30:00,Sunday,19,1,0,Rainy,15.7,8,7,3.91,16,1.86
2025-03-16 19:45:00,Sunday,19,1,0,Stormy,19.5,3,6,6.85,6,0.5
2025-03-16 20:00:00,Sunday,20,1,0,Rainy,17.7,7,5,5.42,12,5.01
2025-03-16 20:15:00,Sunday,20,1,0,Rainy,16.4,7,5,4.63,12,6.82
2025-03-16 20:30:00,Sunday,20,1,0,Rainy,16.8,7,5,5.36,16,4.07
2025-03-16 20:45:00,Sunday,20,1,0,Rainy,17.9,2,5,5.77,6,2.62
2025-03-16 21:00:00,Sunday,21,1,0,Rainy,19.0,3,5,5.86,9,1.5
2025-03-16 21:15:00,Sunday,21,1,0,Rainy,17.9,8,5,6.5,14,10.51
2025-03-16 21:30:00,Sunday,21,1,0,Rainy,17.5,4,5,6.03,4,0.5
2025-03-16 21:45:00,Sunday,21,1,0,Rainy,18.2,4,5,5.94,11,0.94
2025-03-17 08:00:00,Monday,8,0,0,Sunny,32.9,1,1,6.48,5,5.27
2025-03-17 08:15:00,Monday,8,0,0,Sunny,32.9,1,2,6.02,3,0.5
2025-03-17 08:30:00,Monday,8,0,0,Sunny,31.0,3,1,5.82,6,18.33
2025-03-17 08:45:00,Monday,8,0,0,Sunny,30.7,2,2,5.44,3,4.42
2025-03-17 09:00:00,Monday,9,0,0,Sunny,30.4,1,3,5.44,0,0.5
2025-03-17 09:15:00,Monday,9,0,0,Sunny,35.0,2,3,3.96,3,3.97
2025-03-17 09:30:00,Monday,9,0,0,Cloudy,31.3,5,2,5.27,10,17.95
2025-03-17 09:45:00,Monday,9,0,0,Sunny,29.8,2,3,5.23,4,2.78
2025-03-17 10:00:00,Monday,10,0,0,Sunny,32.0,5,2,7.04,7,17.16
2025-03-17 10:15:00,Monday,10,0,0,Sunny,32.3,5,3,5.89,10,8.04
2025-03-17 10:30:00,Monday,10,0,0,Sunny,31.2,6,3,4.27,14,3.6
2025-03-17 10:45:00,Monday,10,0,0,Sunny,32.5,4,4,6.21,9,1.51
2025-03-17 11:00:00,Monday,11,0,0,Sunny,31.5,3,4,5.64,8,0.52
2025-03-17 11:15:00,Monday,11,0,0,Sunny,31.7,11,4,4.83,21,12.88
2025-03-17 11:30:00,Monday,11,0,0,Sunny,33.1,4,5,6.83,6,0.5
2025-03-17 11:45:00,Monday,11,0,0,Sunny,30.1,4,4,5.77,7,6.6
2025-03-17 12:00:00,Monday,12,0,0,Sunny,32.4,15,4,7.81,28,26.24
2025-03-17 12:15:00,Monday,12,0,0,Sunny,31.9,17,4,5.94,29,23.59
2025-03-17 12:30:00,Monday,12,0,0,Sunny,34.5,10,4,6.96,19,16.35
2025-03-17 12:45:00,Monday,12,0,0,Sunny,31.2,14,4,6.27,25,24.16
2025-03-17 13:00:00,Monday,13,0,0,Sunny,33.1,12,4,4.45,24,3.57
2025-03-17 13:15:00,Monday,13,0,0,Sunny,30.9,9,4,6.16,16,11.51
2025-03-17 13:30:00,Monday,13,0,0,Sunny,33.0,10,4,5.14,17,13.32
2025-03-17 13:45:00,Monday,13,0,0,Sunny,32.7,13,4,5.32,21,22.11
2025-03-17 14:00:00,Monday,14,0,0,Sunny,29.2,8,4,6.53,12,12.09
2025-03-17 14:15:00,Monday,14,0,0,Sunny,31.1,8,3,5.1,11,10.1
2025-03-17 14:30:00,Monday,14,0,0,Sunny,30.6,10,3,5.49,15,16.76
2025-03-17 14:45:00,Monday,14,0,0,Windy,33.7,8,4,6.48,14,12.97
2025-03-17 15:00:00,Monday,15,0,0,Sunny,30.3,1,3,6.86,2,0.5
2025-03-17 15:15:00,Monday,15,0,0,Sunny,32.2,4,2,4.33,10,6.15
2025-03-17 15:30:00,Monday,15,0,0,Sunny,32.8,5,3,5.72,13,5.26
2025-03-17 15:45:00,Monday,15,0,0,Sunny,31.7,6,3,5.21,10,6.29
2025-03-17 16:00:00,Monday,16,0,0,Sunny,31.4,4,3,5.47,6,4.4
2025-03-17 16:15:00,Monday,16,0,0,Sunny,31.7,5,3,6.6,10,8.88
2025-03-17 16:30:00,Monday,16,0,0,Sunny,33.4,5,3,7.03,5,11.6
2025-03-17 16:45:00,Monday,16,0,0,Sunny,32.3,7,3,5.43,15,11.95
2025-03-17 17:00:00,Monday,17,0,0,Sunny,30.5,9,3,5.14,20,14.16
2025-03-17 17:15:00,Monday,17,0,0,Sunny,32.3,13,2,8.55,26,59.31
2025-03-17 17:30:00,Monday,17,0,0,Sunny,31.0,13,3,6.79,23,28.04
2025-03-17 17:45:00,Monday,17,0,0,Sunny,30.7,19,3,6.7,41,41.73
2025-03-17 18:00:00,Monday,18,0,0,Sunny,30.2,10,3,4.98,19,16.21
2025-03-17 18:15:00,Monday,18,0,0,Sunny,33.7,9,4,5.56,17,10.03
2025-03-17 18:30:00,Monday,18,0,0,Sunny,32.4,18,3,7.86,32,46.68
2025-03-17 18:45:00,Monday,18,0,0,Sunny,31.1,11,3,6.19,18,19.98
2025-03-17 19:00:00,Monday,19,0,0,Sunny,32.5,13,3,6.54,25,28.72
2025-03-17 19:15:00,Monday,19,0,0,Sunny,32.4,14,3,6.82,28,35.94
2025-03-17 19:30:00,Monday,19,0,0,Sunny,29.2,10,3,6.66,17,24.33
2025-03-17 19:45:00,Monday,19,0,0,Sunny,30.7,4,3,6.23,8,2.73
2025-03-17 20:00:00,Monday,20,0,0,Sunny,31.1,7,2,6.99,9,24.79
2025-03-17 20:15:00,Monday,20,0,0,Cloudy,30.0,5,2,5.44,9,13.1
2025-03-17 20:30:00,Monday,20,0,0,Sunny,33.2,11,2,7.32,19,41.98
2025-03-17 20:45:00,Monday,20,0,0,Stormy,33.3,6,3,7.3,13,20.9
2025-03-17 21:00:00,Monday,21,0,0,Sunny,30.8,4,2,6.86,8,14.32
2025-03-17 21:15:00,Monday,21,0,0,Sunny,33.4,8,2,4.8,16,19.94
2025-03-17 21:30:00,Monday,21,0,0,Sunny,32.3,3,2,5.22,4,3.54
2025-03-17 21:45:00,Monday,21,0,0,Sunny,29.9,5,1,6.29,11,31.85
2025-03-18 08:00:00,Tuesday,8,0,0,Cloudy,28.9,2,3,4.97,2,1.27
2025-03-18 08:15:00,Tuesday,8,0,0,Cloudy,28.4,0,4,3.67,3,0.5
2025-03-18 08:30:00,Tuesday,8,0,0,Cloudy,31.1,2,4,6.84,5,0.5
2025-03-18 08:45:00,Tuesday,8,0,0,Cloudy,27.9,2,4,4.79,1,0.5
2025-03-18 09:00:00,Tuesday,9,0,0,Cloudy,27.0,1,5,5.54,3,0.5
2025-03-18 09:15:00,Tuesday,9,0,0,Cloudy,23.6,2,5,5.62,3,0.5
2025-03-18 09:30:00,Tuesday,9,0,0,Cloudy,29.0,5,5,6.15,4,0.5
2025-03-18 09:45:00,Tuesday,9,0,0,Cloudy,26.2,2,5,4.87,3,0.5
2025-03-18 10:00:00,Tuesday,10,0,0,Cloudy,27.8,3,5,6.95,3,3.83
2025-03-18 10:15:00,Tuesday,10,0,0,Cloudy,28.5,3,5,4.2,4,0.5
2025-03-18 10:30:00,Tuesday,10,0,0,Cloudy,27.9,4,5,4.48,5,0.5
2025-03-18 10:45:00,Tuesday,10,0,0,Cloudy,29.2,2,5,4.22,2,0.5
2025-03-18 11:00:00,Tuesday,11,0,0,Cloudy,28.4,2,6,5.21,3,0.5
2025-03-18 11:15:00,Tuesday,11,0,0,Cloudy,26.9,9,6,5.46,16,4.34
2025-03-18 11:30:00,Tuesday,11,0,0,Cloudy,26.4,6,7,5.62,11,0.5
2025-03-18 11:45:00,Tuesday,11,0,0,Cloudy,28.8,10,5,6.26,18,10.5
2025-03-18 12:00:00,Tuesday,12,0,0,Cloudy,27.7,4,6,5.09,7,2.16
2025-03-18 12:15:00,Tuesday,12,0,0,Cloudy,29.6,12,5,6.77,20,12.64
2025-03-18 12:30:00,Tuesday,12,0,0,Cloudy,26.2,12,6,4.65,19,4.24
2025-03-18 12:45:00,Tuesday,12,0,0,Cloudy,28.0,7,6,5.56,13,3.61
2025-03-18 13:00:00,Tuesday,13,0,0,Cloudy,27.2,5,5,5.88,8,4.15
2025-03-18 13:15:00,Tuesday,13,0,0,Cloudy,28.0,15,5,4.49,24,13.01
2025-03-18 13:30:00,Tuesday,13,0,0,Cloudy,27.7,9,6,5.93,17,0.84
2025-03-18 13:45:00,Tuesday,13,0,0,Cloudy,29.1,6,6,4.51,14,5.11
2025-03-18 14:00:00,Tuesday,14,0,0,Cloudy,26.2,9,6,4.99,13,2.33
2025-03-18 14:15:00,Tuesday,14,0,0,Cloudy,29.6,10,4,7.0,17,17.97
2025-03-18 14:30:00,Tuesday,14,0,0,Cloudy,28.1,5,5,4.28,11,0.5
2025-03-18 14:45:00,Tuesday,14,0,0,Cloudy,28.2,3,5,5.17,2,0.5
2025-03-18 15:00:00,Tuesday,15,0,0,Cloudy,26.6,6,5,4.56,8,1.65
2025-03-18 15:15:00,Tuesday,15,0,0,Cloudy,27.8,4,5,6.11,8,1.82
2025-03-18 15:30:00,Tuesday,15,0,0,Sunny,26.5,5,5,5.33,7,0.5
2025-03-18 15:45:00,Tuesday,15,0,0,Cloudy,28.7,5,5,4.53,8,1.18
2025-03-18 16:00:00,Tuesday,16,0,0,Cloudy,26.1,10,5,5.55,16,7.61
2025-03-18 16:15:00,Tuesday,16,0,0,Cloudy,27.8,6,4,5.12,11,6.82
2025-03-18 16:30:00,Tuesday,16,0,0,Cloudy,28.1,9,6,6.47,17,4.37
2025-03-18 16:45:00,Tuesday,16,0,0,Rainy,25.5,8,5,5.75,13,6.94
2025-03-18 17:00:00,Tuesday,17,0,0,Cloudy,28.4,8,5,4.78,15,2.4
2025-03-18 17:15:00,Tuesday,17,0,0,Cloudy,23.8,13,6,3.91,23,4.83
2025-03-18 17:30:00,Tuesday,17,0,0,Cloudy,29.5,14,5,5.68,21,13.07
2025-03-18 17:45:00,Tuesday,17,0,0,Cloudy,29.1,11,5,5.58,25,9.7
2025-03-18 18:00:00,Tuesday,18,0,0,Cloudy,27.6,9,6,4.25,17,0.5
2025-03-18 18:15:00,Tuesday,18,0,0,Cloudy,29.3,14,5,6.87,22,18.44
2025-03-18 18:30:00,Tuesday,18,0,0,Rainy,25.2,16,6,4.46,34,14.88
2025-03-18 18:45:00,Tuesday,18,0,0,Cloudy,27.9,15,5,6.12,29,16.21
2025-03-18 19:00:00,Tuesday,19,0,0,Cloudy,29.1,10,5,7.19,21,12.62
2025-03-18 19:15:00,Tuesday,19,0,0,Cloudy,27.2,11,5,5.06,15,7.44
2025-03-18 19:30:00,Tuesday,19,0,0,Cloudy,28.8,17,5,5.94,35,25.82
2025-03-18 19:45:00,Tuesday,19,0,0,Cloudy,27.6,7,6,5.4,14,0.5
2025-03-18 20:00:00,Tuesday,20,0,0,Cloudy,27.6,7,5,5.69,16,0.5
2025-03-18 20:15:00,Tuesday,20,0,0,Cloudy,24.1,10,4,7.14,19,17.04
2025-03-18 20:30:00,Tuesday,20,0,0,Cloudy,25.0,4,4,4.06,5,0.5
2025-03-18 20:45:00,Tuesday,20,0,0,Cloudy,26.0,10,4,5.4,22,13.3
2025-03-18 21:00:00,Tuesday,21,0,0,Cloudy,29.9,6,4,4.83,9,2.53
2025-03-18 21:15:00,Tuesday,21,0,0,Cloudy,24.9,4,4,5.04,3,0.5
2025-03-18 21:30:00,Tuesday,21,0,0,Cloudy,27.8,5,5,4.8,8,1.04
2025-03-18 21:45:00,Tuesday,21,0,0,Cloudy,26.5,6,4,6.09,13,5.4
2025-03-19 08:00:00,Wednesday,8,0,0,Windy,30.1,3,2,4.84,7,5.13
2025-03-19 08:15:00,Wednesday,8,0,0,Sunny,29.0,2,2,5.59,4,7.76
2025-03-19 08:30:00,Wednesday,8,0,0,Sunny,33.7,6,2,5.07,10,14.72
2025-03-19 08:45:00,Wednesday,8,0,0,Windy,30.6,3,2,5.43,5,5.37
2025-03-19 09:00:00,Wednesday,9,0,0,Sunny,30.2,2,2,4.9,3,4.81
2025-03-19 09:15:00,Wednesday,9,0,0,Sunny,32.2,5,3,5.54,12,7.75
2025-03-19 09:30:00,Wednesday,9,0,0,Sunny,25.9,4,3,5.23,7,5.21
2025-03-19 09:45:00,Wednesday,9,0,0,Rainy,32.3,2,3,5.8,4,2.29
2025-03-19 10:00:00,Wednesday,10,0,0,Sunny,30.0,2,3,5.8,1,0.5
2025-03-19 10:15:00,Wednesday,10,0,0,Sunny,31.8,3,4,4.55,4,0.5
2025-03-19 10:30:00,Wednesday,10,0,0,Sunny,31.6,3,3,6.76,3,6.91
2025-03-19 10:45:00,Wednesday,10,0,0,Sunny,33.6,6,4,3.88,14,0.5
2025-03-19 11:00:00,Wednesday,11,0,0,Sunny,30.1,7,4,4.84,17,4.69
2025-03-19 11:15:00,Wednesday,11,0,0,Sunny,28.2,10,4,4.41,20,8.23
2025-03-19 11:30:00,Wednesday,11,0,0,Sunny,30.8,2,4,5.34,3,0.5
2025-03-19 11:45:00,Wednesday,11,0,0,Sunny,32.6,13,4,5.73,21,14.22
2025-03-19 12:00:00,Wednesday,12,0,0,Sunny,32.4,9,4,5.94,19,8.86
2025-03-19 12:15:00,Wednesday,12,0,0,Sunny,31.4,15,4,6.21,33,20.67
2025-03-19 12:30:00,Wednesday,12,0,0,Sunny,32.5,17,4,6.56,32,26.05
2025-03-19 12:45:00,Wednesday,12,0,0,Sunny,29.7,10,4,6.15,22,14.5
2025-03-19 13:00:00,Wednesday,13,0,0,Sunny,31.8,10,5,6.86,19,9.1
2025-03-19 13:15:00,Wednesday,13,0,0,Sunny,31.5,8,3,5.6,16,13.45
2025-03-19 13:30:00,Wednesday,13,0,0,Sunny,30.7,9,3,4.97,19,12.5
2025-03-19 13:45:00,Wednesday,13,0,0,Sunny,31.8,11,5,4.54,20,3.51
2025-03-19 14:00:00,Wednesday,14,0,0,Sunny,31.2,3,3,6.89,4,2.82
2025-03-19 14:15:00,Wednesday,14,0,0,Sunny,34.9,2,3,6.61,5,0.5
2025-03-19 14:30:00,Wednesday,14,0,0,Sunny,31.0,6,3,2.97,6,5.34
2025-03-19 14:45:00,Wednesday,14,0,0,Sunny,27.6,4,3,4.83,10,4.38
2025-03-19 15:00:00,Wednesday,15,0,0,Sunny,33.7,5,3,4.44,10,8.63
2025-03-19 15:15:00,Wednesday,15,0,0,Sunny,31.6,8,3,5.91,19,15.8
2025-03-19 15:30:00,Wednesday,15,0,0,Sunny,33.8,3,4,6.22,5,0.73
2025-03-19 15:45:00,Wednesday,15,0,0,Sunny,29.6,3,3,5.31,8,1.69
2025-03-19 16:00:00,Wednesday,16,0,0,Sunny,31.3,4,3,4.27,5,1.26
2025-03-19 16:15:00,Wednesday,16,0,0,Sunny,28.9,8,3,6.07,16,16.8
2025-03-19 16:30:00,Wednesday,16,0,0,Sunny,30.3,6,3,4.02,12,6.57
2025-03-19 16:45:00,Wednesday,16,0,0,Sunny,29.2,9,3,5.51,21,17.47
2025-03-19 17:00:00,Wednesday,17,0,0,Sunny,29.7,17,3,7.18,33,43.82
2025-03-19 17:15:00,Wednesday,17,0,0,Sunny,31.4,8,3,5.46,14,13.62
2025-03-19 17:30:00,Wednesday,17,0,0,Sunny,30.1,7,3,4.36,17,10.69
2025-03-19 17:45:00,Wednesday,17,0,0,Sunny,30.2,12,3,6.19,25,24.12
2025-03-19 18:00:00,Wednesday,18,0,0,Sunny,32.4,11,2,6.6,17,43.73
2025-03-19 18:15:00,Wednesday,18,0,0,Sunny,32.3,11,3,5.59,21,17.32
2025-03-19 18:30:00,Wednesday,18,0,0,Sunny,31.2,18,3,7.17,31,49.7
2025-03-19 18:45:00,Wednesday,18,0,0,Sunny,30.6,15,3,8.36,31,42.55
2025-03-19 19:00:00,Wednesday,19,0,0,Windy,30.8,12,3,6.21,27,26.24
2025-03-19 19:15:00,Wednesday,19,0,0,Rainy,32.2,8,4,4.43,16,6.19
2025-03-19 19:30:00,Wednesday,19,0,0,Sunny,31.7,8,4,6.76,15,11.98
2025-03-19 19:45:00,Wednesday,19,0,0,Sunny,27.2,12,3,5.03,24,16.09
2025-03-19 20:00:00,Wednesday,20,0,0,Sunny,32.7,10,3,4.02,17,9.66
2025-03-19 20:15:00,Wednesday,20,0,0,Sunny,29.9,12,2,7.35,26,46.25
2025-03-19 20:30:00,Wednesday,20,0,0,Sunny,27.5,3,1,5.79,6,17.7
2025-03-19 20:45:00,Wednesday,20,0,0,Rainy,32.8,5,3,6.12,11,13.43
2025-03-19 21:00:00,Wednesday,21,0,0,Sunny,29.1,2,2,4.84,3,0.5
2025-03-19 21:15:00,Wednesday,21,0,0,Sunny,30.0,1,2,4.08,1,0.5
2025-03-19 21:30:00,Wednesday,21,0,0,Sunny,30.3,4,1,6.8,9,29.12
2025-03-19 21:45:00,Wednesday,21,0,0,Sunny,25.5,3,2,4.62,4,2.7
2025-03-20 08:00:00,Thursday,8,0,0,Cloudy,22.8,3,2,6.18,6,4.84
2025-03-20 08:15:00,Thursday,8,0,0,Cloudy,22.3,3,2,5.47,4,6.22
2025-03-20 08:30:00,Thursday,8,0,0,Cloudy,20.9,1,2,6.63,1,0.5
2025-03-20 08:45:00,Thursday,8,0,0,Sunny,24.5,1,2,5.58,2,2.85
2025-03-20 09:00:00,Thursday,9,0,0,Cloudy,20.4,2,3,4.88,4,0.5
2025-03-20 09:15:00,Thursday,9,0,0,Cloudy,23.6,2,3,4.74,5,0.5
2025-03-20 09:30:00,Thursday,9,0,0,Cloudy,23.3,1,3,5.53,2,0.5
2025-03-20 09:45:00,Thursday,9,0,0,Cloudy,22.0,1,3,7.66,4,0.5
2025-03-20 10:00:00,Thursday,10,0,0,Cloudy,22.3,2,4,4.33,1,0.5
2025-03-20 10:15:00,Thursday,10,0,0,Cloudy,20.4,2,4,4.5,4,0.5
2025-03-20 10:30:00,Thursday,10,0,0,Cloudy,21.0,2,3,5.66,4,0.5
2025-03-20 10:45:00,Thursday,10,0,0,Cloudy,20.7,2,2,5.17,5,3.06
2025-03-20 11:00:00,Thursday,11,0,0,Cloudy,21.2,9,4,6.42,17,8.67
2025-03-20 11:15:00,Thursday,11,0,0,Cloudy,23.1,7,4,5.16,14,7.83
2025-03-20 11:30:00,Thursday,11,0,0,Cloudy,22.7,6,4,5.72,9,4.97
2025-03-20 11:45:00,Thursday,11,0,0,Cloudy,21.9,9,4,6.22,19,10.82
2025-03-20 12:00:00,Thursday,12,0,0,Rainy,20.0,7,4,5.9,18,12.47
2025-03-20 12:15:00,Thursday,12,0,0,Cloudy,23.8,13,4,6.3,21,19.96
2025-03-20 12:30:00,Thursday,12,0,0,Cloudy,22.7,10,4,6.39,18,11.16
2025-03-20 12:45:00,Thursday,12,0,0,Cloudy,20.7,8,4,6.35,17,9.57
2025-03-20 13:00:00,Thursday,13,0,0,Cloudy,21.8,16,4,5.73,28,22.54
2025-03-20 13:15:00,Thursday,13,0,0,Cloudy,24.9,10,5,5.84,19,10.26
2025-03-20 13:30:00,Thursday,13,0,0,Cloudy,21.6,8,4,5.54,17,6.86
2025-03-20 13:45:00,Thursday,13,0,0,Cloudy,23.0,11,4,6.43,25,13.14
2025-03-20 14:00:00,Thursday,14,0,0,Cloudy,21.9,10,5,6.05,19,8.09
2025-03-20 14:15:00,Thursday,14,0,0,Sunny,24.9,10,4,5.14,18,8.27
2025-03-20 14:30:00,Thursday,14,0,0,Cloudy,22.0,3,3,6.19,5,8.02
2025-03-20 14:45:00,Thursday,14,0,0,Cloudy,22.5,3,3,7.01,6,5.16
2025-03-20 15:00:00,Thursday,15,0,0,Cloudy,22.4,9,3,6.63,19,20.57
2025-03-20 15:15:00,Thursday,15,0,0,Cloudy,23.3,2,3,5.61,0,0.5
2025-03-20 15:30:00,Thursday,15,0,0,Cloudy,21.6,1,3,5.76,0,0.5
2025-03-20 15:45:00,Thursday,15,0,0,Cloudy,24.6,6,2,4.47,12,7.92
2025-03-20 16:00:00,Thursday,16,0,0,Cloudy,23.8,1,3,4.87,2,0.5
2025-03-20 16:15:00,Thursday,16,0,0,Cloudy,23.9,6,3,5.7,7,12.16
2025-03-20 16:30:00,Thursday,16,0,0,Cloudy,22.1,5,3,5.72,7,6.03
2025-03-20 16:45:00,Thursday,16,0,0,Cloudy,22.4,13,2,7.53,23,48.17
2025-03-20 17:00:00,Thursday,17,0,0,Cloudy,21.4,10,3,5.5,20,17.79
2025-03-20 17:15:00,Thursday,17,0,0,Cloudy,23.4,14,3,6.89,30,32.13
2025-03-20 17:30:00,Thursday,17,0,0,Cloudy,21.9,13,2,6.79,29,48.06
2025-03-20 17:45:00,Thursday,17,0,0,Cloudy,22.3,12,3,7.35,25,28.26
2025-03-20 18:00:00,Thursday,18,0,0,Cloudy,20.9,8,3,6.64,13,19.87
2025-03-20 18:15:00,Thursday,18,0,0,Cloudy,23.7,10,3,5.85,21,15.04
2025-03-20 18:30:00,Thursday,18,0,0,Cloudy,22.5,9,4,5.74,21,11.14
2025-03-20 18:45:00,Thursday,18,0,0,Cloudy,22.9,11,3,5.57,19,20.4
2025-03-20 19:00:00,Thursday,19,0,0,Cloudy,22.5,12,3,7.05,17,28.16
2025-03-20 19:15:00,Thursday,19,0,0,Cloudy,24.6,10,2,6.42,20,28.93
2025-03-20 19:30:00,Thursday,19,0,0,Cloudy,22.8,11,3,6.67,23,25.59
2025-03-20 19:45:00,Thursday,19,0,0,Cloudy,22.7,8,3,4.43,12,11.69
2025-03-20 20:00:00,Thursday,20,0,0,Cloudy,22.0,14,3,6.88,29,28.28
2025-03-20 20:15:00,Thursday,20,0,0,Cloudy,20.4,4,2,4.24,8,4.2
2025-03-20 20:30:00,Thursday,20,0,0,Cloudy,20.3,8,2,6.55,15,25.79
2025-03-20 20:45:00,Thursday,20,0,0,Sunny,19.8,2,3,6.12,3,3.71
2025-03-20 21:00:00,Thursday,21,0,0,Cloudy,25.1,9,2,5.77,20,28.33
2025-03-20 21:15:00,Thursday,21,0,0,Cloudy,22.2,4,1,7.26,8,28.55
2025-03-20 21:30:00,Thursday,21,0,0,Cloudy,20.9,8,2,7.25,14,25.68
2025-03-20 21:45:00,Thursday,21,0,0,Cloudy,20.8,5,2,4.49,10,14.64
2025-03-21 08:00:00,Friday,8,0,0,Cloudy,23.3,4,2,6.24,6,9.49
2025-03-21 08:15:00,Friday,8,0,0,Cloudy,23.0,1,3,6.35,0,0.5
2025-03-21 08:30:00,Friday,8,0,0,Cloudy,21.3,1,3,4.57,2,0.5
2025-03-21 08:45:00,Friday,8,0,0,Cloudy,23.0,2,3,5.56,4,0.5
2025-03-21 09:00:00,Friday,9,0,0,Cloudy,26.6,1,4,4.86,2,0.5
2025-03-21 09:15:00,Friday,9,0,0,Cloudy,24.4,1,5,5.77,3,0.5
2025-03-21 09:30:00,Friday,9,0,0,Cloudy,25.5,2,4,4.57,1,1.41
2025-03-21 09:45:00,Friday,9,0,0,Cloudy,24.6,1,4,4.36,2,0.5
2025-03-21 10:00:00,Friday,10,0,0,Cloudy,24.2,3,4,5.68,6,0.5
2025-03-21 10:15:00,Friday,10,0,0,Cloudy,21.5,2,5,5.29,8,0.5
2025-03-21 10:30:00,Friday,10,0,0,Cloudy,22.8,7,4,6.89,8,7.56
2025-03-21 10:45:00,Friday,10,0,0,Rainy,22.5,1,4,5.97,1,0.5
2025-03-21 11:00:00,Friday,11,0,0,Cloudy,25.6,6,4,6.75,14,4.67
2025-03-21 11:15:00,Friday,11,0,0,Cloudy,21.3,9,5,6.6,15,7.41
2025-03-21 11:30:00,Friday,11,0,0,Cloudy,24.0,6,5,4.72,11,3.98
2025-03-21 11:45:00,Friday,11,0,0,Cloudy,23.8,12,5,6.13,20,10.47
2025-03-21 12:00:00,Friday,12,0,0,Cloudy,25.7,12,5,5.84,26,16.69
2025-03-21 12:15:00,Friday,12,0,0,Cloudy,26.4,16,6,5.36,33,10.91
2025-03-21 12:30:00,Friday,12,0,0,Cloudy,23.7,14,5,5.91,25,12.36
2025-03-21 12:45:00,Friday,12,0,0,Cloudy,27.4,10,5,5.7,18,8.53
2025-03-21 13:00:00,Friday,13,0,0,Cloudy,23.5,8,5,5.57,16,8.45
2025-03-21 13:15:00,Friday,13,0,0,Cloudy,25.7,5,4,5.4,12,1.39
2025-03-21 13:30:00,Friday,13,0,0,Cloudy,23.8,12,5,5.25,26,11.42
2025-03-21 13:45:00,Friday,13,0,0,Cloudy,23.9,9,5,5.63,17,7.96
2025-03-21 14:00:00,Friday,14,0,0,Sunny,25.8,9,6,4.74,22,7.31
2025-03-21 14:15:00,Friday,14,0,0,Rainy,28.4,2,4,4.81,6,0.5
2025-03-21 14:30:00,Friday,14,0,0,Cloudy,23.4,6,4,6.28,14,4.7
2025-03-21 14:45:00,Friday,14,0,0,Cloudy,26.8,5,4,5.01,9,0.5
2025-03-21 15:00:00,Friday,15,0,0,Cloudy,25.5,8,4,4.49,14,6.35
2025-03-21 15:15:00,Friday,15,0,0,Cloudy,26.4,4,4,7.17,5,1.02
2025-03-21 15:30:00,Friday,15,0,0,Cloudy,23.7,6,4,5.59,13,0.5
2025-03-21 15:45:00,Friday,15,0,0,Cloudy,26.4,5,3,6.3,10,10.04
2025-03-21 16:00:00,Friday,16,0,0,Sunny,26.1,4,4,5.84,6,4.39
2025-03-21 16:15:00,Friday,16,0,0,Cloudy,22.2,6,4,7.0,10,7.69
2025-03-21 16:30:00,Friday,16,0,0,Cloudy,23.6,3,3,5.84,7,2.04
2025-03-21 16:45:00,Friday,16,0,0,Cloudy,22.2,9,4,4.42,18,9.48
2025-03-21 17:00:00,Friday,17,0,0,Cloudy,24.1,13,4,6.32,23,15.88
2025-03-21 17:15:00,Friday,17,0,0,Cloudy,24.1,12,4,4.47,24,12.69
2025-03-21 17:30:00,Friday,17,0,0,Cloudy,24.3,13,4,5.17,28,16.44
2025-03-21 17:45:00,Friday,17,0,0,Cloudy,25.5,3,3,5.37,5,6.82
2025-03-21 18:00:00,Friday,18,0,0,Cloudy,25.3,11,4,6.82,26,16.08
2025-03-21 18:15:00,Friday,18,0,0,Cloudy,24.9,12,3,5.25,23,19.79
2025-03-21 18:30:00,Friday,18,0,0,Cloudy,23.8,12,4,5.77,22,15.04
2025-03-21 18:45:00,Friday,18,0,0,Cloudy,23.6,15,3,6.27,33,36.24
2025-03-21 19:00:00,Friday,19,0,0,Cloudy,24.6,17,4,6.22,31,35.68
2025-03-21 19:15:00,Friday,19,0,0,Cloudy,24.3,10,4,4.81,17,10.56
2025-03-21 19:30:00,Friday,19,0,0,Cloudy,21.7,16,4,6.01,31,25.51
2025-03-21 19:45:00,Friday,19,0,0,Cloudy,24.0,12,3,5.56,19,21.39
2025-03-21 20:00:00,Friday,20,0,0,Cloudy,26.6,4,4,4.21,10,2.01
2025-03-21 20:15:00,Friday,20,0,0,Cloudy,23.2,7,4,5.44,12,10.48
2025-03-21 20:30:00,Friday,20,0,0,Cloudy,24.2,4,3,5.1,12,5.6
2025-03-21 20:45:00,Friday,20,0,0,Cloudy,25.3,5,3,4.96,9,7.9
2025-03-21 21:00:00,Friday,21,0,0,Sunny,22.3,6,3,4.67,13,10.61
2025-03-21 21:15:00,Friday,21,0,0,Cloudy,23.8,10,3,6.32,15,21.31
2025-03-21 21:30:00,Friday,21,0,0,Cloudy,25.5,5,3,4.9,9,4.7
2025-03-21 21:45:00,Friday,21,0,0,Cloudy,27.6,1,4,4.36,2,1.14
2025-03-22 08:00:00,Saturday,8,1,0,Cloudy,26.7,4,4,4.24,11,1.64
2025-03-22 08:15:00,Saturday,8,1,0,Cloudy,25.7,1,4,5.94,0,1.68
2025-03-22 08:30:00,Saturday,8,1,0,Cloudy,24.0,3,4,4.75,5,4.31
2025-03-22 08:45:00,Saturday,8,1,0,Cloudy,23.8,4,4,5.7,7,2.03
2025-03-22 09:00:00,Saturday,9,1,0,Cloudy,26.5,1,5,6.33,0,0.5
2025-03-22 09:15:00,Saturday,9,1,0,Cloudy,29.3,3,5,6.56,4,1.6
2025-03-22 09:30:00,Saturday,9,1,0,Sunny,26.1,3,5,4.95,8,0.5
2025-03-22 09:45:00,Saturday,9,1,0,Cloudy,24.0,2,6,6.85,4,0.5
2025-03-22 10:00:00,Saturday,10,1,0,Cloudy,22.1,6,5,4.74,14,5.22
2025-03-22 10:15:00,Saturday,10,1,0,Cloudy,28.0,6,5,5.0,8,1.75
2025-03-22 10:30:00,Saturday,10,1,0,Cloudy,25.2,6,5,4.82,8,0.91
2025-03-22 10:45:00,Saturday,10,1,0,Cloudy,28.5,10,6,4.46,15,6.18
2025-03-22 11:00:00,Saturday,11,1,0,Cloudy,26.5,12,6,4.97,22,8.53
2025-03-22 11:15:00,Saturday,11,1,0,Cloudy,25.6,10,6,5.2,17,3.61
2025-03-22 11:30:00,Saturday,11,1,0,Cloudy,27.2,8,7,6.05,15,1.27
2025-03-22 11:45:00,Saturday,11,1,0,Cloudy,29.6,19,5,4.88,41,20.26
2025-03-22 12:00:00,Saturday,12,1,0,Rainy,26.0,6,7,5.52,10,0.5
2025-03-22 12:15:00,Saturday,12,1,0,Cloudy,24.7,14,6,5.57,32,12.22
2025-03-22 12:30:00,Saturday,12,1,0,Cloudy,26.4,15,6,7.25,23,12.18
2025-03-22 12:45:00,Saturday,12,1,0,Cloudy,23.9,8,6,5.84,17,1.47
2025-03-22 13:00:00,Saturday,13,1,0,Cloudy,24.8,14,6,5.88,22,13.52
2025-03-22 13:15:00,Saturday,13,1,0,Cloudy,25.6,16,6,5.83,31,12.18
2025-03-22 13:30:00,Saturday,13,1,0,Cloudy,27.5,10,7,5.53,18,3.31
2025-03-22 13:45:00,Saturday,13,1,0,Cloudy,25.6,11,6,6.64,24,8.59
2025-03-22 14:00:00,Saturday,14,1,0,Cloudy,27.2,11,6,4.7,23,5.42
2025-03-22 14:15:00,Saturday,14,1,0,Cloudy,26.5,8,6,4.84,14,7.83
2025-03-22 14:30:00,Saturday,14,1,0,Cloudy,26.8,10,5,8.85,19,13.22
2025-03-22 14:45:00,Saturday,14,1,0,Cloudy,24.4,6,5,5.02,15,5.13
2025-03-22 15:00:00,Saturday,15,1,0,Cloudy,27.0,6,5,4.34,11,5.16
2025-03-22 15:15:00,Saturday,15,1,0,Cloudy,25.1,7,6,4.22,14,2.27
2025-03-22 15:30:00,Saturday,15,1,0,Cloudy,28.2,7,5,5.43,12,4.46
2025-03-22 15:45:00,Saturday,15,1,0,Cloudy,25.6,4,5,4.81,8,0.51
2025-03-22 16:00:00,Saturday,16,1,0,Cloudy,26.0,3,6,6.16,3,0.78
2025-03-22 16:15:00,Saturday,16,1,0,Cloudy,25.2,9,5,5.71,18,9.42
2025-03-22 16:30:00,Saturday,16,1,0,Cloudy,24.4,5,5,5.51,10,0.5
2025-03-22 16:45:00,Saturday,16,1,0,Cloudy,25.9,17,4,7.27,28,32.67
2025-03-22 17:00:00,Saturday,17,1,0,Cloudy,24.9,11,5,6.45,19,18.26
2025-03-22 17:15:00,Saturday,17,1,0,Cloudy,26.3,10,5,5.91,22,10.2
2025-03-22 17:30:00,Saturday,17,1,0,Cloudy,24.2,15,5,5.74,28,16.78
2025-03-22 17:45:00,Saturday,17,1,0,Cloudy,27.9,14,5,7.1,33,21.55
2025-03-22 18:00:00,Saturday,18,1,0,Cloudy,27.0,12,5,6.34,21,12.58
2025-03-22 18:15:00,Saturday,18,1,0,Cloudy,24.5,26,5,6.9,45,38.02
2025-03-22 18:30:00,Saturday,18,1,0,Cloudy,26.8,11,5,5.87,22,12.24
2025-03-22 18:45:00,Saturday,18,1,0,Sunny,24.8,16,4,6.79,35,31.18
2025-03-22 19:00:00,Saturday,19,1,0,Cloudy,25.6,20,5,6.4,36,28.09
2025-03-22 19:15:00,Saturday,19,1,0,Cloudy,25.7,16,5,7.33,29,25.39
2025-03-22 19:30:00,Saturday,19,1,0,Cloudy,24.3,8,5,6.35,11,4.51
2025-03-22 19:45:00,Saturday,19,1,0,Rainy,22.4,14,6,5.21,27,12.47
2025-03-22 20:00:00,Saturday,20,1,0,Cloudy,26.1,14,6,5.36,29,11.82
2025-03-22 20:15:00,Saturday,20,1,0,Cloudy,28.9,16,4,5.9,28,23.19
2025-03-22 20:30:00,Saturday,20,1,0,Cloudy,24.6,2,4,6.65,2,5.41
2025-03-22 20:45:00,Saturday,20,1,0,Cloudy,22.9,11,4,6.73,22,20.34
2025-03-22 21:00:00,Saturday,21,1,0,Cloudy,26.5,5,4,4.81,13,10.24
2025-03-22 21:15:00,Saturday,21,1,0,Cloudy,25.4,9,4,5.33,15,11.88
2025-03-22 21:30:00,Saturday,21,1,0,Cloudy,23.7,5,4,5.25,14,3.28
2025-03-22 21:45:00,Saturday,21,1,0,Cloudy,23.4,6,5,4.85,9,4.87
2025-03-23 08:00:00,Sunday,8,1,0,Sunny,27.5,4,4,5.11,9,0.5
2025-03-23 08:15:00,Sunday,8,1,0,Sunny,30.8,3,4,4.82,9,0.5
2025-03-23 08:30:00,Sunday,8,1,0,Sunny,30.3,2,4,5.0,4,2.32
2025-03-23 08:45:00,Sunday,8,1,0,Sunny,30.2,3,4,5.59,9,0.5
2025-03-23 09:00:00,Sunday,9,1,0,Sunny,31.6,1,5,6.22,5,0.5
2025-03-23 09:15:00,Sunday,9,1,0,Sunny,31.1,1,5,6.22,1,0.5
2025-03-23 09:30:00,Sunday,9,1,0,Sunny,29.2,2,5,5.54,6,0.5
2025-03-23 09:45:00,Sunday,9,1,0,Sunny,30.8,6,5,4.65,14,2.43
2025-03-23 10:00:00,Sunday,10,1,0,Sunny,28.5,4,5,4.14,8,0.5
2025-03-23 10:15:00,Sunday,10,1,0,Sunny,32.5,7,6,6.41,13,5.62
2025-03-23 10:30:00,Sunday,10,1,0,Sunny,28.8,7,5,6.89,15,5.38
2025-03-23 10:45:00,Sunday,10,1,0,Sunny,30.5,5,5,5.17,9,0.5
2025-03-23 11:00:00,Sunday,11,1,0,Sunny,28.7,4,6,6.33,4,0.5
2025-03-23 11:15:00,Sunday,11,1,0,Sunny,32.1,5,6,6.54,10,0.5
2025-03-23 11:30:00,Sunday,11,1,0,Sunny,30.2,12,6,5.9,22,7.12
2025-03-23 11:45:00,Sunday,11,1,0,Sunny,32.0,13,6,5.87,22,7.09
2025-03-23 12:00:00,Sunday,12,1,0,Sunny,28.2,7,6,5.9,15,2.9
2025-03-23 12:15:00,Sunday,12,1,0,Sunny,31.8,17,6,3.56,31,10.37
2025-03-23 12:30:00,Sunday,12,1,0,Sunny,29.9,24,6,7.67,45,32.42
2025-03-23 12:45:00,Sunday,12,1,0,Sunny,28.4,12,6,5.23,22,8.7
2025-03-23 13:00:00,Sunday,13,1,0,Sunny,30.8,17,6,5.62,33,9.2
2025-03-23 13:15:00,Sunday,13,1,0,Sunny,31.1,17,6,4.15,26,10.27
2025-03-23 13:30:00,Sunday,13,1,0,Sunny,30.7,13,6,5.48,22,9.05
2025-03-23 13:45:00,Sunday,13,1,0,Sunny,30.7,8,7,4.89,18,0.5
2025-03-23 14:00:00,Sunday,14,1,0,Sunny,31.8,7,6,4.92,9,1.55
2025-03-23 14:15:00,Sunday,14,1,0,Sunny,33.4,13,6,5.0,19,9.67
2025-03-23 14:30:00,Sunday,14,1,0,Sunny,30.2,13,5,4.21,26,9.42
2025-03-23 14:45:00,Sunday,14,1,0,Sunny,33.9,6,6,5.36,6,3.58
2025-03-23 15:00:00,Sunday,15,1,0,Sunny,29.6,5,4,5.14,10,2.41
2025-03-23 15:15:00,Sunday,15,1,0,Sunny,30.3,3,4,5.5,2,1.83
2025-03-23 15:30:00,Sunday,15,1,0,Sunny,28.4,11,5,3.55,23,2.4
2025-03-23 15:45:00,Sunday,15,1,0,Sunny,32.8,8,5,6.31,18,10.35
2025-03-23 16:00:00,Sunday,16,1,0,Sunny,30.3,10,4,6.57,18,14.42
2025-03-23 16:15:00,Sunday,16,1,0,Sunny,31.1,13,5,6.65,29,17.01
2025-03-23 16:30:00,Sunday,16,1,0,Sunny,32.3,16,5,5.68,33,19.97
2025-03-23 16:45:00,Sunday,16,1,0,Sunny,32.2,19,6,7.05,44,21.85
2025-03-23 17:00:00,Sunday,17,1,0,Sunny,30.7,13,5,5.63,29,13.95
2025-03-23 17:15:00,Sunday,17,1,0,Sunny,30.3,16,5,5.31,29,17.85
2025-03-23 17:30:00,Sunday,17,1,0,Sunny,30.5,12,6,7.02,24,8.42
2025-03-23 17:45:00,Sunday,17,1,0,Sunny,31.6,15,5,6.23,27,20.39
2025-03-23 18:00:00,Sunday,18,1,0,Sunny,31.2,17,6,6.2,24,14.36
2025-03-23 18:15:00,Sunday,18,1,0,Sunny,31.0,16,5,6.13,31,18.46
2025-03-23 18:30:00,Sunday,18,1,0,Sunny,29.5,23,5,7.44,37,38.04
2025-03-23 18:45:00,Sunday,18,1,0,Sunny,31.6,13,4,3.93,22,12.52
2025-03-23 19:00:00,Sunday,19,1,0,Sunny,29.5,23,5,6.39,49,33.99
2025-03-23 19:15:00,Sunday,19,1,0,Sunny,29.8,23,5,5.88,47,29.14
2025-03-23 19:30:00,Sunday,19,1,0,Sunny,32.2,13,5,5.0,27,12.12
2025-03-23 19:45:00,Sunday,19,1,0,Sunny,31.5,9,4,4.62,15,8.22
2025-03-23 20:00:00,Sunday,20,1,0,Sunny,29.5,6,5,4.92,11,2.35
2025-03-23 20:15:00,Sunday,20,1,0,Sunny,28.2,10,5,7.29,16,10.33
2025-03-23 20:30:00,Sunday,20,1,0,Sunny,29.4,14,4,4.78,27,18.94
2025-03-23 20:45:00,Sunday,20,1,0,Sunny,30.9,6,4,5.24,10,9.32
2025-03-23 21:00:00,Sunday,21,1,0,Sunny,34.3,8,4,4.96,11,8.2
2025-03-23 21:15:00,Sunday,21,1,0,Sunny,28.2,6,4,6.95,13,10.67
2025-03-23 21:30:00,Sunday,21,1,0,Sunny,30.1,8,4,4.81,15,10.0
2025-03-23 21:45:00,Sunday,21,1,0,Sunny,32.9,3,4,3.55,5,0.95
2025-03-24 08:00:00,Monday,8,0,0,Sunny,20.0,1,1,6.28,4,10.33
2025-03-24 08:15:00,Monday,8,0,0,Windy,19.9,1,1,5.55,1,3.11
2025-03-24 08:30:00,Monday,8,0,0,Windy,19.4,1,3,4.58,1,1.62
2025-03-24 08:45:00,Monday,8,0,0,Windy,20.4,1,1,7.11,2,1.17
2025-03-24 09:00:00,Monday,9,0,0,Windy,20.9,2,3,4.83,2,0.5
2025-03-24 09:15:00,Monday,9,0,0,Windy,19.1,5,3,5.52,10,4.56
2025-03-24 09:30:00,Monday,9,0,0,Windy,20.4,3,2,6.07,5,8.18
2025-03-24 09:45:00,Monday,9,0,0,Windy,21.7,2,3,7.77,5,2.88
2025-03-24 10:00:00,Monday,10,0,0,Windy,20.9,2,3,5.0,4,0.5
2025-03-24 10:15:00,Monday,10,0,0,Windy,19.9,6,4,5.62,11,3.09
2025-03-24 10:30:00,Monday,10,0,0,Windy,19.8,4,3,5.65,5,1.91
2025-03-24 10:45:00,Monday,10,0,0,Windy,21.2,6,3,5.3,12,9.93
2025-03-24 11:00:00,Monday,11,0,0,Windy,21.9,6,4,5.76,9,4.67
2025-03-24 11:15:00,Monday,11,0,0,Windy,24.0,10,4,5.07,21,11.63
2025-03-24 11:30:00,Monday,11,0,0,Windy,19.7,16,4,6.72,32,30.96
2025-03-24 11:45:00,Monday,11,0,0,Windy,23.2,7,4,5.19,17,8.36
2025-03-24 12:00:00,Monday,12,0,0,Windy,21.0,9,4,4.52,17,9.78
2025-03-24 12:15:00,Monday,12,0,0,Windy,22.0,13,4,5.38,25,20.25
2025-03-24 12:30:00,Monday,12,0,0,Windy,21.4,11,4,5.88,15,9.33
2025-03-24 12:45:00,Monday,12,0,0,Windy,19.9,10,3,4.51,17,17.89
2025-03-24 13:00:00,Monday,13,0,0,Windy,19.0,6,4,4.51,12,8.56
2025-03-24 13:15:00,Monday,13,0,0,Windy,19.5,10,5,4.43,23,4.23
2025-03-24 13:30:00,Monday,13,0,0,Windy,20.5,10,4,7.84,14,19.17
2025-03-24 13:45:00,Monday,13,0,0,Windy,21.9,7,3,6.0,13,12.92
2025-03-24 14:00:00,Monday,14,0,0,Windy,22.6,7,3,6.05,12,13.12
2025-03-24 14:15:00,Monday,14,0,0,Cloudy,21.3,6,3,5.9,11,13.55
2025-03-24 14:30:00,Monday,14,0,0,Windy,22.6,6,3,6.27,11,14.76
2025-03-24 14:45:00,Monday,14,0,0,Windy,19.4,4,3,6.78,6,3.44
2025-03-24 15:00:00,Monday,15,0,0,Windy,19.3,0,3,6.02,0,0.5
2025-03-24 15:15:00,Monday,15,0,0,Sunny,19.9,9,3,6.54,12,15.48
2025-03-24 15:30:00,Monday,15,0,0,Windy,20.0,2,3,5.88,7,0.5
2025-03-24 15:45:00,Monday,15,0,0,Windy,20.8,5,3,5.63,11,8.09
2025-03-24 16:00:00,Monday,16,0,0,Windy,19.5,5,3,5.13,11,10.3
2025-03-24 16:15:00,Monday,16,0,0,Windy,22.6,6,2,5.98,11,18.95
2025-03-24 16:30:00,Monday,16,0,0,Windy,20.4,13,3,7.26,20,29.95
2025-03-24 16:45:00,Monday,16,0,0,Windy,18.5,9,3,5.46,16,14.73
2025-03-24 17:00:00,Monday,17,0,0,Windy,19.9,5,3,5.85,10,5.85
2025-03-24 17:15:00,Monday,17,0,0,Windy,19.3,13,4,4.66,26,14.31
2025-03-24 17:30:00,Monday,17,0,0,Windy,21.4,15,4,4.55,23,16.99
2025-03-24 17:45:00,Monday,17,0,0,Windy,19.1,8,3,7.63,20,16.21
2025-03-24 18:00:00,Monday,18,0,0,Windy,20.6,15,2,8.52,29,64.2
2025-03-24 18:15:00,Monday,18,0,0,Windy,19.1,18,3,8.05,32,49.71
2025-03-24 18:30:00,Monday,18,0,0,Windy,22.3,15,3,5.92,26,33.11
2025-03-24 18:45:00,Monday,18,0,0,Windy,22.5,17,3,7.97,32,53.33
2025-03-24 19:00:00,Monday,19,0,0,Rainy,20.6,7,3,3.83,14,8.23
2025-03-24 19:15:00,Monday,19,0,0,Windy,17.9,10,3,5.58,22,21.04
2025-03-24 19:30:00,Monday,19,0,0,Windy,22.6,6,3,4.85,12,7.51
2025-03-24 19:45:00,Monday,19,0,0,Windy,21.7,8,2,7.3,12,28.45
2025-03-24 20:00:00,Monday,20,0,0,Windy,22.3,6,3,5.88,16,9.81
2025-03-24 20:15:00,Monday,20,0,0,Windy,21.7,5,2,6.69,12,15.28
2025-03-24 20:30:00,Monday,20,0,0,Windy,17.0,7,2,4.76,11,17.89
2025-03-24 20:45:00,Monday,20,0,0,Windy,24.0,10,2,6.34,18,33.3
2025-03-24 21:00:00,Monday,21,0,0,Windy,19.2,5,2,5.85,11,13.3
2025-03-24 21:15:00,Monday,21,0,0,Windy,21.9,2,2,6.01,3,1.72
2025-03-24 21:30:00,Monday,21,0,0,Rainy,20.1,7,2,5.23,14,19.5
2025-03-24 21:45:00,Monday,21,0,0,Windy,18.8,6,3,4.96,14,9.11
2025-03-25 08:00:00,Tuesday,8,0,0,Stormy,19.7,2,3,5.28,4,6.39
2025-03-25 08:15:00,Tuesday,8,0,0,Stormy,21.6,1,3,4.85,2,4.0
2025-03-25 08:30:00,Tuesday,8,0,0,Stormy,18.7,3,4,5.6,3,0.5
2025-03-25 08:45:00,Tuesday,8,0,0,Stormy,16.6,0,3,6.92,1,0.5
2025-03-25 09:00:00,Tuesday,9,0,0,Stormy,17.2,0,5,6.79,0,0.5
2025-03-25 09:15:00,Tuesday,9,0,0,Stormy,18.8,2,5,4.07,4,0.5
2025-03-25 09:30:00,Tuesday,9,0,0,Stormy,18.2,2,5,6.58,2,0.5
2025-03-25 09:45:00,Tuesday,9,0,0,Windy,20.3,4,5,5.18,7,0.5
2025-03-25 10:00:00,Tuesday,10,0,0,Stormy,18.2,3,5,4.4,10,6.19
2025-03-25 10:15:00,Tuesday,10,0,0,Stormy,17.6,5,6,5.94,12,10.3
2025-03-25 10:30:00,Tuesday,10,0,0,Cloudy,17.9,5,4,4.72,8,6.97
2025-03-25 10:45:00,Tuesday,10,0,0,Stormy,20.0,5,5,6.86,8,2.76
2025-03-25 11:00:00,Tuesday,11,0,0,Stormy,19.4,4,6,4.86,7,0.5
2025-03-25 11:15:00,Tuesday,11,0,0,Stormy,17.6,3,6,5.19,3,1.95
2025-03-25 11:30:00,Tuesday,11,0,0,Stormy,18.5,5,6,5.62,9,1.24
2025-03-25 11:45:00,Tuesday,11,0,0,Stormy,20.6,9,6,4.9,18,10.19
2025-03-25 12:00:00,Tuesday,12,0,0,Sunny,18.9,10,6,6.61,17,2.65
2025-03-25 12:15:00,Tuesday,12,0,0,Stormy,19.8,9,6,5.66,20,3.31
2025-03-25 12:30:00,Tuesday,12,0,0,Stormy,17.0,9,6,6.79,18,8.45
2025-03-25 12:45:00,Tuesday,12,0,0,Stormy,20.5,7,6,5.0,13,5.8
2025-03-25 13:00:00,Tuesday,13,0,0,Stormy,14.9,4,6,6.0,10,0.57
2025-03-25 13:15:00,Tuesday,13,0,0,Stormy,20.5,9,6,6.96,18,8.45
2025-03-25 13:30:00,Tuesday,13,0,0,Stormy,19.3,6,5,6.37,9,10.88
2025-03-25 13:45:00,Tuesday,13,0,0,Stormy,20.4,4,6,6.91,8,2.36
2025-03-25 14:00:00,Tuesday,14,0,0,Stormy,19.3,4,6,4.31,8,0.5
2025-03-25 14:15:00,Tuesday,14,0,0,Stormy,16.7,4,5,6.12,9,3.43
2025-03-25 14:30:00,Tuesday,14,0,0,Stormy,18.0,2,6,7.52,7,0.5
2025-03-25 14:45:00,Tuesday,14,0,0,Stormy,19.2,5,4,6.75,12,5.99
2025-03-25 15:00:00,Tuesday,15,0,0,Stormy,18.6,5,5,7.32,10,5.18
2025-03-25 15:15:00,Tuesday,15,0,0,Stormy,17.6,5,6,4.94,9,0.5
2025-03-25 15:30:00,Tuesday,15,0,0,Stormy,19.5,3,4,5.2,9,8.62
2025-03-25 15:45:00,Tuesday,15,0,0,Stormy,19.1,4,5,5.63,9,2.05
2025-03-25 16:00:00,Tuesday,16,0,0,Stormy,20.8,4,5,5.79,7,4.23
2025-03-25 16:15:00,Tuesday,16,0,0,Stormy,20.7,3,5,5.63,2,0.5
2025-03-25 16:30:00,Tuesday,16,0,0,Stormy,17.1,4,5,4.5,8,0.5
2025-03-25 16:45:00,Tuesday,16,0,0,Rainy,17.4,11,5,6.11,24,12.84
2025-03-25 17:00:00,Tuesday,17,0,0,Stormy,18.5,6,5,5.65,6,1.54
2025-03-25 17:15:00,Tuesday,17,0,0,Stormy,18.1,10,5,4.87,17,6.01
2025-03-25 17:30:00,Tuesday,17,0,0,Stormy,20.5,2,5,6.85,4,2.51
2025-03-25 17:45:00,Tuesday,17,0,0,Stormy,19.7,10,6,5.9,24,9.41
2025-03-25 18:00:00,Tuesday,18,0,0,Stormy,18.6,9,5,4.98,17,9.46
2025-03-25 18:15:00,Tuesday,18,0,0,Stormy,20.6,9,6,6.16,16,8.04
2025-03-25 18:30:00,Tuesday,18,0,0,Stormy,18.6,14,5,8.71,28,27.97
2025-03-25 18:45:00,Tuesday,18,0,0,Stormy,17.8,11,5,6.0,24,11.65
2025-03-25 19:00:00,Tuesday,19,0,0,Rainy,18.8,11,5,4.12,22,9.05
2025-03-25 19:15:00,Tuesday,19,0,0,Stormy,20.5,9,5,6.29,16,8.11
2025-03-25 19:30:00,Tuesday,19,0,0,Stormy,16.7,10,5,7.23,21,12.08
2025-03-25 19:45:00,Tuesday,19,0,0,Stormy,19.1,7,5,5.69,14,10.29
2025-03-25 20:00:00,Tuesday,20,0,0,Stormy,18.9,4,6,7.03,4,0.5
2025-03-25 20:15:00,Tuesday,20,0,0,Stormy,18.8,9,4,6.91,15,11.58
2025-03-25 20:30:00,Tuesday,20,0,0,Stormy,19.1,9,3,7.03,15,23.25
2025-03-25 20:45:00,Tuesday,20,0,0,Stormy,20.3,3,4,6.41,3,3.79
2025-03-25 21:00:00,Tuesday,21,0,0,Stormy,16.5,4,4,5.88,8,1.83
2025-03-25 21:15:00,Tuesday,21,0,0,Rainy,17.2,4,4,7.56,13,7.51
2025-03-25 21:30:00,Tuesday,21,0,0,Stormy,18.7,2,4,6.35,6,4.05
2025-03-25 21:45:00,Tuesday,21,0,0,Stormy,17.9,4,4,5.62,7,5.91
2025-03-26 08:00:00,Wednesday,8,0,0,Cloudy,23.8,1,4,4.96,1,0.5
2025-03-26 08:15:00,Wednesday,8,0,0,Cloudy,23.1,1,5,4.82,4,0.5
2025-03-26 08:30:00,Wednesday,8,0,0,Cloudy,24.9,3,4,5.79,5,0.5
2025-03-26 08:45:00,Wednesday,8,0,0,Cloudy,26.2,1,4,4.55,0,1.36
2025-03-26 09:00:00,Wednesday,9,0,0,Cloudy,23.9,3,5,4.31,4,0.5
2025-03-26 09:15:00,Wednesday,9,0,0,Cloudy,23.4,1,5,5.56,4,0.5
2025-03-26 09:30:00,Wednesday,9,0,0,Cloudy,23.4,3,5,5.47,8,1.16
2025-03-26 09:45:00,Wednesday,9,0,0,Cloudy,23.9,3,5,5.51,4,0.5
2025-03-26 10:00:00,Wednesday,10,0,0,Cloudy,24.9,3,5,5.14,8,0.5
2025-03-26 10:15:00,Wednesday,10,0,0,Cloudy,24.7,2,4,4.4,0,0.5
2025-03-26 10:30:00,Wednesday,10,0,0,Cloudy,23.7,5,5,5.42,8,1.11
2025-03-26 10:45:00,Wednesday,10,0,0,Cloudy,25.5,5,6,5.47,11,0.5
2025-03-26 11:00:00,Wednesday,11,0,0,Cloudy,24.7,8,6,4.42,14,1.67
2025-03-26 11:15:00,Wednesday,11,0,0,Cloudy,23.6,6,6,4.98,10,1.59
2025-03-26 11:30:00,Wednesday,11,0,0,Cloudy,23.0,8,6,6.56,18,0.5
2025-03-26 11:45:00,Wednesday,11,0,0,Sunny,23.5,9,6,4.62,18,0.5
2025-03-26 12:00:00,Wednesday,12,0,0,Cloudy,25.0,11,6,5.99,20,6.56
2025-03-26 12:15:00,Wednesday,12,0,0,Cloudy,26.0,9,7,6.63,15,0.5
2025-03-26 12:30:00,Wednesday,12,0,0,Cloudy,26.2,13,6,5.28,24,10.25
2025-03-26 12:45:00,Wednesday,12,0,0,Cloudy,23.3,8,6,5.05,17,0.5
2025-03-26 13:00:00,Wednesday,13,0,0,Cloudy,24.3,8,6,5.23,13,0.5
2025-03-26 13:15:00,Wednesday,13,0,0,Cloudy,25.1,6,6,5.71,8,0.5
2025-03-26 13:30:00,Wednesday,13,0,0,Cloudy,25.3,6,6,6.7,10,0.5
2025-03-26 13:45:00,Wednesday,13,0,0,Cloudy,22.9,7,6,5.85,11,0.81
2025-03-26 14:00:00,Wednesday,14,0,0,Cloudy,25.1,8,6,7.55,18,6.12
2025-03-26 14:15:00,Wednesday,14,0,0,Cloudy,24.5,12,5,6.68,20,13.42
2025-03-26 14:30:00,Wednesday,14,0,0,Cloudy,25.2,6,5,5.31,10,1.97
2025-03-26 14:45:00,Wednesday,14,0,0,Cloudy,24.6,4,5,6.0,7,0.5
2025-03-26 15:00:00,Wednesday,15,0,0,Cloudy,24.9,4,6,4.87,6,0.5
2025-03-26 15:15:00,Wednesday,15,0,0,Cloudy,24.6,6,4,6.45,17,8.86
2025-03-26 15:30:00,Wednesday,15,0,0,Cloudy,25.1,3,4,4.73,4,0.5
2025-03-26 15:45:00,Wednesday,15,0,0,Sunny,26.1,2,5,5.16,4,0.5
2025-03-26 16:00:00,Wednesday,16,0,0,Cloudy,23.7,7,5,6.6,11,1.56
2025-03-26 16:15:00,Wednesday,16,0,0,Cloudy,24.5,6,5,6.54,11,0.5
2025-03-26 16:30:00,Wednesday,16,0,0,Cloudy,24.1,11,5,4.85,21,8.46
2025-03-26 16:45:00,Wednesday,16,0,0,Cloudy,23.9,9,5,5.55,20,7.77
2025-03-26 17:00:00,Wednesday,17,0,0,Cloudy,24.7,14,5,6.0,24,10.8
2025-03-26 17:15:00,Wednesday,17,0,0,Cloudy,27.3,7,5,6.96,12,5.56
2025-03-26 17:30:00,Wednesday,17,0,0,Cloudy,24.7,8,4,5.37,18,8.28
2025-03-26 17:45:00,Wednesday,17,0,0,Cloudy,28.4,3,5,5.81,0,0.5
2025-03-26 18:00:00,Wednesday,18,0,0,Cloudy,22.2,12,5,4.54,20,8.31
2025-03-26 18:15:00,Wednesday,18,0,0,Cloudy,25.4,11,5,6.1,19,12.46
2025-03-26 18:30:00,Wednesday,18,0,0,Cloudy,24.5,13,5,6.75,25,16.26
2025-03-26 18:45:00,Wednesday,18,0,0,Cloudy,24.6,14,5,7.48,27,16.35
2025-03-26 19:00:00,Wednesday,19,0,0,Cloudy,23.0,13,4,4.19,31,16.08
2025-03-26 19:15:00,Wednesday,19,0,0,Cloudy,24.4,11,5,4.6,26,4.94
2025-03-26 19:30:00,Wednesday,19,0,0,Cloudy,23.6,5,5,5.08,11,0.5
2025-03-26 19:45:00,Wednesday,19,0,0,Cloudy,26.3,12,5,3.95,20,3.43
2025-03-26 20:00:00,Wednesday,20,0,0,Cloudy,23.2,10,5,5.47,15,3.17
2025-03-26 20:15:00,Wednesday,20,0,0,Cloudy,24.6,8,4,5.79,15,10.81
2025-03-26 20:30:00,Wednesday,20,0,0,Cloudy,23.9,6,4,4.59,12,6.2
2025-03-26 20:45:00,Wednesday,20,0,0,Cloudy,23.1,6,4,5.37,10,6.45
2025-03-26 21:00:00,Wednesday,21,0,0,Cloudy,23.9,11,4,6.29,17,15.71
2025-03-26 21:15:00,Wednesday,21,0,0,Cloudy,25.6,1,3,6.4,1,0.5
2025-03-26 21:30:00,Wednesday,21,0,0,Cloudy,22.8,5,4,5.5,10,9.35
2025-03-26 21:45:00,Wednesday,21,0,0,Cloudy,25.0,6,4,5.54,10,7.61
2025-03-27 08:00:00,Thursday,8,0,0,Rainy,19.7,3,2,4.76,6,10.78
2025-03-27 08:15:00,Thursday,8,0,0,Rainy,18.4,1,2,5.41,1,1.47
2025-03-27 08:30:00,Thursday,8,0,0,Rainy,20.2,1,2,5.04,1,0.91
2025-03-27 08:45:00,Thursday,8,0,0,Rainy,19.6,1,2,6.39,0,0.69
2025-03-27 09:00:00,Thursday,9,0,0,Rainy,19.1,2,3,4.49,5,1.22
2025-03-27 09:15:00,Thursday,9,0,0,Rainy,20.6,1,3,5.85,0,1.61
2025-03-27 09:30:00,Thursday,9,0,0,Rainy,22.2,3,3,4.98,7,4.83
2025-03-27 09:45:00,Thursday,9,0,0,Rainy,18.9,2,3,7.27,0,2.12
2025-03-27 10:00:00,Thursday,10,0,0,Rainy,21.3,1,3,5.62,0,0.5
2025-03-27 10:15:00,Thursday,10,0,0,Rainy,21.4,1,3,7.28,4,0.5
2025-03-27 10:30:00,Thursday,10,0,0,Rainy,18.9,1,3,4.68,4,0.5
2025-03-27 10:45:00,Thursday,10,0,0,Rainy,24.4,2,4,5.8,4,0.5
2025-03-27 11:00:00,Thursday,11,0,0,Rainy,18.5,6,4,4.75,11,6.08
2025-03-27 11:15:00,Thursday,11,0,0,Rainy,19.4,3,4,5.19,4,0.5
2025-03-27 11:30:00,Thursday,11,0,0,Rainy,22.0,4,4,5.89,5,4.74
2025-03-27 11:45:00,Thursday,11,0,0,Rainy,19.7,10,3,5.37,22,20.12
2025-03-27 12:00:00,Thursday,12,0,0,Rainy,19.2,5,5,6.03,9,2.6
2025-03-27 12:15:00,Thursday,12,0,0,Rainy,21.0,12,3,5.99,26,27.31
2025-03-27 12:30:00,Thursday,12,0,0,Rainy,19.0,8,4,4.91,19,14.38
2025-03-27 12:45:00,Thursday,12,0,0,Cloudy,20.0,10,4,5.87,18,13.56
2025-03-27 13:00:00,Thursday,13,0,0,Rainy,20.3,4,5,4.99,10,0.5
2025-03-27 13:15:00,Thursday,13,0,0,Rainy,20.1,5,4,5.56,11,5.58
2025-03-27 13:30:00,Thursday,13,0,0,Rainy,20.7,6,4,4.97,11,6.16
2025-03-27 13:45:00,Thursday,13,0,0,Rainy,21.1,8,4,7.05,14,13.81
2025-03-27 14:00:00,Thursday,14,0,0,Rainy,19.4,4,5,4.38,7,5.2
2025-03-27 14:15:00,Thursday,14,0,0,Rainy,21.8,5,3,3.34,8,2.44
2025-03-27 14:30:00,Thursday,14,0,0,Rainy,23.5,2,3,3.94,6,0.5
2025-03-27 14:45:00,Thursday,14,0,0,Rainy,20.1,0,3,5.91,1,0.5
2025-03-27 15:00:00,Thursday,15,0,0,Rainy,18.5,3,3,5.17,7,1.55
2025-03-27 15:15:00,Thursday,15,0,0,Rainy,22.5,2,4,6.66,2,0.5
2025-03-27 15:30:00,Thursday,15,0,0,Rainy,19.9,6,3,6.23,12,10.93
2025-03-27 15:45:00,Thursday,15,0,0,Rainy,21.4,4,3,5.58,6,9.25
2025-03-27 16:00:00,Thursday,16,0,0,Rainy,19.1,4,3,6.04,5,3.87
2025-03-27 16:15:00,Thursday,16,0,0,Rainy,20.7,2,2,5.24,0,3.2
2025-03-27 16:30:00,Thursday,16,0,0,Rainy,21.4,8,2,5.86,19,28.38
2025-03-27 16:45:00,Thursday,16,0,0,Rainy,19.6,2,3,4.77,3,2.04
2025-03-27 17:00:00,Thursday,17,0,0,Rainy,22.8,12,3,6.73,21,28.52
2025-03-27 17:15:00,Thursday,17,0,0,Rainy,19.9,7,4,5.71,8,10.9
2025-03-27 17:30:00,Thursday,17,0,0,Rainy,21.5,13,3,6.48,26,33.49
2025-03-27 17:45:00,Thursday,17,0,0,Rainy,19.1,6,3,5.8,12,14.73
2025-03-27 18:00:00,Thursday,18,0,0,Rainy,20.6,13,3,6.75,26,30.65
2025-03-27 18:15:00,Thursday,18,0,0,Rainy,20.3,12,3,6.33,23,29.92
2025-03-27 18:30:00,Thursday,18,0,0,Rainy,21.5,6,3,4.03,11,5.25
2025-03-27 18:45:00,Thursday,18,0,0,Rainy,19.3,5,3,5.93,8,9.47
2025-03-27 19:00:00,Thursday,19,0,0,Sunny,20.1,9,3,6.34,16,16.99
2025-03-27 19:15:00,Thursday,19,0,0,Rainy,17.4,10,3,6.33,20,21.75
2025-03-27 19:30:00,Thursday,19,0,0,Sunny,20.5,10,3,5.72,21,16.93
2025-03-27 19:45:00,Thursday,19,0,0,Rainy,18.1,7,3,5.94,14,14.07
2025-03-27 20:00:00,Thursday,20,0,0,Rainy,22.5,9,3,6.68,14,24.28
2025-03-27 20:15:00,Thursday,20,0,0,Windy,20.5,12,2,7.31,19,44.17
2025-03-27 20:30:00,Thursday,20,0,0,Rainy,21.0,6,2,5.4,12,19.94
2025-03-27 20:45:00,Thursday,20,0,0,Cloudy,21.3,8,2,5.7,16,26.47
2025-03-27 21:00:00,Thursday,21,0,0,Rainy,18.8,2,2,5.08,1,0.69
2025-03-27 21:15:00,Thursday,21,0,0,Rainy,17.8,5,2,4.13,10,12.03
2025-03-27 21:30:00,Thursday,21,0,0,Rainy,21.1,2,2,4.59,5,2.96
2025-03-27 21:45:00,Thursday,21,0,0,Windy,19.8,2,2,6.76,6,4.09
2025-03-28 08:00:00,Friday,8,0,0,Stormy,19.3,1,2,5.11,2,0.5
2025-03-28 08:15:00,Friday,8,0,0,Stormy,20.3,2,2,5.66,4,5.09
2025-03-28 08:30:00,Friday,8,0,0,Stormy,19.6,1,2,6.08,1,5.62
2025-03-28 08:45:00,Friday,8,0,0,Cloudy,16.8,3,2,6.66,7,8.46
2025-03-28 09:00:00,Friday,9,0,0,Windy,17.8,5,3,5.69,5,5.29
2025-03-28 09:15:00,Friday,9,0,0,Cloudy,19.6,3,4,5.94,7,0.5
2025-03-28 09:30:00,Friday,9,0,0,Stormy,17.5,0,4,5.11,3,0.5
2025-03-28 09:45:00,Friday,9,0,0,Stormy,18.4,0,3,6.0,1,3.41
2025-03-28 10:00:00,Friday,10,0,0,Stormy,17.9,2,3,6.48,2,0.5
2025-03-28 10:15:00,Friday,10,0,0,Stormy,21.1,2,4,5.41,4,0.5
2025-03-28 10:30:00,Friday,10,0,0,Stormy,20.2,1,3,5.95,3,0.5
2025-03-28 10:45:00,Friday,10,0,0,Stormy,19.2,0,2,4.45,1,0.5
2025-03-28 11:00:00,Friday,11,0,0,Stormy,18.9,6,3,4.51,9,10.98
2025-03-28 11:15:00,Friday,11,0,0,Stormy,18.3,6,4,5.24,12,8.29
2025-03-28 11:30:00,Friday,11,0,0,Stormy,19.9,7,4,4.41,12,5.62
2025-03-28 11:45:00,Friday,11,0,0,Stormy,17.6,10,3,6.38,26,22.8
2025-03-28 12:00:00,Friday,12,0,0,Stormy,19.4,7,4,5.62,13,9.86
2025-03-28 12:15:00,Friday,12,0,0,Stormy,19.7,6,4,5.32,14,12.26
2025-03-28 12:30:00,Friday,12,0,0,Stormy,17.9,12,4,6.79,20,17.6
2025-03-28 12:45:00,Friday,12,0,0,Stormy,18.0,3,4,4.72,5,0.61
2025-03-28 13:00:00,Friday,13,0,0,Stormy,19.3,7,4,4.99,17,6.5
2025-03-28 13:15:00,Friday,13,0,0,Stormy,18.7,3,4,6.31,7,3.42
2025-03-28 13:30:00,Friday,13,0,0,Stormy,18.6,9,4,7.66,18,16.07
2025-03-28 13:45:00,Friday,13,0,0,Stormy,19.0,2,3,5.02,9,1.22
2025-03-28 14:00:00,Friday,14,0,0,Rainy,19.4,5,4,5.41,16,7.75
2025-03-28 14:15:00,Friday,14,0,0,Stormy,19.8,2,3,5.36,1,2.26
2025-03-28 14:30:00,Friday,14,0,0,Stormy,19.3,2,4,5.85,4,4.86
2025-03-28 14:45:00,Friday,14,0,0,Stormy,18.1,3,3,6.01,7,5.55
2025-03-28 15:00:00,Friday,15,0,0,Stormy,21.2,1,3,5.05,5,1.53
2025-03-28 15:15:00,Friday,15,0,0,Stormy,18.3,2,3,5.86,2,1.67
2025-03-28 15:30:00,Friday,15,0,0,Stormy,19.0,5,3,7.3,10,13.23
2025-03-28 15:45:00,Friday,15,0,0,Stormy,22.7,3,3,5.4,3,4.36
2025-03-28 16:00:00,Friday,16,0,0,Stormy,20.4,7,3,6.13,12,17.87
2025-03-28 16:15:00,Friday,16,0,0,Stormy,18.5,7,3,5.19,12,8.05
2025-03-28 16:30:00,Friday,16,0,0,Stormy,22.4,9,3,5.85,21,25.35
2025-03-28 16:45:00,Friday,16,0,0,Stormy,18.7,3,4,5.35,8,0.86
2025-03-28 17:00:00,Friday,17,0,0,Stormy,20.2,6,2,6.18,14,16.95
2025-03-28 17:15:00,Friday,17,0,0,Stormy,19.4,6,3,5.42,9,7.83
2025-03-28 17:30:00,Friday,17,0,0,Stormy,20.2,3,3,6.05,7,3.46
2025-03-28 17:45:00,Friday,17,0,0,Stormy,21.2,11,4,4.93,21,14.39
2025-03-28 18:00:00,Friday,18,0,0,Stormy,15.9,6,3,7.18,10,15.99
2025-03-28 18:15:00,Friday,18,0,0,Cloudy,20.6,7,3,5.84,14,9.53
2025-03-28 18:30:00,Friday,18,0,0,Stormy,18.1,4,3,5.6,7,6.86
2025-03-28 18:45:00,Friday,18,0,0,Stormy,17.8,9,3,5.14,20,18.13
2025-03-28 19:00:00,Friday,19,0,0,Stormy,19.5,12,2,7.13,25,46.57
2025-03-28 19:15:00,Friday,19,0,0,Stormy,19.1,9,3,6.19,14,19.85
2025-03-28 19:30:00,Friday,19,0,0,Stormy,17.6,5,3,4.75,8,7.04
2025-03-28 19:45:00,Friday,19,0,0,Rainy,18.6,8,4,5.7,13,8.38
2025-03-28 20:00:00,Friday,20,0,0,Stormy,19.1,7,3,6.5,11,15.65
2025-03-28 20:15:00,Friday,20,0,0,Stormy,20.8,5,2,6.43,11,18.43
2025-03-28 20:30:00,Friday,20,0,0,Stormy,21.0,4,2,5.53,12,11.33
2025-03-28 20:45:00,Friday,20,0,0,Stormy,20.0,5,2,6.62,10,17.51
2025-03-28 21:00:00,Friday,21,0,0,Stormy,22.5,5,2,5.49,9,14.48
2025-03-28 21:15:00,Friday,21,0,0,Stormy,20.4,5,2,6.8,12,18.73
2025-03-28 21:30:00,Friday,21,0,0,Stormy,19.3,6,3,7.65,10,17.04
2025-03-28 21:45:00,Friday,21,0,0,Stormy,17.8,4,2,6.12,8,16.37
2025-03-29 08:00:00,Saturday,8,1,0,Sunny,27.9,1,4,5.96,2,0.5
2025-03-29 08:15:00,Saturday,8,1,0,Sunny,28.7,4,5,5.81,10,1.44
2025-03-29 08:30:00,Saturday,8,1,0,Sunny,29.3,3,4,5.64,9,6.94
2025-03-29 08:45:00,Saturday,8,1,0,Sunny,27.6,2,4,5.34,3,0.58
2025-03-29 09:00:00,Saturday,9,1,0,Sunny,28.1,2,4,5.38,3,0.5
2025-03-29 09:15:00,Saturday,9,1,0,Sunny,30.6,4,6,6.03,5,0.5
2025-03-29 09:30:00,Saturday,9,1,0,Sunny,30.5,4,5,6.65,8,0.65
2025-03-29 09:45:00,Saturday,9,1,0,Sunny,27.8,5,5,6.07,10,0.65
2025-03-29 10:00:00,Saturday,10,1,0,Sunny,26.1,4,5,5.74,8,6.92
2025-03-29 10:15:00,Saturday,10,1,0,Sunny,30.9,4,5,4.98,10,0.5
2025-03-29 10:30:00,Saturday,10,1,0,Sunny,27.9,6,5,6.01,11,9.01
2025-03-29 10:45:00,Saturday,10,1,0,Sunny,29.7,3,5,4.92,3,0.5
2025-03-29 11:00:00,Saturday,11,1,0,Sunny,30.2,13,6,6.6,22,10.29
2025-03-29 11:15:00,Saturday,11,1,0,Sunny,28.3,20,6,6.84,33,25.32
2025-03-29 11:30:00,Saturday,11,1,0,Sunny,30.8,9,6,4.46,19,2.05
2025-03-29 11:45:00,Saturday,11,1,0,Sunny,30.0,17,7,5.97,39,5.58
2025-03-29 12:00:00,Saturday,12,1,0,Sunny,29.8,18,5,6.53,38,23.62
2025-03-29 12:15:00,Saturday,12,1,0,Sunny,29.0,25,6,6.06,50,26.88
2025-03-29 12:30:00,Saturday,12,1,0,Sunny,28.6,11,6,4.96,20,6.09
2025-03-29 12:45:00,Saturday,12,1,0,Sunny,28.0,9,6,4.25,15,3.88
2025-03-29 13:00:00,Saturday,13,1,0,Sunny,29.0,12,6,5.21,26,7.04
2025-03-29 13:15:00,Saturday,13,1,0,Sunny,29.4,11,6,5.19,22,4.74
2025-03-29 13:30:00,Saturday,13,1,0,Sunny,30.3,15,6,6.31,28,13.29
2025-03-29 13:45:00,Saturday,13,1,0,Sunny,28.8,8,6,5.04,15,8.28
2025-03-29 14:00:00,Saturday,14,1,0,Sunny,29.4,6,6,4.28,11,2.98
2025-03-29 14:15:00,Saturday,14,1,0,Sunny,26.7,6,5,6.18,11,6.43
2025-03-29 14:30:00,Saturday,14,1,0,Sunny,31.7,7,5,6.63,12,5.08
2025-03-29 14:45:00,Saturday,14,1,0,Sunny,28.7,6,6,5.07,10,0.5
2025-03-29 15:00:00,Saturday,15,1,0,Sunny,26.0,6,6,5.36,15,4.49
2025-03-29 15:15:00,Saturday,15,1,0,Sunny,31.5,5,5,5.38,9,1.36
2025-03-29 15:30:00,Saturday,15,1,0,Sunny,29.6,10,5,4.8,16,7.08
2025-03-29 15:45:00,Saturday,15,1,0,Sunny,30.6,13,4,5.9,23,17.39
2025-03-29 16:00:00,Saturday,16,1,0,Sunny,26.9,5,5,4.51,11,2.57
2025-03-29 16:15:00,Saturday,16,1,0,Sunny,31.2,12,6,2.85,28,3.23
2025-03-29 16:30:00,Saturday,16,1,0,Sunny,30.3,8,4,4.18,15,6.46
2025-03-29 16:45:00,Saturday,16,1,0,Sunny,30.0,12,5,5.51,24,14.43
2025-03-29 17:00:00,Saturday,17,1,0,Sunny,28.7,15,5,4.43,25,9.78
2025-03-29 17:15:00,Saturday,17,1,0,Sunny,29.1,8,5,6.37,13,7.3
2025-03-29 17:30:00,Saturday,17,1,0,Sunny,31.3,19,5,6.99,32,23.36
2025-03-29 17:45:00,Saturday,17,1,0,Sunny,28.6,11,5,5.11,20,10.59
2025-03-29 18:00:00,Saturday,18,1,0,Sunny,26.7,14,5,5.17,21,15.19
2025-03-29 18:15:00,Saturday,18,1,0,Sunny,29.6,20,5,5.95,30,26.26
2025-03-29 18:30:00,Saturday,18,1,0,Sunny,28.8,13,5,5.33,24,10.77
2025-03-29 18:45:00,Saturday,18,1,0,Sunny,30.5,15,4,7.43,28,25.29
2025-03-29 19:00:00,Saturday,19,1,0,Sunny,29.6,23,5,6.98,46,32.0
2025-03-29 19:15:00,Saturday,19,1,0,Sunny,27.8,23,6,7.28,37,28.27
2025-03-29 19:30:00,Saturday,19,1,0,Sunny,30.1,15,5,5.23,26,13.85
2025-03-29 19:45:00,Saturday,19,1,0,Sunny,28.5,17,6,4.41,31,13.01
2025-03-29 20:00:00,Saturday,20,1,0,Sunny,25.5,13,5,6.34,25,18.44
2025-03-29 20:15:00,Saturday,20,1,0,Sunny,28.2,11,5,4.72,19,9.91
2025-03-29 20:30:00,Saturday,20,1,0,Sunny,29.4,5,4,5.78,7,3.05
2025-03-29 20:45:00,Saturday,20,1,0,Sunny,29.8,14,5,4.64,27,13.84
2025-03-29 21:00:00,Saturday,21,1,0,Rainy,27.4,8,4,6.03,9,10.12
2025-03-29 21:15:00,Saturday,21,1,0,Sunny,29.2,8,4,4.3,15,7.61
2025-03-29 21:30:00,Saturday,21,1,0,Sunny,28.5,3,3,4.47,5,6.04
2025-03-29 21:45:00,Saturday,21,1,0,Sunny,27.3,4,4,5.33,9,2.78
2025-03-30 08:00:00,Sunday,8,1,0,Sunny,28.7,2,5,6.56,1,0.94
2025-03-30 08:15:00,Sunday,8,1,0,Sunny,27.7,3,5,6.24,5,0.5
2025-03-30 08:30:00,Sunday,8,1,0,Sunny,28.2,2,5,5.51,4,2.06
2025-03-30 08:45:00,Sunday,8,1,0,Sunny,27.2,1,5,5.26,0,0.5
2025-03-30 09:00:00,Sunday,9,1,0,Sunny,25.5,2,6,4.89,8,0.5
2025-03-30 09:15:00,Sunday,9,1,0,Sunny,29.7,3,6,5.89,7,0.5
2025-03-30 09:30:00,Sunday,9,1,0,Sunny,29.5,5,6,4.66,13,0.5
2025-03-30 09:45:00,Sunday,9,1,0,Sunny,29.9,6,6,6.88,18,5.81
2025-03-30 10:00:00,Sunday,10,1,0,Sunny,27.3,5,6,5.17,12,0.5
2025-03-30 10:15:00,Sunday,10,1,0,Sunny,27.3,5,6,6.0,10,0.53
2025-03-30 10:30:00,Sunday,10,1,0,Sunny,25.1,3,6,5.21,7,0.5
2025-03-30 10:45:00,Sunday,10,1,0,Sunny,28.8,9,6,7.51,19,9.01
2025-03-30 11:00:00,Sunday,11,1,0,Sunny,29.0,14,7,6.0,23,9.7
2025-03-30 11:15:00,Sunday,11,1,0,Sunny,30.1,9,6,7.0,16,3.73
2025-03-30 11:30:00,Sunday,11,1,0,Sunny,25.5,12,7,5.25,22,7.31
2025-03-30 11:45:00,Sunday,11,1,0,Windy,28.1,11,7,5.07,22,7.53
2025-03-30 12:00:00,Sunday,12,1,0,Sunny,29.8,12,7,5.81,24,4.8
2025-03-30 12:15:00,Sunday,12,1,0,Sunny,30.4,17,7,5.36,36,14.87
2025-03-30 12:30:00,Sunday,12,1,0,Sunny,30.5,18,8,6.42,34,11.65
2025-03-30 12:45:00,Sunday,12,1,0,Sunny,30.6,10,7,4.75,19,2.84
2025-03-30 13:00:00,Sunday,13,1,0,Sunny,30.6,18,7,6.68,28,12.54
2025-03-30 13:15:00,Sunday,13,1,0,Sunny,29.6,9,7,5.39,20,0.5
2025-03-30 13:30:00,Sunday,13,1,0,Sunny,30.0,9,7,5.82,15,5.22
2025-03-30 13:45:00,Sunday,13,1,0,Sunny,25.1,15,6,7.08,30,15.61
2025-03-30 14:00:00,Sunday,14,1,0,Sunny,31.9,8,7,5.51,13,1.55
2025-03-30 14:15:00,Sunday,14,1,0,Windy,29.2,9,6,4.59,14,1.46
2025-03-30 14:30:00,Sunday,14,1,0,Rainy,28.5,5,7,3.16,5,0.5
2025-03-30 14:45:00,Sunday,14,1,0,Sunny,27.5,3,6,5.56,5,0.5
2025-03-30 15:00:00,Sunday,15,1,0,Sunny,31.5,7,6,5.67,14,1.77
2025-03-30 15:15:00,Sunday,15,1,0,Sunny,30.9,6,6,5.47,10,0.5
2025-03-30 15:30:00,Sunday,15,1,0,Sunny,30.0,10,7,5.65,19,5.63
2025-03-30 15:45:00,Sunday,15,1,0,Sunny,29.1,13,6,5.61,23,12.67
2025-03-30 16:00:00,Sunday,16,1,0,Sunny,30.1,12,6,6.49,23,10.27
2025-03-30 16:15:00,Sunday,16,1,0,Sunny,29.3,11,6,5.35,25,9.37
2025-03-30 16:30:00,Sunday,16,1,0,Sunny,30.1,6,7,6.04,8,0.5
2025-03-30 16:45:00,Sunday,16,1,0,Sunny,28.6,5,6,6.33,10,0.84
2025-03-30 17:00:00,Sunday,17,1,0,Sunny,29.8,8,6,6.46,19,10.86
2025-03-30 17:15:00,Sunday,17,1,0,Sunny,30.1,10,7,5.83,21,5.34
2025-03-30 17:30:00,Sunday,17,1,0,Sunny,31.3,14,6,6.72,28,17.27
2025-03-30 17:45:00,Sunday,17,1,0,Sunny,29.7,21,7,6.67,46,16.65
2025-03-30 18:00:00,Sunday,18,1,0,Sunny,29.7,17,6,6.64,36,17.17
2025-03-30 18:15:00,Sunday,18,1,0,Sunny,28.6,12,6,5.24,19,5.01
2025-03-30 18:30:00,Sunday,18,1,0,Sunny,29.0,14,6,6.52,25,13.49
2025-03-30 18:45:00,Sunday,18,1,0,Sunny,25.5,16,6,5.09,32,9.56
2025-03-30 19:00:00,Sunday,19,1,0,Sunny,29.2,16,6,6.78,30,16.44
2025-03-30 19:15:00,Sunday,19,1,0,Sunny,29.8,11,6,6.13,18,12.62
2025-03-30 19:30:00,Sunday,19,1,0,Sunny,27.0,12,7,5.06,29,5.26
2025-03-30 19:45:00,Sunday,19,1,0,Sunny,29.9,10,6,5.46,20,5.16
2025-03-30 20:00:00,Sunday,20,1,0,Sunny,27.8,16,6,6.37,29,13.38
2025-03-30 20:15:00,Sunday,20,1,0,Sunny,29.5,6,6,4.71,12,4.91
2025-03-30 20:30:00,Sunday,20,1,0,Sunny,29.3,9,5,6.03,20,5.66
2025-03-30 20:45:00,Sunday,20,1,0,Sunny,29.5,8,5,6.04,15,7.25
2025-03-30 21:00:00,Sunday,21,1,0,Sunny,30.1,7,6,6.21,19,3.74
2025-03-30 21:15:00,Sunday,21,1,0,Sunny,28.3,10,4,5.41,16,15.25
2025-03-30 21:30:00,Sunday,21,1,0,Sunny,29.1,4,5,5.93,8,2.46
2025-03-30 21:45:00,Sunday,21,1,0,Sunny,27.4,3,5,4.47,4,0.66
2025-03-31 08:00:00,Monday,8,0,0,Sunny,33.1,1,3,5.7,2,1.97
2025-03-31 08:15:00,Monday,8,0,0,Sunny,31.1,3,2,5.95,5,4.4
2025-03-31 08:30:00,Monday,8,0,0,Sunny,29.1,2,2,6.66,4,6.11
2025-03-31 08:45:00,Monday,8,0,0,Sunny,30.4,3,2,4.75,4,4.25
2025-03-31 09:00:00,Monday,9,0,0,Sunny,30.1,5,3,6.88,9,7.91
2025-03-31 09:15:00,Monday,9,0,0,Sunny,29.5,4,3,5.79,4,6.14
2025-03-31 09:30:00,Monday,9,0,0,Sunny,29.4,1,3,4.68,7,0.5
2025-03-31 09:45:00,Monday,9,0,0,Sunny,31.1,2,3,5.5,4,0.5
2025-03-31 10:00:00,Monday,10,0,0,Sunny,31.4,2,3,4.21,3,0.5
2025-03-31 10:15:00,Monday,10,0,0,Sunny,29.8,1,3,5.81,1,1.24
2025-03-31 10:30:00,Monday,10,0,0,Sunny,28.6,3,3,5.81,5,1.8
2025-03-31 10:45:00,Monday,10,0,0,Sunny,30.9,6,3,5.61,8,7.7
2025-03-31 11:00:00,Monday,11,0,0,Sunny,27.9,8,4,4.44,16,6.99
2025-03-31 11:15:00,Monday,11,0,0,Sunny,33.9,5,4,5.02,9,1.83
2025-03-31 11:30:00,Monday,11,0,0,Sunny,31.5,10,5,5.6,17,11.41
2025-03-31 11:45:00,Monday,11,0,0,Sunny,30.0,11,4,5.16,16,12.29
2025-03-31 12:00:00,Monday,12,0,0,Sunny,28.4,10,3,5.67,19,18.4
2025-03-31 12:15:00,Monday,12,0,0,Sunny,31.1,8,4,5.81,17,16.02
2025-03-31 12:30:00,Monday,12,0,0,Sunny,30.8,9,4,6.4,16,11.91
2025-03-31 12:45:00,Monday,12,0,0,Sunny,29.2,10,4,5.48,21,13.93
2025-03-31 13:00:00,Monday,13,0,0,Sunny,30.1,8,3,5.97,16,16.31
2025-03-31 13:15:00,Monday,13,0,0,Sunny,30.8,9,4,6.71,15,14.34
2025-03-31 13:30:00,Monday,13,0,0,Sunny,31.7,10,3,5.58,18,18.1
2025-03-31 13:45:00,Monday,13,0,0,Sunny,32.6,10,4,6.89,13,13.28
2025-03-31 14:00:00,Monday,14,0,0,Sunny,34.2,7,4,4.99,14,12.51
2025-03-31 14:15:00,Monday,14,0,0,Sunny,31.3,6,2,4.47,8,10.88
2025-03-31 14:30:00,Monday,14,0,0,Sunny,31.4,5,3,6.92,13,9.66
2025-03-31 14:45:00,Monday,14,0,0,Sunny,29.0,6,4,6.61,10,8.16
2025-03-31 15:00:00,Monday,15,0,0,Sunny,29.2,3,3,5.68,7,4.55
2025-03-31 15:15:00,Monday,15,0,0,Sunny,32.8,4,3,5.42,9,1.57
2025-03-31 15:30:00,Monday,15,0,0,Sunny,32.9,9,3,6.77,18,19.52
2025-03-31 15:45:00,Monday,15,0,0,Sunny,28.8,2,3,5.66,7,1.16
2025-03-31 16:00:00,Monday,16,0,0,Sunny,30.9,3,4,4.19,6,0.78
2025-03-31 16:15:00,Monday,16,0,0,Sunny,31.7,6,3,5.84,17,13.19
2025-03-31 16:30:00,Monday,16,0,0,Sunny,32.4,5,3,6.51,8,8.67
2025-03-31 16:45:00,Monday,16,0,0,Sunny,27.3,16,3,6.25,31,36.41
2025-03-31 17:00:00,Monday,17,0,0,Sunny,31.2,9,2,6.88,21,34.27
2025-03-31 17:15:00,Monday,17,0,0,Sunny,28.0,13,3,6.72,27,28.64
2025-03-31 17:30:00,Monday,17,0,0,Sunny,30.8,14,3,6.83,25,34.2
2025-03-31 17:45:00,Monday,17,0,0,Sunny,30.5,11,3,5.95,20,16.21
2025-03-31 18:00:00,Monday,18,0,0,Sunny,31.1,12,3,7.17,17,29.85
2025-03-31 18:15:00,Monday,18,0,0,Sunny,29.3,12,3,6.9,20,27.7
2025-03-31 18:30:00,Monday,18,0,0,Cloudy,28.4,10,3,5.21,21,18.36
2025-03-31 18:45:00,Monday,18,0,0,Sunny,29.7,20,3,6.96,42,51.58
2025-03-31 19:00:00,Monday,19,0,0,Sunny,28.3,16,3,6.36,27,37.65
2025-03-31 19:15:00,Monday,19,0,0,Sunny,31.0,12,3,5.97,20,24.52
2025-03-31 19:30:00,Monday,19,0,0,Sunny,28.3,3,3,5.18,4,5.72
2025-03-31 19:45:00,Monday,19,0,0,Sunny,28.6,5,3,5.72,14,4.34
2025-03-31 20:00:00,Monday,20,0,0,Sunny,31.5,12,3,5.19,23,19.58
2025-03-31 20:15:00,Monday,20,0,0,Sunny,29.8,7,2,6.12,17,22.55
2025-03-31 20:30:00,Monday,20,0,0,Sunny,31.3,7,2,7.57,17,29.0
2025-03-31 20:45:00,Monday,20,0,0,Sunny,31.1,9,2,6.51,18,27.7
2025-03-31 21:00:00,Monday,21,0,0,Stormy,28.1,2,1,5.98,4,15.66
2025-03-31 21:15:00,Monday,21,0,0,Sunny,28.0,6,3,6.1,14,6.26
2025-03-31 21:30:00,Monday,21,0,0,Sunny,28.4,1,2,3.58,0,0.5
2025-03-31 21:45:00,Monday,21,0,0,Sunny,29.2,1,2,5.56,1,0.83
2025-04-01 08:00:00,Tuesday,8,0,0,Sunny,32.1,0,3,6.52,0,0.5
2025-04-01 08:15:00,Tuesday,8,0,0,Sunny,30.3,3,2,4.97,5,5.56
2025-04-01 08:30:00,Tuesday,8,0,0,Sunny,28.7,2,3,5.53,5,0.5
2025-04-01 08:45:00,Tuesday,8,0,0,Sunny,30.0,5,3,5.62,12,8.84
2025-04-01 09:00:00,Tuesday,9,0,0,Sunny,29.4,1,4,4.64,2,0.5
2025-04-01 09:15:00,Tuesday,9,0,0,Sunny,30.0,4,5,6.33,10,0.5
2025-04-01 09:30:00,Tuesday,9,0,0,Sunny,30.9,4,5,5.33,8,0.5
2025-04-01 09:45:00,Tuesday,9,0,0,Sunny,32.3,3,4,5.35,5,1.58
2025-04-01 10:00:00,Tuesday,10,0,0,Windy,32.0,1,4,6.72,7,5.91
2025-04-01 10:15:00,Tuesday,10,0,0,Sunny,32.5,1,5,4.58,1,0.5
2025-04-01 10:30:00,Tuesday,10,0,0,Sunny,30.8,3,4,5.67,7,3.83
2025-04-01 10:45:00,Tuesday,10,0,0,Sunny,28.6,7,5,4.57,9,0.5
2025-04-01 11:00:00,Tuesday,11,0,0,Sunny,28.7,11,5,4.79,25,7.21
2025-04-01 11:15:00,Tuesday,11,0,0,Sunny,32.1,10,5,6.1,22,7.57
2025-04-01 11:30:00,Tuesday,11,0,0,Sunny,30.9,7,5,5.49,13,6.26
2025-04-01 11:45:00,Tuesday,11,0,0,Sunny,29.9,12,4,6.33,27,14.27
2025-04-01 12:00:00,Tuesday,12,0,0,Sunny,31.9,10,5,4.2,24,7.7
2025-04-01 12:15:00,Tuesday,12,0,0,Sunny,31.0,9,5,5.99,18,3.44
2025-04-01 12:30:00,Tuesday,12,0,0,Sunny,28.6,6,4,4.94,13,4.88
2025-04-01 12:45:00,Tuesday,12,0,0,Sunny,28.1,10,5,5.14,19,10.06
2025-04-01 13:00:00,Tuesday,13,0,0,Sunny,28.9,10,5,5.65,22,7.98
2025-04-01 13:15:00,Tuesday,13,0,0,Sunny,30.9,10,5,5.74,19,11.76
2025-04-01 13:30:00,Tuesday,13,0,0,Sunny,31.9,13,5,5.32,29,12.07
2025-04-01 13:45:00,Tuesday,13,0,0,Sunny,33.3,6,5,5.73,10,0.5
2025-04-01 14:00:00,Tuesday,14,0,0,Sunny,28.6,4,5,5.82,8,0.5
2025-04-01 14:15:00,Tuesday,14,0,0,Sunny,31.6,5,4,3.88,8,1.88
2025-04-01 14:30:00,Tuesday,14,0,0,Sunny,29.8,5,3,4.96,11,9.2
2025-04-01 14:45:00,Tuesday,14,0,0,Sunny,31.6,7,4,5.21,12,5.74
2025-04-01 15:00:00,Tuesday,15,0,0,Sunny,33.6,7,5,5.89,17,6.64
2025-04-01 15:15:00,Tuesday,15,0,0,Sunny,31.8,3,5,6.22,9,2.14
2025-04-01 15:30:00,Tuesday,15,0,0,Sunny,31.9,6,4,4.67,12,7.85
2025-04-01 15:45:00,Tuesday,15,0,0,Sunny,30.4,9,4,4.35,16,8.42
2025-04-01 16:00:00,Tuesday,16,0,0,Sunny,32.2,4,4,5.28,13,2.78
2025-04-01 16:15:00,Tuesday,16,0,0,Sunny,28.0,8,4,6.08,20,9.0
2025-04-01 16:30:00,Tuesday,16,0,0,Sunny,30.1,13,4,6.73,24,23.04
2025-04-01 16:45:00,Tuesday,16,0,0,Sunny,28.1,6,4,5.4,11,1.98
2025-04-01 17:00:00,Tuesday,17,0,0,Sunny,31.7,7,4,5.5,14,10.41
2025-04-01 17:15:00,Tuesday,17,0,0,Sunny,29.1,9,4,4.2,16,6.5
2025-04-01 17:30:00,Tuesday,17,0,0,Sunny,32.1,6,4,5.36,8,5.72
2025-04-01 17:45:00,Tuesday,17,0,0,Sunny,31.5,14,4,5.9,24,18.4
2025-04-01 18:00:00,Tuesday,18,0,0,Sunny,31.6,14,4,5.27,28,20.64
2025-04-01 18:15:00,Tuesday,18,0,0,Sunny,29.8,13,5,5.42,28,12.63
2025-04-01 18:30:00,Tuesday,18,0,0,Sunny,29.2,14,4,4.67,25,11.71
2025-04-01 18:45:00,Tuesday,18,0,0,Sunny,32.4,16,4,4.75,30,15.3
2025-04-01 19:00:00,Tuesday,19,0,0,Sunny,31.4,6,4,5.09,12,3.52
2025-04-01 19:15:00,Tuesday,19,0,0,Sunny,30.0,10,5,5.25,17,3.95
2025-04-01 19:30:00,Tuesday,19,0,0,Sunny,28.1,10,3,6.76,19,25.08
2025-04-01 19:45:00,Tuesday,19,0,0,Sunny,32.9,9,3,6.05,16,11.04
2025-04-01 20:00:00,Tuesday,20,0,0,Sunny,32.0,13,4,3.39,24,14.04
2025-04-01 20:15:00,Tuesday,20,0,0,Sunny,29.7,8,4,6.28,17,9.24
2025-04-01 20:30:00,Tuesday,20,0,0,Sunny,31.6,9,3,5.2,18,12.52
2025-04-01 20:45:00,Tuesday,20,0,0,Sunny,31.0,6,3,6.9,14,8.88
2025-04-01 21:00:00,Tuesday,21,0,0,Sunny,27.9,7,4,7.28,13,11.89
2025-04-01 21:15:00,Tuesday,21,0,0,Sunny,30.8,7,2,5.75,12,16.04
2025-04-01 21:30:00,Tuesday,21,0,0,Sunny,30.3,5,3,5.64,12,6.3
2025-04-01 21:45:00,Tuesday,21,0,0,Sunny,29.3,5,3,5.61,8,10.46
2025-04-02 08:00:00,Wednesday,8,0,0,Cloudy,24.2,3,3,3.63,8,1.11
2025-04-02 08:15:00,Wednesday,8,0,0,Cloudy,22.8,2,4,6.65,4,3.16
2025-04-02 08:30:00,Wednesday,8,0,0,Cloudy,24.9,3,4,4.94,6,6.0
2025-04-02 08:45:00,Wednesday,8,0,0,Cloudy,26.2,2,4,4.82,2,3.94
2025-04-02 09:00:00,Wednesday,9,0,0,Cloudy,25.4,4,5,6.44,6,3.88
2025-04-02 09:15:00,Wednesday,9,0,0,Cloudy,24.3,1,5,4.96,0,0.5
2025-04-02 09:30:00,Wednesday,9,0,0,Cloudy,25.4,3,5,5.57,6,0.5
2025-04-02 09:45:00,Wednesday,9,0,0,Cloudy,27.7,2,5,4.87,3,0.5
2025-04-02 10:00:00,Wednesday,10,0,0,Cloudy,24.1,6,5,6.28,9,2.07
2025-04-02 10:15:00,Wednesday,10,0,0,Cloudy,25.8,5,5,3.85,3,1.85
2025-04-02 10:30:00,Wednesday,10,0,0,Cloudy,23.3,6,5,6.28,9,1.68
2025-04-02 10:45:00,Wednesday,10,0,0,Cloudy,24.0,3,5,4.69,4,0.72
2025-04-02 11:00:00,Wednesday,11,0,0,Cloudy,24.6,5,6,5.06,7,0.5
2025-04-02 11:15:00,Wednesday,11,0,0,Cloudy,25.8,4,6,6.62,6,0.98
2025-04-02 11:30:00,Wednesday,11,0,0,Cloudy,23.4,6,7,4.85,13,0.5
2025-04-02 11:45:00,Wednesday,11,0,0,Cloudy,24.6,12,6,4.58,25,6.96
2025-04-02 12:00:00,Wednesday,12,0,0,Cloudy,23.6,13,6,5.84,29,11.32
2025-04-02 12:15:00,Wednesday,12,0,0,Cloudy,24.6,13,6,4.66,26,5.88
2025-04-02 12:30:00,Wednesday,12,0,0,Cloudy,23.0,7,6,6.55,11,0.5
2025-04-02 12:45:00,Wednesday,12,0,0,Cloudy,25.6,10,6,4.99,18,4.85
2025-04-02 13:00:00,Wednesday,13,0,0,Cloudy,25.5,9,5,4.91,16,5.18
2025-04-02 13:15:00,Wednesday,13,0,0,Sunny,24.8,2,6,5.44,3,0.5
2025-04-02 13:30:00,Wednesday,13,0,0,Cloudy,22.3,6,6,6.68,11,0.5
2025-04-02 13:45:00,Wednesday,13,0,0,Cloudy,26.8,6,6,7.23,10,4.09
2025-04-02 14:00:00,Wednesday,14,0,0,Cloudy,24.8,7,6,6.1,16,4.36
2025-04-02 14:15:00,Wednesday,14,0,0,Cloudy,24.4,3,5,5.4,4,0.5
2025-04-02 14:30:00,Wednesday,14,0,0,Cloudy,26.3,3,5,3.53,6,0.5
2025-04-02 14:45:00,Wednesday,14,0,0,Cloudy,27.2,6,5,6.05,11,2.96
2025-04-02 15:00:00,Wednesday,15,0,0,Cloudy,25.6,7,4,5.57,10,9.73
2025-04-02 15:15:00,Wednesday,15,0,0,Sunny,28.0,9,4,5.74,17,6.7
2025-04-02 15:30:00,Wednesday,15,0,0,Cloudy,25.3,7,4,5.31,13,9.44
2025-04-02 15:45:00,Wednesday,15,0,0,Cloudy,27.2,6,4,5.45,5,0.66
2025-04-02 16:00:00,Wednesday,16,0,0,Cloudy,25.7,5,5,5.44,6,0.5
2025-04-02 16:15:00,Wednesday,16,0,0,Cloudy,25.3,7,5,5.2,9,0.96
2025-04-02 16:30:00,Wednesday,16,0,0,Cloudy,27.7,2,5,3.5,3,0.5
2025-04-02 16:45:00,Wednesday,16,0,0,Cloudy,24.7,6,5,6.91,14,0.5
2025-04-02 17:00:00,Wednesday,17,0,0,Cloudy,24.8,11,5,5.17,18,9.11
2025-04-02 17:15:00,Wednesday,17,0,0,Sunny,25.7,10,5,5.0,20,7.22
2025-04-02 17:30:00,Wednesday,17,0,0,Cloudy,23.6,10,5,6.49,16,12.32
2025-04-02 17:45:00,Wednesday,17,0,0,Cloudy,25.6,16,5,6.26,31,16.84
2025-04-02 18:00:00,Wednesday,18,0,0,Cloudy,24.7,15,5,4.9,29,14.18
2025-04-02 18:15:00,Wednesday,18,0,0,Cloudy,25.2,18,5,6.74,30,22.69
2025-04-02 18:30:00,Wednesday,18,0,0,Cloudy,22.1,13,5,5.47,28,13.03
2025-04-02 18:45:00,Wednesday,18,0,0,Cloudy,25.3,13,5,6.37,28,14.11
2025-04-02 19:00:00,Wednesday,19,0,0,Cloudy,23.4,8,4,6.32,17,5.9
2025-04-02 19:15:00,Wednesday,19,0,0,Cloudy,24.7,9,5,4.09,17,3.65
2025-04-02 19:30:00,Wednesday,19,0,0,Rainy,24.9,8,5,5.27,17,4.71
2025-04-02 19:45:00,Wednesday,19,0,0,Cloudy,24.0,5,5,7.59,7,0.5
2025-04-02 20:00:00,Wednesday,20,0,0,Cloudy,25.6,13,5,6.2,21,14.85
2025-04-02 20:15:00,Wednesday,20,0,0,Cloudy,24.1,7,4,5.52,12,5.33
2025-04-02 20:30:00,Wednesday,20,0,0,Cloudy,26.9,6,4,4.3,13,4.23
2025-04-02 20:45:00,Wednesday,20,0,0,Cloudy,24.8,8,4,5.28,18,9.04
2025-04-02 21:00:00,Wednesday,21,0,0,Cloudy,27.3,12,4,6.07,20,13.7
2025-04-02 21:15:00,Wednesday,21,0,0,Cloudy,25.2,6,4,5.7,12,1.4
2025-04-02 21:30:00,Wednesday,21,0,0,Cloudy,22.9,4,4,3.82,8,0.5
2025-04-02 21:45:00,Wednesday,21,0,0,Cloudy,25.8,1,4,5.21,0,0.5
2025-04-03 08:00:00,Thursday,8,0,0,Cloudy,20.3,0,2,5.55,3,0.5
2025-04-03 08:15:00,Thursday,8,0,0,Cloudy,19.5,2,3,5.13,5,0.5
2025-04-03 08:30:00,Thursday,8,0,0,Cloudy,20.7,2,3,4.6,1,2.34
2025-04-03 08:45:00,Thursday,8,0,0,Cloudy,20.6,2,3,5.39,3,0.5
2025-04-03 09:00:00,Thursday,9,0,0,Cloudy,20.4,0,4,6.05,0,0.5
2025-04-03 09:15:00,Thursday,9,0,0,Cloudy,19.5,1,3,5.76,2,0.5
2025-04-03 09:30:00,Thursday,9,0,0,Cloudy,22.4,2,4,5.25,4,0.5
2025-04-03 09:45:00,Thursday,9,0,0,Cloudy,19.9,2,4,7.53,5,0.5
2025-04-03 10:00:00,Thursday,10,0,0,Cloudy,20.1,5,5,5.62,5,0.5
2025-04-03 10:15:00,Thursday,10,0,0,Cloudy,24.2,2,4,5.41,0,0.5
2025-04-03 10:30:00,Thursday,10,0,0,Cloudy,21.7,4,5,6.33,7,3.48
2025-04-03 10:45:00,Thursday,10,0,0,Cloudy,25.1,7,4,4.54,15,7.62
2025-04-03 11:00:00,Thursday,11,0,0,Cloudy,21.3,5,5,5.98,9,1.23
2025-04-03 11:15:00,Thursday,11,0,0,Cloudy,21.4,15,5,5.83,28,16.78
2025-04-03 11:30:00,Thursday,11,0,0,Cloudy,19.7,8,5,6.6,14,7.51
2025-04-03 11:45:00,Thursday,11,0,0,Cloudy,19.3,4,5,4.74,7,3.29
2025-04-03 12:00:00,Thursday,12,0,0,Cloudy,20.4,16,5,6.67,28,20.37
2025-04-03 12:15:00,Thursday,12,0,0,Cloudy,21.0,6,5,4.49,13,2.01
2025-04-03 12:30:00,Thursday,12,0,0,Cloudy,21.4,13,5,4.8,21,8.72
2025-04-03 12:45:00,Thursday,12,0,0,Cloudy,19.8,5,5,4.35,7,3.04
2025-04-03 13:00:00,Thursday,13,0,0,Cloudy,22.5,17,5,6.22,34,19.33
2025-04-03 13:15:00,Thursday,13,0,0,Cloudy,20.7,11,5,6.06,19,9.48
2025-04-03 13:30:00,Thursday,13,0,0,Cloudy,21.2,7,5,4.91,13,4.64
2025-04-03 13:45:00,Thursday,13,0,0,Cloudy,21.7,6,5,6.28,14,4.4
2025-04-03 14:00:00,Thursday,14,0,0,Cloudy,19.8,7,5,4.68,14,0.5
2025-04-03 14:15:00,Thursday,14,0,0,Cloudy,19.4,5,4,5.29,9,4.88
2025-04-03 14:30:00,Thursday,14,0,0,Cloudy,18.8,6,4,7.19,13,6.84
2025-04-03 14:45:00,Thursday,14,0,0,Cloudy,23.2,6,4,4.05,14,6.32
2025-04-03 15:00:00,Thursday,15,0,0,Cloudy,22.9,5,4,5.82,11,6.19
2025-04-03 15:15:00,Thursday,15,0,0,Cloudy,21.3,5,4,4.08,8,3.31
2025-04-03 15:30:00,Thursday,15,0,0,Cloudy,21.2,2,4,5.52,1,0.5
2025-04-03 15:45:00,Thursday,15,0,0,Cloudy,21.8,3,4,5.87,7,4.4
2025-04-03 16:00:00,Thursday,16,0,0,Cloudy,21.7,3,4,5.16,8,0.5
2025-04-03 16:15:00,Thursday,16,0,0,Cloudy,19.4,6,4,4.83,14,3.87
2025-04-03 16:30:00,Thursday,16,0,0,Cloudy,21.9,7,4,5.52,11,8.92
2025-04-03 16:45:00,Thursday,16,0,0,Cloudy,23.3,7,4,4.82,14,7.21
2025-04-03 17:00:00,Thursday,17,0,0,Cloudy,23.6,6,4,4.77,12,3.51
2025-04-03 17:15:00,Thursday,17,0,0,Cloudy,21.9,11,5,5.5,26,10.7
2025-04-03 17:30:00,Thursday,17,0,0,Cloudy,18.6,15,3,6.46,29,32.17
2025-04-03 17:45:00,Thursday,17,0,0,Cloudy,21.7,19,3,7.07,41,44.55
2025-04-03 18:00:00,Thursday,18,0,0,Cloudy,21.9,12,4,5.1,20,19.71
2025-04-03 18:15:00,Thursday,18,0,0,Cloudy,23.0,8,5,6.2,15,4.14
2025-04-03 18:30:00,Thursday,18,0,0,Cloudy,18.8,10,4,6.29,17,10.73
2025-04-03 18:45:00,Thursday,18,0,0,Cloudy,19.8,13,4,6.37,29,18.8
2025-04-03 19:00:00,Thursday,19,0,0,Cloudy,22.9,12,4,6.95,18,21.04
2025-04-03 19:15:00,Thursday,19,0,0,Cloudy,20.6,10,4,5.88,23,14.46
2025-04-03 19:30:00,Thursday,19,0,0,Cloudy,20.9,9,4,5.7,20,7.77
2025-04-03 19:45:00,Thursday,19,0,0,Cloudy,21.0,5,4,5.33,10,3.63
2025-04-03 20:00:00,Thursday,20,0,0,Cloudy,19.7,4,4,6.41,8,0.5
2025-04-03 20:15:00,Thursday,20,0,0,Cloudy,22.1,10,3,5.74,21,21.29
2025-04-03 20:30:00,Thursday,20,0,0,Sunny,20.4,11,3,5.72,26,21.66
2025-04-03 20:45:00,Thursday,20,0,0,Sunny,19.4,5,3,5.88,8,3.72
2025-04-03 21:00:00,Thursday,21,0,0,Cloudy,20.9,8,3,5.5,16,11.9
2025-04-03 21:15:00,Thursday,21,0,0,Cloudy,18.8,7,3,5.81,12,13.81
2025-04-03 21:30:00,Thursday,21,0,0,Cloudy,21.2,4,3,7.57,6,8.56
2025-04-03 21:45:00,Thursday,21,0,0,Cloudy,20.8,5,3,6.05,9,8.08
2025-04-04 08:00:00,Friday,8,0,0,Rainy,27.1,4,1,6.76,8,29.02
2025-04-04 08:15:00,Friday,8,0,0,Cloudy,27.6,2,2,6.7,1,2.64
2025-04-04 08:30:00,Friday,8,0,0,Cloudy,24.8,0,2,5.92,0,0.5
2025-04-04 08:45:00,Friday,8,0,0,Cloudy,28.0,1,2,4.67,5,1.5
2025-04-04 09:00:00,Friday,9,0,0,Cloudy,24.8,3,4,5.42,7,8.09
2025-04-04 09:15:00,Friday,9,0,0,Cloudy,28.5,2,2,5.66,7,5.56
2025-04-04 09:30:00,Friday,9,0,0,Cloudy,25.4,0,4,6.34,2,0.5
2025-04-04 09:45:00,Friday,9,0,0,Rainy,25.4,2,3,4.92,5,0.5
2025-04-04 10:00:00,Friday,10,0,0,Cloudy,24.7,4,3,6.01,5,7.17
2025-04-04 10:15:00,Friday,10,0,0,Cloudy,26.6,3,3,3.85,7,4.65
2025-04-04 10:30:00,Friday,10,0,0,Cloudy,22.1,8,3,5.09,19,14.29
2025-04-04 10:45:00,Friday,10,0,0,Cloudy,26.2,7,2,5.99,12,14.94
2025-04-04 11:00:00,Friday,11,0,0,Cloudy,26.5,13,4,5.51,26,15.85
2025-04-04 11:15:00,Friday,11,0,0,Cloudy,25.9,5,4,6.18,13,8.12
2025-04-04 11:30:00,Friday,11,0,0,Cloudy,23.5,8,4,5.83,15,11.17
2025-04-04 11:45:00,Friday,11,0,0,Cloudy,24.0,8,4,6.12,18,8.12
2025-04-04 12:00:00,Friday,12,0,0,Cloudy,25.3,8,4,5.62,18,11.28
2025-04-04 12:15:00,Friday,12,0,0,Cloudy,24.0,12,4,5.51,19,12.92
2025-04-04 12:30:00,Friday,12,0,0,Cloudy,26.6,15,4,6.97,21,25.09
2025-04-04 12:45:00,Friday,12,0,0,Cloudy,26.7,10,5,5.35,25,12.4
2025-04-04 13:00:00,Friday,13,0,0,Cloudy,24.6,10,4,6.16,17,9.83
2025-04-04 13:15:00,Friday,13,0,0,Cloudy,25.6,7,4,6.51,17,6.5
2025-04-04 13:30:00,Friday,13,0,0,Cloudy,25.6,8,4,5.62,16,6.76
2025-04-04 13:45:00,Friday,13,0,0,Cloudy,27.7,6,4,4.24,14,2.65
2025-04-04 14:00:00,Friday,14,0,0,Cloudy,24.2,4,4,5.93,5,1.56
2025-04-04 14:15:00,Friday,14,0,0,Windy,27.5,7,3,4.67,15,7.83
2025-04-04 14:30:00,Friday,14,0,0,Cloudy,27.7,6,3,4.14,13,6.42
2025-04-04 14:45:00,Friday,14,0,0,Cloudy,27.2,2,3,4.63,6,0.5
2025-04-04 15:00:00,Friday,15,0,0,Cloudy,27.7,5,3,6.04,12,8.46
2025-04-04 15:15:00,Friday,15,0,0,Cloudy,27.8,4,3,4.98,7,5.47
2025-04-04 15:30:00,Friday,15,0,0,Sunny,26.0,5,3,5.04,8,11.12
2025-04-04 15:45:00,Friday,15,0,0,Cloudy,28.3,1,3,4.07,3,0.5
2025-04-04 16:00:00,Friday,16,0,0,Cloudy,25.4,6,3,5.63,11,2.0
2025-04-04 16:15:00,Friday,16,0,0,Cloudy,24.8,4,4,5.21,7,2.92
2025-04-04 16:30:00,Friday,16,0,0,Cloudy,26.9,2,2,6.23,7,7.11
2025-04-04 16:45:00,Friday,16,0,0,Cloudy,27.2,8,3,5.11,16,16.01
2025-04-04 17:00:00,Friday,17,0,0,Cloudy,24.4,9,3,6.59,21,17.63
2025-04-04 17:15:00,Friday,17,0,0,Cloudy,26.5,9,4,4.98,13,7.88
2025-04-04 17:30:00,Friday,17,0,0,Sunny,24.9,11,2,7.28,18,39.54
2025-04-04 17:45:00,Friday,17,0,0,Cloudy,27.1,8,3,5.63,12,11.0
2025-04-04 18:00:00,Friday,18,0,0,Cloudy,27.4,7,3,3.92,11,12.14
2025-04-04 18:15:00,Friday,18,0,0,Stormy,24.7,7,3,6.63,11,15.65
2025-04-04 18:30:00,Friday,18,0,0,Sunny,27.3,6,3,6.1,10,12.92
2025-04-04 18:45:00,Friday,18,0,0,Cloudy,26.4,11,3,5.65,22,21.48
2025-04-04 19:00:00,Friday,19,0,0,Cloudy,25.5,11,4,5.79,17,10.66
2025-04-04 19:15:00,Friday,19,0,0,Cloudy,26.1,13,3,4.76,20,19.83
2025-04-04 19:30:00,Friday,19,0,0,Cloudy,25.6,10,3,6.55,23,16.84
2025-04-04 19:45:00,Friday,19,0,0,Cloudy,26.9,3,3,6.19,6,6.7
2025-04-04 20:00:00,Friday,20,0,0,Sunny,26.2,4,3,4.78,5,3.91
2025-04-04 20:15:00,Friday,20,0,0,Cloudy,27.4,8,2,8.14,14,39.48
2025-04-04 20:30:00,Friday,20,0,0,Cloudy,25.3,4,2,4.5,12,14.19
2025-04-04 20:45:00,Friday,20,0,0,Cloudy,23.5,4,2,5.82,8,15.22
2025-04-04 21:00:00,Friday,21,0,0,Cloudy,26.1,3,2,6.0,2,6.87
2025-04-04 21:15:00,Friday,21,0,0,Cloudy,27.2,2,2,6.29,7,1.03
2025-04-04 21:30:00,Friday,21,0,0,Sunny,25.9,6,3,4.51,10,6.52
2025-04-04 21:45:00,Friday,21,0,0,Cloudy,25.2,5,2,5.98,10,19.94
2025-04-05 08:00:00,Saturday,8,1,0,Rainy,17.2,1,4,6.16,3,1.92
2025-04-05 08:15:00,Saturday,8,1,0,Rainy,14.4,0,5,4.46,1,0.5
2025-04-05 08:30:00,Saturday,8,1,0,Rainy,17.5,5,5,6.26,8,0.51
2025-04-05 08:45:00,Saturday,8,1,0,Rainy,15.8,1,5,4.3,0,0.5
2025-04-05 09:00:00,Saturday,9,1,0,Cloudy,15.4,6,6,6.47,12,0.5
2025-04-05 09:15:00,Saturday,9,1,0,Rainy,17.6,7,6,4.82,11,6.09
2025-04-05 09:30:00,Saturday,9,1,0,Rainy,15.8,2,6,4.29,2,0.5
2025-04-05 09:45:00,Saturday,9,1,0,Rainy,15.6,1,6,5.2,0,0.5
2025-04-05 10:00:00,Saturday,10,1,0,Rainy,17.5,2,5,4.75,4,3.46
2025-04-05 10:15:00,Saturday,10,1,0,Rainy,15.5,4,7,5.96,8,1.69
2025-04-05 10:30:00,Saturday,10,1,0,Rainy,14.2,4,6,5.82,8,0.5
2025-04-05 10:45:00,Saturday,10,1,0,Rainy,15.0,3,7,4.37,5,1.76
2025-04-05 11:00:00,Saturday,11,1,0,Rainy,15.4,7,7,6.72,16,2.63
2025-04-05 11:15:00,Saturday,11,1,0,Rainy,16.9,7,7,5.71,13,1.08
2025-04-05 11:30:00,Saturday,11,1,0,Rainy,17.5,7,7,5.23,11,7.29
2025-04-05 11:45:00,Saturday,11,1,0,Rainy,17.1,11,7,5.06,18,8.08
2025-04-05 12:00:00,Saturday,12,1,0,Rainy,19.0,9,8,5.97,18,7.57
2025-04-05 12:15:00,Saturday,12,1,0,Rainy,17.2,10,7,5.24,17,4.76
2025-04-05 12:30:00,Saturday,12,1,0,Rainy,17.9,13,7,6.21,23,10.95
2025-04-05 12:45:00,Saturday,12,1,0,Rainy,14.4,5,7,4.78,9,0.5
2025-04-05 13:00:00,Saturday,13,1,0,Rainy,17.0,12,7,6.35,20,6.0
2025-04-05 13:15:00,Saturday,13,1,0,Cloudy,21.4,10,6,5.58,22,4.51
2025-04-05 13:30:00,Saturday,13,1,0,Rainy,17.0,7,7,6.24,15,2.15
2025-04-05 13:45:00,Saturday,13,1,0,Rainy,17.7,7,7,7.25,17,3.26
2025-04-05 14:00:00,Saturday,14,1,0,Sunny,15.7,9,7,5.99,17,2.41
2025-04-05 14:15:00,Saturday,14,1,0,Rainy,17.2,8,6,7.96,19,11.41
2025-04-05 14:30:00,Saturday,14,1,0,Rainy,19.6,4,6,5.76,10,0.5
2025-04-05 14:45:00,Saturday,14,1,0,Rainy,15.4,4,7,5.68,4,0.5
2025-04-05 15:00:00,Saturday,15,1,0,Rainy,17.7,5,5,5.98,8,5.67
2025-04-05 15:15:00,Saturday,15,1,0,Rainy,15.7,4,6,6.08,6,4.47
2025-04-05 15:30:00,Saturday,15,1,0,Rainy,16.5,2,6,5.87,2,0.98
2025-04-05 15:45:00,Saturday,15,1,0,Rainy,15.6,9,7,4.36,15,3.84
2025-04-05 16:00:00,Saturday,16,1,0,Rainy,14.5,10,6,5.3,19,6.79
2025-04-05 16:15:00,Saturday,16,1,0,Cloudy,17.7,10,6,4.87,20,9.13
2025-04-05 16:30:00,Saturday,16,1,0,Rainy,17.6,7,6,5.16,14,0.75
2025-04-05 16:45:00,Saturday,16,1,0,Rainy,18.4,10,6,5.8,17,6.52
2025-04-05 17:00:00,Saturday,17,1,0,Sunny,14.7,12,7,6.17,21,6.32
2025-04-05 17:15:00,Saturday,17,1,0,Rainy,18.3,10,6,6.13,21,8.34
2025-04-05 17:30:00,Saturday,17,1,0,Rainy,16.4,13,6,5.13,24,15.52
2025-04-05 17:45:00,Saturday,17,1,0,Rainy,16.8,12,6,7.54,20,9.87
2025-04-05 18:00:00,Saturday,18,1,0,Rainy,15.1,9,6,5.83,13,10.67
2025-04-05 18:15:00,Saturday,18,1,0,Rainy,18.4,11,7,4.92,14,1.18
2025-04-05 18:30:00,Saturday,18,1,0,Rainy,15.7,12,6,4.31,20,11.09
2025-04-05 18:45:00,Saturday,18,1,0,Rainy,16.2,6,6,6.36,10,2.61
2025-04-05 19:00:00,Saturday,19,1,0,Rainy,16.2,11,6,5.42,22,10.5
2025-04-05 19:15:00,Saturday,19,1,0,Rainy,15.9,15,6,5.06,28,13.82
2025-04-05 19:30:00,Saturday,19,1,0,Rainy,17.4,15,6,6.01,33,15.42
2025-04-05 19:45:00,Saturday,19,1,0,Cloudy,17.4,10,6,4.61,17,6.12
2025-04-05 20:00:00,Saturday,20,1,0,Rainy,16.8,8,6,4.37,10,6.68
2025-04-05 20:15:00,Saturday,20,1,0,Rainy,17.1,2,5,6.55,2,0.5
2025-04-05 20:30:00,Saturday,20,1,0,Rainy,17.3,8,5,4.48,12,7.94
2025-04-05 20:45:00,Saturday,20,1,0,Rainy,20.1,4,6,4.75,12,0.5
2025-04-05 21:00:00,Saturday,21,1,0,Rainy,18.3,4,5,4.77,9,5.37
2025-04-05 21:15:00,Saturday,21,1,0,Rainy,16.5,3,5,5.26,7,0.91
2025-04-05 21:30:00,Saturday,21,1,0,Rainy,17.5,7,5,5.92,12,8.74
2025-04-05 21:45:00,Saturday,21,1,0,Rainy,15.1,3,5,7.4,3,4.26
2025-04-06 08:00:00,Sunday,8,1,0,Sunny,27.0,2,5,6.52,5,0.5
2025-04-06 08:15:00,Sunday,8,1,0,Sunny,29.5,0,5,4.82,2,0.5
2025-04-06 08:30:00,Sunday,8,1,0,Sunny,27.4,3,5,5.68,3,0.5
2025-04-06 08:45:00,Sunday,8,1,0,Sunny,27.8,3,5,4.92,4,0.5
2025-04-06 09:00:00,Sunday,9,1,0,Sunny,29.3,4,7,5.26,8,0.5
2025-04-06 09:15:00,Sunday,9,1,0,Sunny,28.9,4,6,6.19,10,0.5
2025-04-06 09:30:00,Sunday,9,1,0,Sunny,28.8,5,6,6.63,10,0.5
2025-04-06 09:45:00,Sunday,9,1,0,Sunny,29.7,3,6,5.35,4,0.5
2025-04-06 10:00:00,Sunday,10,1,0,Sunny,29.3,4,6,5.44,7,0.5
2025-04-06 10:15:00,Sunday,10,1,0,Sunny,30.0,5,6,6.39,7,0.5
2025-04-06 10:30:00,Sunday,10,1,0,Sunny,30.8,4,6,4.43,9,0.5
2025-04-06 10:45:00,Sunday,10,1,0,Sunny,30.5,4,6,6.91,11,4.82
2025-04-06 11:00:00,Sunday,11,1,0,Sunny,30.3,7,7,6.15,15,0.65
2025-04-06 11:15:00,Sunday,11,1,0,Sunny,26.6,11,7,4.26,18,5.15
2025-04-06 11:30:00,Sunday,11,1,0,Sunny,29.8,5,6,5.97,11,0.5
2025-04-06 11:45:00,Sunday,11,1,0,Sunny,28.8,10,7,5.93,21,1.56
2025-04-06 12:00:00,Sunday,12,1,0,Sunny,29.7,12,8,6.31,21,0.74
2025-04-06 12:15:00,Sunday,12,1,0,Sunny,29.9,13,7,5.79,25,3.35
2025-04-06 12:30:00,Sunday,12,1,0,Sunny,30.9,20,7,4.77,38,14.14
2025-04-06 12:45:00,Sunday,12,1,0,Sunny,29.7,14,7,6.03,30,3.46
2025-04-06 13:00:00,Sunday,13,1,0,Sunny,29.7,11,7,6.4,20,12.87
2025-04-06 13:15:00,Sunday,13,1,0,Sunny,29.6,19,7,6.97,35,15.38
2025-04-06 13:30:00,Sunday,13,1,0,Sunny,29.4,12,7,4.66,20,7.43
2025-04-06 13:45:00,Sunday,13,1,0,Sunny,31.3,13,7,4.17,29,0.81
2025-04-06 14:00:00,Sunday,14,1,0,Sunny,29.2,7,7,5.04,14,0.68
2025-04-06 14:15:00,Sunday,14,1,0,Sunny,32.4,16,6,6.08,31,13.58
2025-04-06 14:30:00,Sunday,14,1,0,Sunny,26.3,5,6,6.92,9,3.84
2025-04-06 14:45:00,Sunday,14,1,0,Sunny,26.8,11,7,4.98,22,0.5
2025-04-06 15:00:00,Sunday,15,1,0,Sunny,30.8,3,6,5.37,6,0.5
2025-04-06 15:15:00,Sunday,15,1,0,Sunny,30.2,7,6,5.76,9,1.46
2025-04-06 15:30:00,Sunday,15,1,0,Sunny,33.2,5,6,5.59,10,1.73
2025-04-06 15:45:00,Sunday,15,1,0,Sunny,30.9,8,6,5.86,10,6.2
2025-04-06 16:00:00,Sunday,16,1,0,Sunny,29.7,7,6,5.97,14,1.09
2025-04-06 16:15:00,Sunday,16,1,0,Sunny,30.4,7,6,6.56,18,4.94
2025-04-06 16:30:00,Sunday,16,1,0,Sunny,29.6,12,5,6.61,23,16.2
2025-04-06 16:45:00,Sunday,16,1,0,Sunny,30.2,12,6,5.89,21,10.09
2025-04-06 17:00:00,Sunday,17,1,0,Sunny,30.1,13,6,5.37,19,11.21
2025-04-06 17:15:00,Sunday,17,1,0,Sunny,31.4,16,6,6.52,31,13.69
2025-04-06 17:30:00,Sunday,17,1,0,Sunny,30.2,16,6,6.64,29,24.15
2025-04-06 17:45:00,Sunday,17,1,0,Sunny,32.9,15,6,4.13,28,10.92
2025-04-06 18:00:00,Sunday,18,1,0,Sunny,28.3,17,6,5.76,32,14.25
2025-04-06 18:15:00,Sunday,18,1,0,Sunny,29.6,15,6,4.62,35,15.04
2025-04-06 18:30:00,Sunday,18,1,0,Sunny,31.2,15,6,5.79,27,11.45
2025-04-06 18:45:00,Sunday,18,1,0,Sunny,31.0,14,6,5.89,31,6.96
2025-04-06 19:00:00,Sunday,19,1,0,Sunny,31.1,12,6,4.41,20,5.92
2025-04-06 19:15:00,Sunday,19,1,0,Sunny,30.6,11,6,5.74,24,8.09
2025-04-06 19:30:00,Sunday,19,1,0,Sunny,33.1,11,6,5.24,17,2.83
2025-04-06 19:45:00,Sunday,19,1,0,Sunny,29.9,10,6,7.14,18,7.8
2025-04-06 20:00:00,Sunday,20,1,0,Sunny,31.7,15,6,6.08,28,16.49
2025-04-06 20:15:00,Sunday,20,1,0,Sunny,29.4,15,5,5.91,34,16.48
2025-04-06 20:30:00,Sunday,20,1,0,Sunny,29.1,7,5,4.99,11,0.84
2025-04-06 20:45:00,Sunday,20,1,0,Sunny,29.9,8,5,6.6,15,10.33
2025-04-06 21:00:00,Sunday,21,1,0,Sunny,29.8,8,5,5.27,16,2.2
2025-04-06 21:15:00,Sunday,21,1,0,Sunny,30.8,9,5,6.23,16,6.39
2025-04-06 21:30:00,Sunday,21,1,0,Sunny,28.9,6,4,5.14,8,3.9
2025-04-06 21:45:00,Sunday,21,1,0,Sunny,32.8,5,5,4.9,13,0.5
2025-04-07 08:00:00,Monday,8,0,0,Cloudy,23.9,4,3,4.68,7,7.7
2025-04-07 08:15:00,Monday,8,0,0,Cloudy,24.9,2,3,5.51,4,0.5
2025-04-07 08:30:00,Monday,8,0,0,Cloudy,27.3,2,3,5.96,4,2.04
2025-04-07 08:45:00,Monday,8,0,0,Cloudy,23.6,1,2,5.68,1,1.04
2025-04-07 09:00:00,Monday,9,0,0,Cloudy,24.6,4,4,5.1,6,3.22
2025-04-07 09:15:00,Monday,9,0,0,Cloudy,23.3,1,4,5.48,3,0.5
2025-04-07 09:30:00,Monday,9,0,0,Cloudy,24.4,4,4,4.79,7,0.73
2025-04-07 09:45:00,Monday,9,0,0,Cloudy,24.8,3,4,7.79,7,4.99
2025-04-07 10:00:00,Monday,10,0,0,Cloudy,25.2,1,4,5.07,1,0.5
2025-04-07 10:15:00,Monday,10,0,0,Cloudy,25.7,5,5,7.27,12,6.81
2025-04-07 10:30:00,Monday,10,0,0,Cloudy,25.1,5,4,4.97,7,2.44
2025-04-07 10:45:00,Monday,10,0,0,Cloudy,27.4,2,4,4.72,2,0.5
2025-04-07 11:00:00,Monday,11,0,0,Cloudy,24.9,2,5,5.83,5,0.5
2025-04-07 11:15:00,Monday,11,0,0,Cloudy,25.5,7,4,5.87,15,11.91
2025-04-07 11:30:00,Monday,11,0,0,Cloudy,23.1,7,4,4.97,13,11.28
2025-04-07 11:45:00,Monday,11,0,0,Cloudy,23.8,8,5,5.38,12,2.74
2025-04-07 12:00:00,Monday,12,0,0,Cloudy,23.4,8,5,5.08,15,6.23
2025-04-07 12:15:00,Monday,12,0,0,Cloudy,24.8,5,5,5.72,8,0.5
2025-04-07 12:30:00,Monday,12,0,0,Cloudy,23.5,16,5,4.95,27,12.52
2025-04-07 12:45:00,Monday,12,0,0,Cloudy,24.0,8,5,3.98,17,0.5
2025-04-07 13:00:00,Monday,13,0,0,Cloudy,25.9,5,5,6.19,12,2.11
2025-04-07 13:15:00,Monday,13,0,0,Cloudy,26.5,9,5,5.88,15,2.58
2025-04-07 13:30:00,Monday,13,0,0,Cloudy,21.7,3,5,6.4,7,2.93
2025-04-07 13:45:00,Monday,13,0,0,Stormy,25.6,5,5,5.23,11,1.24
2025-04-07 14:00:00,Monday,14,0,0,Cloudy,24.5,5,5,6.21,10,1.68
2025-04-07 14:15:00,Monday,14,0,0,Cloudy,25.5,7,5,5.22,12,4.2
2025-04-07 14:30:00,Monday,14,0,0,Cloudy,23.8,4,4,6.47,6,4.01
2025-04-07 14:45:00,Monday,14,0,0,Cloudy,27.5,3,4,3.75,6,0.5
2025-04-07 15:00:00,Monday,15,0,0,Cloudy,24.6,1,4,5.73,6,0.5
2025-04-07 15:15:00,Monday,15,0,0,Cloudy,27.2,4,4,5.5,8,3.55
2025-04-07 15:30:00,Monday,15,0,0,Cloudy,26.7,3,4,5.25,5,0.5
2025-04-07 15:45:00,Monday,15,0,0,Cloudy,23.7,3,4,5.19,6,0.5
2025-04-07 16:00:00,Monday,16,0,0,Cloudy,24.4,6,5,6.7,11,1.69
2025-04-07 16:15:00,Monday,16,0,0,Cloudy,26.5,12,4,5.46,19,15.86
2025-04-07 16:30:00,Monday,16,0,0,Cloudy,27.8,7,4,5.74,15,6.12
2025-04-07 16:45:00,Monday,16,0,0,Cloudy,27.2,3,4,6.15,5,0.5
2025-04-07 17:00:00,Monday,17,0,0,Cloudy,25.9,17,4,6.35,36,23.69
2025-04-07 17:15:00,Monday,17,0,0,Cloudy,24.6,13,4,4.37,28,13.58
2025-04-07 17:30:00,Monday,17,0,0,Cloudy,26.1,13,3,6.71,23,30.51
2025-04-07 17:45:00,Monday,17,0,0,Cloudy,26.7,11,4,5.88,18,9.07
2025-04-07 18:00:00,Monday,18,0,0,Rainy,26.6,8,4,3.08,12,9.44
2025-04-07 18:15:00,Monday,18,0,0,Cloudy,21.7,13,4,5.85,26,19.43
2025-04-07 18:30:00,Monday,18,0,0,Cloudy,22.3,11,4,5.59,21,11.57
2025-04-07 18:45:00,Monday,18,0,0,Cloudy,26.6,11,4,4.63,16,12.95
2025-04-07 19:00:00,Monday,19,0,0,Cloudy,24.4,15,4,6.1,30,19.29
2025-04-07 19:15:00,Monday,19,0,0,Sunny,24.5,12,4,6.16,20,15.91
2025-04-07 19:30:00,Monday,19,0,0,Cloudy,24.4,6,4,4.71,8,2.37
2025-04-07 19:45:00,Monday,19,0,0,Cloudy,25.8,5,4,5.13,9,4.91
2025-04-07 20:00:00,Monday,20,0,0,Cloudy,24.1,9,4,6.97,18,13.01
2025-04-07 20:15:00,Monday,20,0,0,Cloudy,25.9,9,3,5.39,22,17.2
2025-04-07 20:30:00,Monday,20,0,0,Cloudy,26.2,4,3,4.9,9,0.5
2025-04-07 20:45:00,Monday,20,0,0,Cloudy,24.1,7,3,4.85,17,11.03
2025-04-07 21:00:00,Monday,21,0,0,Cloudy,24.8,8,3,4.78,14,14.49
2025-04-07 21:15:00,Monday,21,0,0,Cloudy,25.4,6,4,4.63,11,1.86
2025-04-07 21:30:00,Monday,21,0,0,Cloudy,24.6,6,3,6.56,11,15.27
2025-04-07 21:45:00,Monday,21,0,0,Cloudy,25.9,5,3,4.99,10,5.16
2025-04-08 08:00:00,Tuesday,8,0,0,Cloudy,21.5,1,2,5.67,3,0.5
2025-04-08 08:15:00,Tuesday,8,0,0,Cloudy,18.9,3,2,4.81,5,4.14
2025-04-08 08:30:00,Tuesday,8,0,0,Cloudy,21.1,0,1,5.27,0,0.5
2025-04-08 08:45:00,Tuesday,8,0,0,Cloudy,18.5,1,2,5.71,4,1.23
2025-04-08 09:00:00,Tuesday,9,0,0,Cloudy,22.1,1,4,6.99,2,0.5
2025-04-08 09:15:00,Tuesday,9,0,0,Cloudy,19.3,3,4,5.06,6,6.85
2025-04-08 09:30:00,Tuesday,9,0,0,Cloudy,22.4,1,4,6.84,0,0.5
2025-04-08 09:45:00,Tuesday,9,0,0,Cloudy,20.3,2,3,6.62,0,0.5
2025-04-08 10:00:00,Tuesday,10,0,0,Cloudy,17.0,2,3,4.25,5,2.48
2025-04-08 10:15:00,Tuesday,10,0,0,Cloudy,23.5,6,3,5.44,12,10.22
2025-04-08 10:30:00,Tuesday,10,0,0,Cloudy,22.8,9,3,5.2,20,13.36
2025-04-08 10:45:00,Tuesday,10,0,0,Cloudy,20.9,6,4,5.76,12,3.78
2025-04-08 11:00:00,Tuesday,11,0,0,Cloudy,18.6,6,4,5.42,12,6.71
2025-04-08 11:15:00,Tuesday,11,0,0,Cloudy,22.7,11,4,5.71,25,13.17
2025-04-08 11:30:00,Tuesday,11,0,0,Cloudy,21.9,12,4,4.78,22,8.6
2025-04-08 11:45:00,Tuesday,11,0,0,Cloudy,20.9,2,4,4.16,1,0.5
2025-04-08 12:00:00,Tuesday,12,0,0,Cloudy,26.5,5,4,4.79,9,2.08
2025-04-08 12:15:00,Tuesday,12,0,0,Cloudy,20.7,13,4,7.06,20,20.66
2025-04-08 12:30:00,Tuesday,12,0,0,Cloudy,20.3,18,4,6.75,33,35.74
2025-04-08 12:45:00,Tuesday,12,0,0,Cloudy,23.1,4,4,4.45,9,0.5
2025-04-08 13:00:00,Tuesday,13,0,0,Cloudy,23.1,12,4,5.21,18,14.39
2025-04-08 13:15:00,Tuesday,13,0,0,Cloudy,20.0,9,4,6.33,15,11.37
2025-04-08 13:30:00,Tuesday,13,0,0,Cloudy,24.4,2,4,6.22,7,0.5
2025-04-08 13:45:00,Tuesday,13,0,0,Cloudy,23.1,1,4,5.65,6,0.5
2025-04-08 14:00:00,Tuesday,14,0,0,Cloudy,22.0,5,4,5.95,11,5.6
2025-04-08 14:15:00,Tuesday,14,0,0,Cloudy,23.5,6,3,5.92,11,7.93
2025-04-08 14:30:00,Tuesday,14,0,0,Cloudy,22.3,5,3,5.79,6,7.34
2025-04-08 14:45:00,Tuesday,14,0,0,Cloudy,22.3,3,2,4.87,10,2.67
2025-04-08 15:00:00,Tuesday,15,0,0,Cloudy,24.0,3,3,6.83,4,2.47
2025-04-08 15:15:00,Tuesday,15,0,0,Cloudy,23.2,2,3,4.8,8,0.5
2025-04-08 15:30:00,Tuesday,15,0,0,Cloudy,21.6,5,3,6.21,9,6.71
2025-04-08 15:45:00,Tuesday,15,0,0,Cloudy,21.1,4,3,6.06,10,5.11
2025-04-08 16:00:00,Tuesday,16,0,0,Cloudy,21.3,5,3,5.57,10,5.88
2025-04-08 16:15:00,Tuesday,16,0,0,Cloudy,24.3,5,2,6.08,12,15.58
2025-04-08 16:30:00,Tuesday,16,0,0,Cloudy,22.3,8,3,5.5,14,12.89
2025-04-08 16:45:00,Tuesday,16,0,0,Cloudy,23.8,11,3,7.16,18,24.37
2025-04-08 17:00:00,Tuesday,17,0,0,Cloudy,20.4,8,3,5.22,13,13.41
2025-04-08 17:15:00,Tuesday,17,0,0,Cloudy,19.2,9,3,7.04,16,24.72
2025-04-08 17:30:00,Tuesday,17,0,0,Cloudy,22.4,9,3,6.17,19,15.64
2025-04-08 17:45:00,Tuesday,17,0,0,Cloudy,21.1,13,3,5.57,16,28.29
2025-04-08 18:00:00,Tuesday,18,0,0,Cloudy,19.6,20,4,7.54,35,37.85
2025-04-08 18:15:00,Tuesday,18,0,0,Cloudy,23.4,7,2,6.2,16,24.07
2025-04-08 18:30:00,Tuesday,18,0,0,Cloudy,20.4,11,2,9.16,27,52.83
2025-04-08 18:45:00,Tuesday,18,0,0,Cloudy,20.8,13,3,5.69,29,25.05
2025-04-08 19:00:00,Tuesday,19,0,0,Cloudy,22.6,10,3,6.7,21,19.53
2025-04-08 19:15:00,Tuesday,19,0,0,Cloudy,21.0,14,4,6.16,21,22.97
2025-04-08 19:30:00,Tuesday,19,0,0,Cloudy,23.7,8,3,5.04,15,9.91
2025-04-08 19:45:00,Tuesday,19,0,0,Cloudy,23.1,13,3,6.78,29,27.09
2025-04-08 20:00:00,Tuesday,20,0,0,Cloudy,21.1,5,3,6.26,8,7.08
2025-04-08 20:15:00,Tuesday,20,0,0,Cloudy,23.2,9,2,6.41,18,30.15
2025-04-08 20:30:00,Tuesday,20,0,0,Cloudy,21.5,9,2,6.5,17,26.76
2025-04-08 20:45:00,Tuesday,20,0,0,Cloudy,19.6,10,2,7.12,18,38.74
2025-04-08 21:00:00,Tuesday,21,0,0,Cloudy,21.1,4,2,4.48,8,6.81
2025-04-08 21:15:00,Tuesday,21,0,0,Cloudy,17.5,4,2,5.64,5,7.81
2025-04-08 21:30:00,Tuesday,21,0,0,Cloudy,19.8,5,2,6.56,13,19.35
2025-04-08 21:45:00,Tuesday,21,0,0,Cloudy,21.8,4,2,5.07,7,3.81
2025-04-09 08:00:00,Wednesday,8,0,0,Sunny,27.2,5,2,5.4,16,14.66
2025-04-09 08:15:00,Wednesday,8,0,0,Sunny,25.9,0,3,4.78,1,0.5
2025-04-09 08:30:00,Wednesday,8,0,0,Cloudy,27.9,3,3,6.05,5,7.74
2025-04-09 08:45:00,Wednesday,8,0,0,Sunny,26.2,1,3,5.34,1,0.5
2025-04-09 09:00:00,Wednesday,9,0,0,Sunny,25.7,3,4,4.74,7,3.68
2025-04-09 09:15:00,Wednesday,9,0,0,Sunny,29.0,4,4,5.41,8,3.37
2025-04-09 09:30:00,Wednesday,9,0,0,Sunny,25.5,1,4,5.64,0,0.5
2025-04-09 09:45:00,Wednesday,9,0,0,Sunny,27.5,3,4,7.33,7,0.5
2025-04-09 10:00:00,Wednesday,10,0,0,Sunny,25.1,5,4,5.34,9,2.65
2025-04-09 10:15:00,Wednesday,10,0,0,Sunny,24.5,4,3,4.91,7,0.5
2025-04-09 10:30:00,Wednesday,10,0,0,Sunny,25.7,6,4,4.98,10,6.13
2025-04-09 10:45:00,Wednesday,10,0,0,Sunny,26.0,11,4,5.85,24,15.24
2025-04-09 11:00:00,Wednesday,11,0,0,Sunny,28.3,3,5,6.18,4,0.5
2025-04-09 11:15:00,Wednesday,11,0,0,Sunny,27.6,7,5,4.71,19,5.43
2025-04-09 11:30:00,Wednesday,11,0,0,Sunny,28.1,7,5,4.85,9,2.31
2025-04-09 11:45:00,Wednesday,11,0,0,Sunny,26.1,12,6,5.54,19,2.77
2025-04-09 12:00:00,Wednesday,12,0,0,Sunny,28.9,9,5,5.56,17,6.51
2025-04-09 12:15:00,Wednesday,12,0,0,Sunny,27.4,9,5,4.72,16,4.19
2025-04-09 12:30:00,Wednesday,12,0,0,Sunny,26.4,13,5,4.51,24,7.69
2025-04-09 12:45:00,Wednesday,12,0,0,Sunny,26.6,11,5,7.51,20,12.12
2025-04-09 13:00:00,Wednesday,13,0,0,Sunny,26.0,8,5,3.76,15,0.5
2025-04-09 13:15:00,Wednesday,13,0,0,Rainy,26.7,9,5,5.8,17,7.74
2025-04-09 13:30:00,Wednesday,13,0,0,Sunny,28.4,6,5,6.94,13,6.25
2025-04-09 13:45:00,Wednesday,13,0,0,Sunny,26.1,8,5,4.92,15,4.6
2025-04-09 14:00:00,Wednesday,14,0,0,Sunny,24.8,7,5,6.09,16,4.43
2025-04-09 14:15:00,Wednesday,14,0,0,Sunny,29.0,9,4,3.71,23,4.11
2025-04-09 14:30:00,Wednesday,14,0,0,Sunny,25.1,6,3,5.15,8,3.94
2025-04-09 14:45:00,Wednesday,14,0,0,Sunny,28.5,8,4,4.08,18,2.23
2025-04-09 15:00:00,Wednesday,15,0,0,Sunny,28.7,5,4,6.71,11,8.8
2025-04-09 15:15:00,Wednesday,15,0,0,Sunny,27.1,4,4,4.97,8,0.5
2025-04-09 15:30:00,Wednesday,15,0,0,Sunny,25.5,4,4,6.09,8,0.5
2025-04-09 15:45:00,Wednesday,15,0,0,Sunny,25.5,7,4,5.6,15,6.87
2025-04-09 16:00:00,Wednesday,16,0,0,Sunny,28.4,7,4,6.21,14,8.0
2025-04-09 16:15:00,Wednesday,16,0,0,Sunny,26.3,8,5,5.75,19,5.73
2025-04-09 16:30:00,Wednesday,16,0,0,Sunny,27.5,4,4,5.51,8,3.49
2025-04-09 16:45:00,Wednesday,16,0,0,Sunny,28.2,5,4,4.96,8,0.5
2025-04-09 17:00:00,Wednesday,17,0,0,Sunny,26.2,12,4,6.01,20,17.9
2025-04-09 17:15:00,Wednesday,17,0,0,Sunny,28.0,11,3,4.71,17,16.35
2025-04-09 17:30:00,Wednesday,17,0,0,Sunny,26.8,16,4,5.64,31,22.13
2025-04-09 17:45:00,Wednesday,17,0,0,Sunny,28.7,8,4,4.28,16,4.8
2025-04-09 18:00:00,Wednesday,18,0,0,Sunny,25.9,8,4,5.03,14,9.25
2025-04-09 18:15:00,Wednesday,18,0,0,Cloudy,25.9,14,3,5.78,28,31.38
2025-04-09 18:30:00,Wednesday,18,0,0,Sunny,27.7,10,5,6.44,18,10.63
2025-04-09 18:45:00,Wednesday,18,0,0,Sunny,22.1,13,4,5.05,21,16.13
2025-04-09 19:00:00,Wednesday,19,0,0,Sunny,25.8,7,4,5.48,13,0.5
2025-04-09 19:15:00,Wednesday,19,0,0,Sunny,29.8,16,4,6.25,35,23.38
2025-04-09 19:30:00,Wednesday,19,0,0,Sunny,29.6,10,4,5.61,16,11.09
2025-04-09 19:45:00,Wednesday,19,0,0,Sunny,28.4,11,4,4.98,18,8.37
2025-04-09 20:00:00,Wednesday,20,0,0,Sunny,24.5,7,5,5.06,18,5.35
2025-04-09 20:15:00,Wednesday,20,0,0,Sunny,27.5,9,4,6.27,19,7.3
2025-04-09 20:30:00,Wednesday,20,0,0,Sunny,24.4,3,2,7.52,6,8.99
2025-04-09 20:45:00,Wednesday,20,0,0,Sunny,26.6,9,3,6.02,21,17.5
2025-04-09 21:00:00,Wednesday,21,0,0,Sunny,27.2,5,3,5.75,11,9.44
2025-04-09 21:15:00,Wednesday,21,0,0,Sunny,27.7,4,2,6.36,11,12.66
2025-04-09 21:30:00,Wednesday,21,0,0,Sunny,25.4,7,3,5.07,13,12.9
2025-04-09 21:45:00,Wednesday,21,0,0,Sunny,27.6,6,3,5.16,11,11.14
2025-04-10 08:00:00,Thursday,8,0,0,Cloudy,22.9,2,2,5.66,0,5.47
2025-04-10 08:15:00,Thursday,8,0,0,Cloudy,20.6,3,2,5.44,8,6.47
2025-04-10 08:30:00,Thursday,8,0,0,Cloudy,17.9,4,3,5.12,5,3.89
2025-04-10 08:45:00,Thursday,8,0,0,Cloudy,22.1,1,3,6.12,0,0.5
2025-04-10 09:00:00,Thursday,9,0,0,Cloudy,20.9,3,2,4.22,4,9.62
2025-04-10 09:15:00,Thursday,9,0,0,Cloudy,20.7,2,3,6.05,6,2.7
2025-04-10 09:30:00,Thursday,9,0,0,Cloudy,19.9,2,3,4.45,7,0.5
2025-04-10 09:45:00,Thursday,9,0,0,Cloudy,22.5,3,4,5.58,4,2.78
2025-04-10 10:00:00,Thursday,10,0,0,Cloudy,17.4,5,3,4.46,8,3.93
2025-04-10 10:15:00,Thursday,10,0,0,Cloudy,21.9,3,3,4.75,6,3.79
2025-04-10 10:30:00,Thursday,10,0,0,Cloudy,19.9,4,3,5.1,10,0.55
2025-04-10 10:45:00,Thursday,10,0,0,Cloudy,20.3,3,2,5.57,8,12.46
2025-04-10 11:00:00,Thursday,11,0,0,Cloudy,21.5,3,4,5.68,6,0.58
2025-04-10 11:15:00,Thursday,11,0,0,Cloudy,22.0,8,4,6.48,17,12.28
2025-04-10 11:30:00,Thursday,11,0,0,Sunny,18.3,6,4,4.92,13,2.94
2025-04-10 11:45:00,Thursday,11,0,0,Cloudy,19.2,5,5,6.87,11,2.09
2025-04-10 12:00:00,Thursday,12,0,0,Cloudy,20.1,12,4,6.21,22,16.42
2025-04-10 12:15:00,Thursday,12,0,0,Cloudy,21.2,7,4,4.98,12,5.84
2025-04-10 12:30:00,Thursday,12,0,0,Cloudy,18.9,16,4,5.68,31,19.67
2025-04-10 12:45:00,Thursday,12,0,0,Cloudy,19.7,7,4,5.62,14,6.95
2025-04-10 13:00:00,Thursday,13,0,0,Cloudy,20.4,9,3,5.88,18,16.22
2025-04-10 13:15:00,Thursday,13,0,0,Rainy,20.3,3,4,4.8,6,3.42
2025-04-10 13:30:00,Thursday,13,0,0,Cloudy,22.2,9,4,5.13,22,10.33
2025-04-10 13:45:00,Thursday,13,0,0,Rainy,21.3,3,4,6.43,7,3.57
2025-04-10 14:00:00,Thursday,14,0,0,Cloudy,22.3,4,4,5.87,8,5.5
2025-04-10 14:15:00,Thursday,14,0,0,Cloudy,21.2,6,3,4.86,9,5.06
2025-04-10 14:30:00,Thursday,14,0,0,Cloudy,24.0,5,2,6.1,12,12.82
2025-04-10 14:45:00,Thursday,14,0,0,Cloudy,20.6,2,3,4.51,0,0.5
2025-04-10 15:00:00,Thursday,15,0,0,Cloudy,18.9,3,4,3.76,7,0.5
2025-04-10 15:15:00,Thursday,15,0,0,Cloudy,20.4,3,2,4.23,7,3.51
2025-04-10 15:30:00,Thursday,15,0,0,Cloudy,20.4,4,3,6.51,10,6.79
2025-04-10 15:45:00,Thursday,15,0,0,Cloudy,22.0,5,4,5.78,13,5.02
2025-04-10 16:00:00,Thursday,16,0,0,Cloudy,22.6,8,3,6.37,19,15.16
2025-04-10 16:15:00,Thursday,16,0,0,Cloudy,18.5,8,3,6.05,17,10.15
2025-04-10 16:30:00,Thursday,16,0,0,Cloudy,21.8,5,3,5.59,5,8.85
2025-04-10 16:45:00,Thursday,16,0,0,Cloudy,21.7,5,3,4.71,8,6.7
2025-04-10 17:00:00,Thursday,17,0,0,Cloudy,18.1,10,3,5.93,17,18.12
2025-04-10 17:15:00,Thursday,17,0,0,Cloudy,20.3,11,3,6.9,20,25.24
2025-04-10 17:30:00,Thursday,17,0,0,Cloudy,18.8,5,2,5.05,8,9.74
2025-04-10 17:45:00,Thursday,17,0,0,Cloudy,20.1,13,3,6.8,23,29.2
2025-04-10 18:00:00,Thursday,18,0,0,Cloudy,22.8,13,3,6.45,24,26.36
2025-04-10 18:15:00,Thursday,18,0,0,Cloudy,20.2,17,3,7.25,29,44.06
2025-04-10 18:30:00,Thursday,18,0,0,Cloudy,20.8,11,3,5.03,20,19.38
2025-04-10 18:45:00,Thursday,18,0,0,Cloudy,19.6,13,3,6.25,21,25.33
2025-04-10 19:00:00,Thursday,19,0,0,Cloudy,19.3,9,2,5.69,15,25.31
2025-04-10 19:15:00,Thursday,19,0,0,Cloudy,19.3,9,3,6.44,16,15.06
2025-04-10 19:30:00,Thursday,19,0,0,Cloudy,21.8,10,3,5.3,19,14.48
2025-04-10 19:45:00,Thursday,19,0,0,Cloudy,19.9,16,2,6.38,35,55.59
2025-04-10 20:00:00,Thursday,20,0,0,Cloudy,19.0,17,3,6.2,38,37.38
2025-04-10 20:15:00,Thursday,20,0,0,Cloudy,16.4,6,1,7.87,15,47.82
2025-04-10 20:30:00,Thursday,20,0,0,Cloudy,19.6,7,2,7.0,16,24.31
2025-04-10 20:45:00,Thursday,20,0,0,Cloudy,21.7,14,2,7.45,33,54.17
2025-04-10 21:00:00,Thursday,21,0,0,Cloudy,20.0,4,2,3.9,5,5.06
2025-04-10 21:15:00,Thursday,21,0,0,Cloudy,18.5,5,1,7.43,10,40.5
2025-04-10 21:30:00,Thursday,21,0,0,Cloudy,19.3,8,2,5.27,16,18.77
2025-04-10 21:45:00,Thursday,21,0,0,Cloudy,21.7,5,2,6.75,6,13.9
2025-04-11 08:00:00,Friday,8,0,0,Windy,20.7,0,4,5.73,0,0.5
2025-04-11 08:15:00,Friday,8,0,0,Windy,19.8,3,4,5.79,6,0.88
2025-04-11 08:30:00,Friday,8,0,0,Windy,20.8,2,4,5.66,2,0.5
2025-04-11 08:45:00,Friday,8,0,0,Windy,21.0,6,5,3.64,9,0.5
2025-04-11 09:00:00,Friday,9,0,0,Sunny,20.9,2,5,4.79,1,0.5
2025-04-11 09:15:00,Friday,9,0,0,Cloudy,18.6,1,5,5.25,1,0.5
2025-04-11 09:30:00,Friday,9,0,0,Windy,21.4,2,5,3.36,5,0.5
2025-04-11 09:45:00,Friday,9,0,0,Windy,22.2,2,5,4.92,7,0.5
2025-04-11 10:00:00,Friday,10,0,0,Windy,21.5,7,5,5.4,9,2.03
2025-04-11 10:15:00,Friday,10,0,0,Windy,22.7,0,5,6.96,0,0.5
2025-04-11 10:30:00,Friday,10,0,0,Windy,19.4,3,5,4.41,6,0.5
2025-04-11 10:45:00,Friday,10,0,0,Windy,19.2,3,5,5.71,9,0.5
2025-04-11 11:00:00,Friday,11,0,0,Windy,19.4,1,6,5.17,5,0.5
2025-04-11 11:15:00,Friday,11,0,0,Sunny,18.6,4,6,4.74,8,0.5
2025-04-11 11:30:00,Friday,11,0,0,Windy,20.6,10,6,5.96,19,10.64
2025-04-11 11:45:00,Friday,11,0,0,Windy,19.8,12,6,4.82,22,7.58
2025-04-11 12:00:00,Friday,12,0,0,Windy,18.4,11,6,6.48,19,7.39
2025-04-11 12:15:00,Friday,12,0,0,Sunny,19.1,11,6,6.49,19,9.72
2025-04-11 12:30:00,Friday,12,0,0,Windy,23.0,6,6,4.74,10,1.75
2025-04-11 12:45:00,Friday,12,0,0,Windy,24.6,8,5,5.08,16,3.95
2025-04-11 13:00:00,Friday,13,0,0,Windy,21.5,11,7,4.48,15,1.22
2025-04-11 13:15:00,Friday,13,0,0,Windy,19.8,2,5,4.25,3,0.5
2025-04-11 13:30:00,Friday,13,0,0,Windy,21.4,3,6,4.92,3,0.5
2025-04-11 13:45:00,Friday,13,0,0,Windy,21.3,9,5,4.26,22,10.79
2025-04-11 14:00:00,Friday,14,0,0,Windy,20.3,8,6,4.76,14,0.5
2025-04-11 14:15:00,Friday,14,0,0,Windy,20.3,4,5,5.13,9,0.5
2025-04-11 14:30:00,Friday,14,0,0,Windy,22.4,4,5,4.93,6,0.5
2025-04-11 14:45:00,Friday,14,0,0,Cloudy,19.2,4,5,5.94,11,6.14
2025-04-11 15:00:00,Friday,15,0,0,Windy,23.6,4,6,5.37,8,1.99
2025-04-11 15:15:00,Friday,15,0,0,Windy,20.4,5,4,5.96,9,7.52
2025-04-11 15:30:00,Friday,15,0,0,Windy,21.5,3,5,6.08,4,0.5
2025-04-11 15:45:00,Friday,15,0,0,Windy,19.7,6,5,5.35,14,4.47
2025-04-11 16:00:00,Friday,16,0,0,Windy,19.5,7,5,5.27,10,0.5
2025-04-11 16:15:00,Friday,16,0,0,Windy,21.9,2,5,4.75,4,0.5
2025-04-11 16:30:00,Friday,16,0,0,Windy,20.1,7,5,5.84,15,3.45
2025-04-11 16:45:00,Friday,16,0,0,Windy,21.9,5,5,6.46,10,1.96
2025-04-11 17:00:00,Friday,17,0,0,Windy,21.7,9,5,5.75,14,6.68
2025-04-11 17:15:00,Friday,17,0,0,Windy,21.3,7,5,4.57,17,6.18
2025-04-11 17:30:00,Friday,17,0,0,Windy,20.5,5,5,4.62,10,0.5
2025-04-11 17:45:00,Friday,17,0,0,Windy,21.0,11,5,5.67,24,10.18
2025-04-11 18:00:00,Friday,18,0,0,Windy,21.7,9,6,6.72,19,4.04
2025-04-11 18:15:00,Friday,18,0,0,Windy,20.9,10,6,5.21,21,5.3
2025-04-11 18:30:00,Friday,18,0,0,Windy,19.6,7,4,5.08,17,5.05
2025-04-11 18:45:00,Friday,18,0,0,Windy,22.0,11,5,4.96,23,7.18
2025-04-11 19:00:00,Friday,19,0,0,Windy,20.5,13,5,6.03,21,10.67
2025-04-11 19:15:00,Friday,19,0,0,Windy,22.0,13,5,5.12,25,16.8
2025-04-11 19:30:00,Friday,19,0,0,Windy,17.2,12,6,4.11,21,3.05
2025-04-11 19:45:00,Friday,19,0,0,Windy,19.1,11,5,4.48,24,6.91
2025-04-11 20:00:00,Friday,20,0,0,Windy,19.0,9,5,5.56,18,6.81
2025-04-11 20:15:00,Friday,20,0,0,Windy,21.6,5,5,5.08,8,4.03
2025-04-11 20:30:00,Friday,20,0,0,Windy,15.9,8,4,5.92,14,8.7
2025-04-11 20:45:00,Friday,20,0,0,Windy,26.4,6,3,6.52,11,7.82
2025-04-11 21:00:00,Friday,21,0,0,Windy,21.1,7,4,6.99,10,8.16
2025-04-11 21:15:00,Friday,21,0,0,Sunny,23.4,10,4,6.64,23,19.81
2025-04-11 21:30:00,Friday,21,0,0,Windy,20.3,2,4,4.93,3,0.5
2025-04-11 21:45:00,Friday,21,0,0,Windy,18.5,7,3,5.98,13,15.73
2025-04-12 08:00:00,Saturday,8,1,0,Sunny,27.4,3,4,5.14,5,0.5
2025-04-12 08:15:00,Saturday,8,1,0,Sunny,29.3,1,5,4.24,1,1.02
2025-04-12 08:30:00,Saturday,8,1,0,Sunny,26.0,3,4,4.86,6,0.5
2025-04-12 08:45:00,Saturday,8,1,0,Sunny,27.9,1,4,6.21,3,0.5
2025-04-12 09:00:00,Saturday,9,1,0,Sunny,27.6,0,5,6.03,0,0.5
2025-04-12 09:15:00,Saturday,9,1,0,Sunny,30.3,2,5,5.84,4,0.5
2025-04-12 09:30:00,Saturday,9,1,0,Sunny,32.0,3,4,5.79,6,2.94
2025-04-12 09:45:00,Saturday,9,1,0,Sunny,30.2,3,5,5.6,9,0.73
2025-04-12 10:00:00,Saturday,10,1,0,Sunny,26.6,5,5,5.93,12,4.39
2025-04-12 10:15:00,Saturday,10,1,0,Sunny,28.2,6,5,5.57,15,4.17
2025-04-12 10:30:00,Saturday,10,1,0,Stormy,30.0,6,5,5.72,12,8.94
2025-04-12 10:45:00,Saturday,10,1,0,Sunny,28.5,11,5,4.19,19,11.57
2025-04-12 11:00:00,Saturday,11,1,0,Sunny,29.3,9,6,4.62,21,4.75
2025-04-12 11:15:00,Saturday,11,1,0,Sunny,29.8,9,7,5.31,20,3.51
2025-04-12 11:30:00,Saturday,11,1,0,Sunny,29.5,12,6,4.06,27,3.68
2025-04-12 11:45:00,Saturday,11,1,0,Sunny,26.6,17,6,5.13,30,12.73
2025-04-12 12:00:00,Saturday,12,1,0,Sunny,28.8,11,6,5.98,26,11.94
2025-04-12 12:15:00,Saturday,12,1,0,Sunny,30.8,13,5,6.07,27,15.9
2025-04-12 12:30:00,Saturday,12,1,0,Sunny,28.3,14,6,5.46,30,14.75
2025-04-12 12:45:00,Saturday,12,1,0,Sunny,28.7,11,6,5.22,20,7.52
2025-04-12 13:00:00,Saturday,13,1,0,Sunny,25.7,17,6,5.29,36,12.21
2025-04-12 13:15:00,Saturday,13,1,0,Sunny,28.6,12,7,5.28,21,7.87
2025-04-12 13:30:00,Saturday,13,1,0,Sunny,29.5,16,6,5.57,30,13.93
2025-04-12 13:45:00,Saturday,13,1,0,Sunny,28.7,7,5,4.39,11,3.16
2025-04-12 14:00:00,Saturday,14,1,0,Sunny,31.4,4,6,5.78,5,0.5
2025-04-12 14:15:00,Saturday,14,1,0,Sunny,29.2,5,5,5.38,10,1.83
2025-04-12 14:30:00,Saturday,14,1,0,Sunny,33.0,11,5,5.67,23,9.53
2025-04-12 14:45:00,Saturday,14,1,0,Sunny,31.6,6,5,4.88,10,3.37
2025-04-12 15:00:00,Saturday,15,1,0,Sunny,28.8,10,5,4.95,16,9.17
2025-04-12 15:15:00,Saturday,15,1,0,Sunny,27.3,7,6,5.83,13,0.92
2025-04-12 15:30:00,Saturday,15,1,0,Sunny,29.1,8,5,5.26,18,5.76
2025-04-12 15:45:00,Saturday,15,1,0,Sunny,31.1,4,5,5.9,8,4.94
2025-04-12 16:00:00,Saturday,16,1,0,Sunny,31.3,4,5,5.5,7,6.02
2025-04-12 16:15:00,Saturday,16,1,0,Rainy,31.7,3,4,4.65,8,3.17
2025-04-12 16:30:00,Saturday,16,1,0,Sunny,29.8,10,5,4.66,20,8.31
2025-04-12 16:45:00,Saturday,16,1,0,Sunny,29.3,19,5,5.88,39,27.2
2025-04-12 17:00:00,Saturday,17,1,0,Rainy,30.6,7,5,5.49,15,7.57
2025-04-12 17:15:00,Saturday,17,1,0,Sunny,29.3,15,6,5.79,30,17.08
2025-04-12 17:30:00,Saturday,17,1,0,Sunny,28.8,12,5,7.46,24,16.14
2025-04-12 17:45:00,Saturday,17,1,0,Sunny,30.9,13,5,5.93,29,21.63
2025-04-12 18:00:00,Saturday,18,1,0,Sunny,28.3,16,6,5.42,29,12.98
2025-04-12 18:15:00,Saturday,18,1,0,Sunny,26.5,12,5,4.97,20,9.63
2025-04-12 18:30:00,Saturday,18,1,0,Sunny,31.0,20,5,6.23,43,30.06
2025-04-12 18:45:00,Saturday,18,1,0,Sunny,28.8,16,6,6.89,31,18.99
2025-04-12 19:00:00,Saturday,19,1,0,Sunny,26.0,13,5,6.03,27,15.49
2025-04-12 19:15:00,Saturday,19,1,0,Sunny,24.7,15,5,3.94,33,9.71
2025-04-12 19:30:00,Saturday,19,1,0,Sunny,28.2,14,5,4.97,30,16.23
2025-04-12 19:45:00,Saturday,19,1,0,Sunny,31.0,10,5,5.87,16,6.8
2025-04-12 20:00:00,Saturday,20,1,0,Sunny,29.1,9,5,4.88,13,8.63
2025-04-12 20:15:00,Saturday,20,1,0,Sunny,29.9,7,4,6.99,18,9.31
2025-04-12 20:30:00,Saturday,20,1,0,Sunny,28.0,7,4,4.73,9,4.08
2025-04-12 20:45:00,Saturday,20,1,0,Sunny,29.8,16,5,6.73,30,23.53
2025-04-12 21:00:00,Saturday,21,1,0,Sunny,29.3,10,4,4.22,17,9.62
2025-04-12 21:15:00,Saturday,21,1,0,Sunny,29.7,6,3,4.48,12,12.47
2025-04-12 21:30:00,Saturday,21,1,0,Cloudy,26.9,3,4,5.16,5,0.91
2025-04-12 21:45:00,Saturday,21,1,0,Sunny,26.6,4,4,5.2,10,2.0
2025-04-13 08:00:00,Sunday,8,1,0,Sunny,31.6,3,5,5.27,5,0.5
2025-04-13 08:15:00,Sunday,8,1,0,Sunny,29.4,1,4,5.29,5,0.5
2025-04-13 08:30:00,Sunday,8,1,0,Sunny,28.4,5,4,5.57,9,5.71
2025-04-13 08:45:00,Sunday,8,1,0,Sunny,28.6,1,5,5.24,5,0.5
2025-04-13 09:00:00,Sunday,9,1,0,Sunny,30.7,4,6,5.17,8,0.71
2025-04-13 09:15:00,Sunday,9,1,0,Sunny,29.4,4,7,6.85,10,0.5
2025-04-13 09:30:00,Sunday,9,1,0,Sunny,29.6,3,6,7.0,2,2.54
2025-04-13 09:45:00,Sunday,9,1,0,Sunny,30.3,5,6,6.4,10,0.5
2025-04-13 10:00:00,Sunday,10,1,0,Sunny,32.8,7,6,5.77,15,3.43
2025-04-13 10:15:00,Sunday,10,1,0,Sunny,28.6,4,6,5.12,9,0.5
2025-04-13 10:30:00,Sunday,10,1,0,Sunny,28.8,8,6,5.5,14,2.93
2025-04-13 10:45:00,Sunday,10,1,0,Sunny,30.2,11,6,6.14,23,11.21
2025-04-13 11:00:00,Sunday,11,1,0,Sunny,29.1,6,7,7.01,12,0.86
2025-04-13 11:15:00,Sunday,11,1,0,Sunny,28.1,12,7,5.15,22,3.66
2025-04-13 11:30:00,Sunday,11,1,0,Sunny,30.4,15,7,5.53,23,8.1
2025-04-13 11:45:00,Sunday,11,1,0,Cloudy,29.4,14,7,4.1,23,6.99
2025-04-13 12:00:00,Sunday,12,1,0,Stormy,31.2,15,6,6.22,28,14.74
2025-04-13 12:15:00,Sunday,12,1,0,Sunny,33.2,14,8,5.73,29,8.52
2025-04-13 12:30:00,Sunday,12,1,0,Sunny,31.0,14,7,6.36,24,3.15
2025-04-13 12:45:00,Sunday,12,1,0,Sunny,28.4,14,7,6.14,28,8.2
2025-04-13 13:00:00,Sunday,13,1,0,Sunny,31.1,9,7,4.11,23,1.11
2025-04-13 13:15:00,Sunday,13,1,0,Sunny,30.8,14,7,5.41,19,13.41
2025-04-13 13:30:00,Sunday,13,1,0,Windy,30.7,13,7,5.12,23,7.24
2025-04-13 13:45:00,Sunday,13,1,0,Sunny,29.6,12,6,5.8,24,11.75
2025-04-13 14:00:00,Sunday,14,1,0,Sunny,33.0,10,7,4.87,21,1.03
2025-04-13 14:15:00,Sunday,14,1,0,Sunny,31.5,7,6,6.22,13,6.68
2025-04-13 14:30:00,Sunday,14,1,0,Rainy,30.9,5,6,4.78,14,0.5
2025-04-13 14:45:00,Sunday,14,1,0,Sunny,31.5,8,6,5.41,15,5.33
2025-04-13 15:00:00,Sunday,15,1,0,Sunny,31.9,6,5,5.69,12,1.06
2025-04-13 15:15:00,Sunday,15,1,0,Sunny,31.2,10,6,6.24,19,6.48
2025-04-13 15:30:00,Sunday,15,1,0,Sunny,28.9,6,6,5.33,10,1.65
2025-04-13 15:45:00,Sunday,15,1,0,Sunny,31.1,5,5,5.93,12,5.79
2025-04-13 16:00:00,Sunday,16,1,0,Sunny,30.0,6,6,4.43,11,0.5
2025-04-13 16:15:00,Sunday,16,1,0,Sunny,31.6,8,6,4.81,14,0.5
2025-04-13 16:30:00,Sunday,16,1,0,Sunny,31.9,9,6,5.27,14,5.22
2025-04-13 16:45:00,Sunday,16,1,0,Sunny,31.1,19,6,5.98,39,18.59
2025-04-13 17:00:00,Sunday,17,1,0,Sunny,30.7,13,6,6.68,27,8.43
2025-04-13 17:15:00,Sunday,17,1,0,Sunny,32.1,13,6,5.15,30,13.8
2025-04-13 17:30:00,Sunday,17,1,0,Sunny,26.1,16,6,4.72,27,13.77
2025-04-13 17:45:00,Sunday,17,1,0,Sunny,29.8,21,6,5.83,44,26.02
2025-04-13 18:00:00,Sunday,18,1,0,Sunny,30.1,14,6,5.11,27,7.71
2025-04-13 18:15:00,Sunday,18,1,0,Sunny,28.6,17,6,6.22,34,19.62
2025-04-13 18:30:00,Sunday,18,1,0,Sunny,31.9,22,6,6.64,36,27.57
2025-04-13 18:45:00,Sunday,18,1,0,Sunny,29.8,20,5,6.38,34,27.9
2025-04-13 19:00:00,Sunday,19,1,0,Sunny,28.7,15,5,6.2,26,20.08
2025-04-13 19:15:00,Sunday,19,1,0,Sunny,30.3,7,6,4.78,17,3.96
2025-04-13 19:30:00,Sunday,19,1,0,Sunny,27.9,15,6,5.88,29,13.28
2025-04-13 19:45:00,Sunday,19,1,0,Sunny,27.6,15,6,5.82,32,17.08
2025-04-13 20:00:00,Sunday,20,1,0,Sunny,28.3,12,7,6.14,22,0.58
2025-04-13 20:15:00,Sunday,20,1,0,Sunny,27.9,13,5,5.21,30,10.59
2025-04-13 20:30:00,Sunday,20,1,0,Sunny,31.9,7,5,4.4,18,4.38
2025-04-13 20:45:00,Sunday,20,1,0,Sunny,29.5,9,4,6.34,15,12.84
2025-04-13 21:00:00,Sunday,21,1,0,Sunny,28.2,7,5,5.32,15,7.54
2025-04-13 21:15:00,Sunday,21,1,0,Sunny,29.2,8,4,3.96,14,4.24
2025-04-13 21:30:00,Sunday,21,1,0,Sunny,31.7,3,5,6.13,5,4.59
2025-04-13 21:45:00,Sunday,21,1,0,Sunny,30.9,5,5,5.54,8,0.82
2025-04-14 08:00:00,Monday,8,0,0,Sunny,29.1,2,3,5.98,2,0.62
2025-04-14 08:15:00,Monday,8,0,0,Sunny,30.5,3,3,5.34,4,1.47
2025-04-14 08:30:00,Monday,8,0,0,Sunny,31.4,1,2,4.4,1,1.51
2025-04-14 08:45:00,Monday,8,0,0,Sunny,33.0,1,1,5.56,0,5.04
2025-04-14 09:00:00,Monday,9,0,0,Sunny,26.6,0,3,6.36,0,0.5
2025-04-14 09:15:00,Monday,9,0,0,Sunny,29.8,2,4,4.47,3,0.5
2025-04-14 09:30:00,Monday,9,0,0,Sunny,28.3,1,3,5.81,3,0.5
2025-04-14 09:45:00,Monday,9,0,0,Sunny,28.9,3,4,5.24,0,0.5
2025-04-14 10:00:00,Monday,10,0,0,Sunny,30.4,4,3,5.62,10,4.26
2025-04-14 10:15:00,Monday,10,0,0,Sunny,28.2,3,4,5.04,2,1.54
2025-04-14 10:30:00,Monday,10,0,0,Sunny,29.8,7,2,5.79,17,19.1
2025-04-14 10:45:00,Monday,10,0,0,Sunny,31.0,9,3,5.18,16,17.48
2025-04-14 11:00:00,Monday,11,0,0,Sunny,30.9,9,4,4.89,17,7.29
2025-04-14 11:15:00,Monday,11,0,0,Sunny,32.7,10,4,6.1,22,16.27
2025-04-14 11:30:00,Monday,11,0,0,Sunny,27.7,8,4,4.81,13,11.32
2025-04-14 11:45:00,Monday,11,0,0,Sunny,30.0,9,4,5.08,20,7.17
2025-04-14 12:00:00,Monday,12,0,0,Sunny,31.6,11,4,5.43,21,11.52
2025-04-14 12:15:00,Monday,12,0,0,Sunny,30.1,13,5,6.85,20,16.93
2025-04-14 12:30:00,Monday,12,0,0,Sunny,31.2,12,4,5.7,25,16.14
2025-04-14 12:45:00,Monday,12,0,0,Sunny,28.8,14,4,6.12,29,17.16
2025-04-14 13:00:00,Monday,13,0,0,Sunny,30.5,12,4,6.05,22,15.9
2025-04-14 13:15:00,Monday,13,0,0,Sunny,33.8,13,4,6.32,24,20.0
2025-04-14 13:30:00,Monday,13,0,0,Sunny,32.4,7,3,7.01,10,16.39
2025-04-14 13:45:00,Monday,13,0,0,Sunny,29.4,8,4,6.48,13,7.4
2025-04-14 14:00:00,Monday,14,0,0,Sunny,28.8,7,4,5.4,17,7.81
2025-04-14 14:15:00,Monday,14,0,0,Sunny,31.8,3,3,6.43,5,6.97
2025-04-14 14:30:00,Monday,14,0,0,Sunny,31.5,8,4,5.86,17,4.11
2025-04-14 14:45:00,Monday,14,0,0,Sunny,32.0,5,2,4.4,7,10.95
2025-04-14 15:00:00,Monday,15,0,0,Sunny,29.3,0,2,5.23,0,1.4
2025-04-14 15:15:00,Monday,15,0,0,Sunny,33.5,9,2,7.27,19,30.97
2025-04-14 15:30:00,Monday,15,0,0,Sunny,30.9,2,3,3.81,6,1.29
2025-04-14 15:45:00,Monday,15,0,0,Sunny,31.0,7,2,5.51,10,18.26
2025-04-14 16:00:00,Monday,16,0,0,Sunny,30.9,5,3,5.09,11,4.6
2025-04-14 16:15:00,Monday,16,0,0,Sunny,33.3,4,3,4.2,10,5.72
2025-04-14 16:30:00,Monday,16,0,0,Sunny,29.2,8,3,6.7,17,19.83
2025-04-14 16:45:00,Monday,16,0,0,Sunny,30.8,12,3,7.27,19,28.53
2025-04-14 17:00:00,Monday,17,0,0,Sunny,31.6,11,3,7.39,18,25.12
2025-04-14 17:15:00,Monday,17,0,0,Sunny,27.3,18,3,7.32,37,49.46
2025-04-14 17:30:00,Monday,17,0,0,Sunny,32.1,14,3,5.99,23,23.76
2025-04-14 17:45:00,Monday,17,0,0,Sunny,29.5,12,3,6.68,18,27.91
2025-04-14 18:00:00,Monday,18,0,0,Windy,28.8,8,3,5.96,13,9.0
2025-04-14 18:15:00,Monday,18,0,0,Sunny,31.0,14,3,6.53,29,28.62
2025-04-14 18:30:00,Monday,18,0,0,Sunny,27.4,13,3,7.08,28,31.71
2025-04-14 18:45:00,Monday,18,0,0,Sunny,33.6,13,3,5.77,30,28.49
2025-04-14 19:00:00,Monday,19,0,0,Sunny,30.3,17,3,5.66,34,29.56
2025-04-14 19:15:00,Monday,19,0,0,Sunny,29.6,10,3,6.18,20,21.17
2025-04-14 19:30:00,Monday,19,0,0,Sunny,29.5,18,4,6.76,34,29.84
2025-04-14 19:45:00,Monday,19,0,0,Sunny,28.8,11,3,6.54,17,18.58
2025-04-14 20:00:00,Monday,20,0,0,Sunny,31.2,7,3,6.07,13,11.11
2025-04-14 20:15:00,Monday,20,0,0,Sunny,28.5,7,2,5.48,10,20.09
2025-04-14 20:30:00,Monday,20,0,0,Sunny,32.5,6,2,5.4,9,11.37
2025-04-14 20:45:00,Monday,20,0,0,Sunny,30.3,8,2,5.85,17,21.94
2025-04-14 21:00:00,Monday,21,0,0,Sunny,28.3,14,2,7.81,28,57.07
2025-04-14 21:15:00,Monday,21,0,0,Sunny,29.8,3,3,5.5,2,1.85
2025-04-14 21:30:00,Monday,21,0,0,Sunny,31.4,7,1,7.53,9,52.79
2025-04-14 21:45:00,Monday,21,0,0,Sunny,29.2,4,2,6.13,8,13.3
2025-04-15 08:00:00,Tuesday,8,0,0,Sunny,28.7,2,4,5.47,6,0.5
2025-04-15 08:15:00,Tuesday,8,0,0,Sunny,32.2,2,4,5.81,6,0.5
2025-04-15 08:30:00,Tuesday,8,0,0,Sunny,25.6,2,4,5.07,7,0.5
2025-04-15 08:45:00,Tuesday,8,0,0,Cloudy,30.0,1,3,4.55,0,0.5
2025-04-15 09:00:00,Tuesday,9,0,0,Sunny,29.6,2,4,5.69,5,2.85
2025-04-15 09:15:00,Tuesday,9,0,0,Sunny,29.8,3,4,5.46,5,0.5
2025-04-15 09:30:00,Tuesday,9,0,0,Sunny,27.7,2,4,5.2,0,0.5
2025-04-15 09:45:00,Tuesday,9,0,0,Sunny,30.5,2,4,5.3,5,0.86
2025-04-15 10:00:00,Tuesday,10,0,0,Cloudy,27.6,2,4,5.37,1,0.5
2025-04-15 10:15:00,Tuesday,10,0,0,Sunny,29.2,1,4,6.15,4,0.5
2025-04-15 10:30:00,Tuesday,10,0,0,Sunny,28.8,2,3,5.03,6,0.5
2025-04-15 10:45:00,Tuesday,10,0,0,Sunny,29.0,5,4,4.29,11,4.56
2025-04-15 11:00:00,Tuesday,11,0,0,Sunny,30.3,4,5,2.76,7,0.5
2025-04-15 11:15:00,Tuesday,11,0,0,Sunny,30.5,10,5,4.56,20,5.89
2025-04-15 11:30:00,Tuesday,11,0,0,Sunny,32.5,11,6,5.51,20,7.29
2025-04-15 11:45:00,Tuesday,11,0,0,Sunny,28.5,8,5,4.76,19,5.94
2025-04-15 12:00:00,Tuesday,12,0,0,Cloudy,31.0,8,5,5.83,18,5.65
2025-04-15 12:15:00,Tuesday,12,0,0,Sunny,29.0,14,5,5.76,22,15.33
2025-04-15 12:30:00,Tuesday,12,0,0,Sunny,29.1,8,5,5.9,19,4.78
2025-04-15 12:45:00,Tuesday,12,0,0,Sunny,27.1,7,5,4.62,13,0.5
2025-04-15 13:00:00,Tuesday,13,0,0,Sunny,28.9,14,5,6.1,29,14.77
2025-04-15 13:15:00,Tuesday,13,0,0,Sunny,30.9,12,5,5.95,27,16.73
2025-04-15 13:30:00,Tuesday,13,0,0,Sunny,27.9,11,5,5.53,24,3.8
2025-04-15 13:45:00,Tuesday,13,0,0,Sunny,31.8,8,5,4.25,17,3.81
2025-04-15 14:00:00,Tuesday,14,0,0,Sunny,28.9,5,6,5.56,9,0.5
2025-04-15 14:15:00,Tuesday,14,0,0,Windy,29.2,5,5,4.74,10,0.5
2025-04-15 14:30:00,Tuesday,14,0,0,Sunny,29.2,4,4,6.46,2,1.67
2025-04-15 14:45:00,Tuesday,14,0,0,Sunny,30.5,6,3,5.81,12,8.57
2025-04-15 15:00:00,Tuesday,15,0,0,Sunny,31.5,2,3,5.69,5,1.0
2025-04-15 15:15:00,Tuesday,15,0,0,Sunny,31.5,3,4,6.14,9,2.16
2025-04-15 15:30:00,Tuesday,15,0,0,Sunny,29.0,6,4,5.44,15,3.81
2025-04-15 15:45:00,Tuesday,15,0,0,Sunny,28.3,9,5,3.67,19,4.79
2025-04-15 16:00:00,Tuesday,16,0,0,Sunny,29.4,4,4,5.04,9,4.25
2025-04-15 16:15:00,Tuesday,16,0,0,Sunny,29.6,9,5,5.12,17,5.03
2025-04-15 16:30:00,Tuesday,16,0,0,Sunny,30.7,3,4,6.33,7,0.99
2025-04-15 16:45:00,Tuesday,16,0,0,Sunny,30.5,9,3,6.48,22,15.82
2025-04-15 17:00:00,Tuesday,17,0,0,Sunny,29.0,8,4,5.93,14,3.69
2025-04-15 17:15:00,Tuesday,17,0,0,Sunny,29.4,13,4,4.59,24,13.21
2025-04-15 17:30:00,Tuesday,17,0,0,Sunny,31.3,14,4,5.65,28,15.5
2025-04-15 17:45:00,Tuesday,17,0,0,Sunny,30.8,14,4,5.72,30,18.31
2025-04-15 18:00:00,Tuesday,18,0,0,Sunny,28.6,14,4,5.35,30,19.67
2025-04-15 18:15:00,Tuesday,18,0,0,Sunny,30.3,12,4,5.29,19,12.74
2025-04-15 18:30:00,Tuesday,18,0,0,Sunny,29.7,11,4,4.2,21,12.0
2025-04-15 18:45:00,Tuesday,18,0,0,Sunny,30.3,15,4,6.57,33,30.17
2025-04-15 19:00:00,Tuesday,19,0,0,Sunny,29.0,8,4,5.3,12,7.21
2025-04-15 19:15:00,Tuesday,19,0,0,Sunny,30.7,13,4,6.52,31,18.18
2025-04-15 19:30:00,Tuesday,19,0,0,Sunny,27.9,11,4,6.9,19,15.38
2025-04-15 19:45:00,Tuesday,19,0,0,Sunny,30.5,9,5,4.81,17,8.52
2025-04-15 20:00:00,Tuesday,20,0,0,Sunny,29.2,8,5,5.72,17,5.28
2025-04-15 20:15:00,Tuesday,20,0,0,Sunny,29.9,11,4,6.53,21,19.89
2025-04-15 20:30:00,Tuesday,20,0,0,Sunny,26.7,6,3,5.85,13,13.58
2025-04-15 20:45:00,Tuesday,20,0,0,Sunny,28.4,3,3,6.82,8,2.48
2025-04-15 21:00:00,Tuesday,21,0,0,Sunny,29.0,4,3,6.23,10,7.07
2025-04-15 21:15:00,Tuesday,21,0,0,Sunny,31.0,2,3,5.31,8,5.14
2025-04-15 21:30:00,Tuesday,21,0,0,Sunny,29.3,2,3,4.99,2,2.21
2025-04-15 21:45:00,Tuesday,21,0,0,Sunny,29.4,4,3,5.04,7,2.98
2025-04-16 08:00:00,Wednesday,8,0,0,Cloudy,21.2,1,2,5.64,1,0.5
2025-04-16 08:15:00,Wednesday,8,0,0,Cloudy,21.4,0,2,5.42,2,0.5
2025-04-16 08:30:00,Wednesday,8,0,0,Cloudy,21.1,0,2,5.73,1,0.5
2025-04-16 08:45:00,Wednesday,8,0,0,Cloudy,20.2,2,2,6.88,5,2.38
2025-04-16 09:00:00,Wednesday,9,0,0,Cloudy,24.8,2,3,6.27,4,4.97
2025-04-16 09:15:00,Wednesday,9,0,0,Cloudy,21.1,0,3,6.15,0,0.5
2025-04-16 09:30:00,Wednesday,9,0,0,Cloudy,21.7,3,3,4.88,8,0.5
2025-04-16 09:45:00,Wednesday,9,0,0,Cloudy,18.9,3,3,6.17,8,4.38
2025-04-16 10:00:00,Wednesday,10,0,0,Cloudy,22.7,3,3,4.28,4,0.5
2025-04-16 10:15:00,Wednesday,10,0,0,Cloudy,19.5,1,3,6.67,2,0.5
2025-04-16 10:30:00,Wednesday,10,0,0,Cloudy,18.3,0,3,4.16,0,0.5
2025-04-16 10:45:00,Wednesday,10,0,0,Cloudy,21.6,7,3,5.76,16,14.53
2025-04-16 11:00:00,Wednesday,11,0,0,Cloudy,21.3,9,5,5.6,15,8.76
2025-04-16 11:15:00,Wednesday,11,0,0,Cloudy,22.2,10,5,7.14,16,10.98
2025-04-16 11:30:00,Wednesday,11,0,0,Cloudy,20.2,10,4,5.75,23,17.4
2025-04-16 11:45:00,Wednesday,11,0,0,Rainy,24.2,4,4,6.31,6,2.48
2025-04-16 12:00:00,Wednesday,12,0,0,Cloudy,20.0,8,4,5.43,12,7.43
2025-04-16 12:15:00,Wednesday,12,0,0,Cloudy,19.9,12,4,7.27,27,25.63
2025-04-16 12:30:00,Wednesday,12,0,0,Cloudy,22.4,11,3,4.17,19,9.77
2025-04-16 12:45:00,Wednesday,12,0,0,Cloudy,21.0,13,4,5.26,20,15.07
2025-04-16 13:00:00,Wednesday,13,0,0,Cloudy,22.6,9,4,4.99,16,8.45
2025-04-16 13:15:00,Wednesday,13,0,0,Cloudy,21.5,13,4,6.43,27,19.91
2025-04-16 13:30:00,Wednesday,13,0,0,Cloudy,22.7,2,4,5.39,6,0.5
2025-04-16 13:45:00,Wednesday,13,0,0,Cloudy,21.1,10,4,6.26,15,8.16
2025-04-16 14:00:00,Wednesday,14,0,0,Cloudy,22.0,6,4,6.08,11,7.25
2025-04-16 14:15:00,Wednesday,14,0,0,Cloudy,23.8,8,3,6.33,14,15.36
2025-04-16 14:30:00,Wednesday,14,0,0,Cloudy,22.4,6,3,5.37,11,6.24
2025-04-16 14:45:00,Wednesday,14,0,0,Cloudy,22.7,4,4,5.72,9,0.55
2025-04-16 15:00:00,Wednesday,15,0,0,Cloudy,20.7,5,3,5.32,10,9.58
2025-04-16 15:15:00,Wednesday,15,0,0,Cloudy,26.0,2,2,4.78,1,0.94
2025-04-16 15:30:00,Wednesday,15,0,0,Cloudy,22.6,1,3,5.13,4,0.5
2025-04-16 15:45:00,Wednesday,15,0,0,Cloudy,23.6,5,4,4.53,7,3.2
2025-04-16 16:00:00,Wednesday,16,0,0,Cloudy,23.0,7,3,5.03,10,13.33
2025-04-16 16:15:00,Wednesday,16,0,0,Cloudy,21.3,6,2,6.07,9,13.48
2025-04-16 16:30:00,Wednesday,16,0,0,Sunny,21.2,12,4,5.31,18,15.65
2025-04-16 16:45:00,Wednesday,16,0,0,Cloudy,22.1,3,3,6.58,5,1.3
2025-04-16 17:00:00,Wednesday,17,0,0,Cloudy,23.8,9,3,6.12,16,17.54
2025-04-16 17:15:00,Wednesday,17,0,0,Cloudy,21.3,15,3,6.17,27,29.03
2025-04-16 17:30:00,Wednesday,17,0,0,Cloudy,24.9,15,4,5.54,30,15.96
2025-04-16 17:45:00,Wednesday,17,0,0,Cloudy,22.2,5,2,5.74,13,12.96
2025-04-16 18:00:00,Wednesday,18,0,0,Cloudy,22.7,14,3,7.54,29,36.95
2025-04-16 18:15:00,Wednesday,18,0,0,Cloudy,20.8,16,3,7.71,26,42.78
2025-04-16 18:30:00,Wednesday,18,0,0,Cloudy,21.0,10,3,5.18,16,15.93
2025-04-16 18:45:00,Wednesday,18,0,0,Cloudy,20.9,15,3,7.11,33,34.76
2025-04-16 19:00:00,Wednesday,19,0,0,Cloudy,22.8,8,4,6.52,17,9.64
2025-04-16 19:15:00,Wednesday,19,0,0,Cloudy,21.9,11,3,6.26,21,21.57
2025-04-16 19:30:00,Wednesday,19,0,0,Sunny,19.4,10,3,7.22,20,26.74
2025-04-16 19:45:00,Wednesday,19,0,0,Cloudy,20.5,15,3,6.83,26,36.66
2025-04-16 20:00:00,Wednesday,20,0,0,Cloudy,24.0,10,2,7.71,16,38.78
2025-04-16 20:15:00,Wednesday,20,0,0,Cloudy,20.3,5,2,5.95,8,8.3
2025-04-16 20:30:00,Wednesday,20,0,0,Cloudy,21.7,8,2,6.27,17,26.25
2025-04-16 20:45:00,Wednesday,20,0,0,Cloudy,23.6,8,2,4.53,15,17.92
2025-04-16 21:00:00,Wednesday,21,0,0,Cloudy,20.9,6,2,7.35,11,24.12
2025-04-16 21:15:00,Wednesday,21,0,0,Cloudy,22.0,7,2,6.88,11,22.65
2025-04-16 21:30:00,Wednesday,21,0,0,Windy,20.9,5,1,7.13,9,36.98
2025-04-16 21:45:00,Wednesday,21,0,0,Cloudy,22.0,8,2,6.66,16,25.18
2025-04-17 08:00:00,Thursday,8,0,0,Cloudy,22.1,2,4,5.49,4,0.5
2025-04-17 08:15:00,Thursday,8,0,0,Cloudy,25.3,5,4,4.78,10,5.63
2025-04-17 08:30:00,Thursday,8,0,0,Cloudy,24.8,2,4,5.42,1,0.5
2025-04-17 08:45:00,Thursday,8,0,0,Cloudy,23.0,1,4,6.01,2,0.5
2025-04-17 09:00:00,Thursday,9,0,0,Cloudy,25.7,2,5,5.33,6,0.5
2025-04-17 09:15:00,Thursday,9,0,0,Cloudy,23.0,2,6,5.4,5,0.5
2025-04-17 09:30:00,Thursday,9,0,0,Cloudy,23.1,3,5,5.77,5,0.9
2025-04-17 09:45:00,Thursday,9,0,0,Cloudy,23.2,4,5,6.59,5,1.16
2025-04-17 10:00:00,Thursday,10,0,0,Cloudy,25.7,7,5,5.56,15,5.03
2025-04-17 10:15:00,Thursday,10,0,0,Cloudy,22.4,5,5,5.45,13,0.5
2025-04-17 10:30:00,Thursday,10,0,0,Cloudy,25.1,6,4,4.99,10,0.5
2025-04-17 10:45:00,Thursday,10,0,0,Cloudy,25.2,5,5,5.86,6,0.5
2025-04-17 11:00:00,Thursday,11,0,0,Cloudy,23.8,6,6,5.17,11,0.5
2025-04-17 11:15:00,Thursday,11,0,0,Cloudy,24.6,7,6,5.84,11,2.0
2025-04-17 11:30:00,Thursday,11,0,0,Cloudy,22.9,11,6,5.1,24,5.86
2025-04-17 11:45:00,Thursday,11,0,0,Cloudy,23.0,11,5,4.72,23,6.91
2025-04-17 12:00:00,Thursday,12,0,0,Cloudy,23.3,10,6,5.69,18,5.12
2025-04-17 12:15:00,Thursday,12,0,0,Cloudy,22.4,10,6,4.68,20,3.54
2025-04-17 12:30:00,Thursday,12,0,0,Cloudy,24.3,11,5,5.71,23,13.15
2025-04-17 12:45:00,Thursday,12,0,0,Cloudy,23.5,8,6,6.27,14,4.25
2025-04-17 13:00:00,Thursday,13,0,0,Cloudy,22.7,6,6,5.17,9,0.5
2025-04-17 13:15:00,Thursday,13,0,0,Cloudy,24.3,9,6,6.77,19,5.14
2025-04-17 13:30:00,Thursday,13,0,0,Cloudy,24.8,13,6,5.11,27,8.8
2025-04-17 13:45:00,Thursday,13,0,0,Cloudy,25.8,8,6,4.98,17,0.52
2025-04-17 14:00:00,Thursday,14,0,0,Cloudy,25.9,2,5,4.44,0,0.5
2025-04-17 14:15:00,Thursday,14,0,0,Cloudy,23.5,4,5,6.25,8,6.73
2025-04-17 14:30:00,Thursday,14,0,0,Cloudy,23.8,6,5,5.9,12,2.26
2025-04-17 14:45:00,Thursday,14,0,0,Cloudy,24.0,7,5,5.7,14,3.41
2025-04-17 15:00:00,Thursday,15,0,0,Cloudy,23.9,2,5,6.29,2,0.5
2025-04-17 15:15:00,Thursday,15,0,0,Cloudy,21.8,7,5,5.27,16,9.68
2025-04-17 15:30:00,Thursday,15,0,0,Cloudy,23.3,8,6,5.49,12,1.29
2025-04-17 15:45:00,Thursday,15,0,0,Cloudy,26.0,6,4,6.48,12,8.32
2025-04-17 16:00:00,Thursday,16,0,0,Sunny,24.6,3,6,5.36,7,3.6
2025-04-17 16:15:00,Thursday,16,0,0,Cloudy,27.5,4,5,6.09,9,0.5
2025-04-17 16:30:00,Thursday,16,0,0,Cloudy,24.1,5,5,5.87,7,0.5
2025-04-17 16:45:00,Thursday,16,0,0,Cloudy,22.2,7,5,5.12,12,7.96
2025-04-17 17:00:00,Thursday,17,0,0,Cloudy,24.7,5,5,4.56,14,0.5
2025-04-17 17:15:00,Thursday,17,0,0,Cloudy,25.5,15,5,7.15,28,25.02
2025-04-17 17:30:00,Thursday,17,0,0,Cloudy,24.4,13,5,5.23,26,12.3
2025-04-17 17:45:00,Thursday,17,0,0,Cloudy,21.3,10,5,4.63,18,9.27
2025-04-17 18:00:00,Thursday,18,0,0,Cloudy,24.2,10,6,5.72,22,3.53
2025-04-17 18:15:00,Thursday,18,0,0,Cloudy,23.1,10,5,5.42,16,5.09
2025-04-17 18:30:00,Thursday,18,0,0,Cloudy,23.5,8,5,5.54,15,4.51
2025-04-17 18:45:00,Thursday,18,0,0,Cloudy,24.8,17,5,3.99,36,14.47
2025-04-17 19:00:00,Thursday,19,0,0,Cloudy,23.7,15,5,5.09,28,13.41
2025-04-17 19:15:00,Thursday,19,0,0,Cloudy,22.1,10,5,5.29,22,10.29
2025-04-17 19:30:00,Thursday,19,0,0,Cloudy,22.2,7,5,4.91,13,2.71
2025-04-17 19:45:00,Thursday,19,0,0,Cloudy,24.3,6,5,4.16,9,1.99
2025-04-17 20:00:00,Thursday,20,0,0,Cloudy,25.5,9,5,6.22,13,8.53
2025-04-17 20:15:00,Thursday,20,0,0,Cloudy,24.1,6,4,5.18,14,5.89
2025-04-17 20:30:00,Thursday,20,0,0,Cloudy,23.4,8,5,4.68,18,4.69
2025-04-17 20:45:00,Thursday,20,0,0,Cloudy,23.4,6,4,4.84,12,0.5
2025-04-17 21:00:00,Thursday,21,0,0,Cloudy,20.4,3,4,6.27,8,5.2
2025-04-17 21:15:00,Thursday,21,0,0,Cloudy,23.3,6,5,4.81,14,1.17
2025-04-17 21:30:00,Thursday,21,0,0,Cloudy,21.1,4,3,5.29,12,6.19
2025-04-17 21:45:00,Thursday,21,0,0,Cloudy,20.8,4,4,4.17,10,4.14
2025-04-18 08:00:00,Friday,8,0,0,Sunny,25.4,2,3,5.68,7,0.5
2025-04-18 08:15:00,Friday,8,0,0,Sunny,23.7,0,3,5.04,0,0.5
2025-04-18 08:30:00,Friday,8,0,0,Sunny,22.6,1,3,5.32,0,0.5
2025-04-18 08:45:00,Friday,8,0,0,Sunny,21.2,1,3,4.64,7,0.5
2025-04-18 09:00:00,Friday,9,0,0,Sunny,25.6,2,4,3.4,3,2.74
2025-04-18 09:15:00,Friday,9,0,0,Sunny,23.3,1,5,4.97,1,0.5
2025-04-18 09:30:00,Friday,9,0,0,Sunny,22.8,2,4,6.4,6,0.58
2025-04-18 09:45:00,Friday,9,0,0,Cloudy,24.2,2,3,4.94,2,2.75
2025-04-18 10:00:00,Friday,10,0,0,Sunny,24.1,4,4,4.93,8,0.5
2025-04-18 10:15:00,Friday,10,0,0,Sunny,23.1,5,4,5.81,9,7.64
2025-04-18 10:30:00,Friday,10,0,0,Sunny,21.6,2,4,6.35,2,1.27
2025-04-18 10:45:00,Friday,10,0,0,Sunny,21.3,5,4,5.81,9,0.5
2025-04-18 11:00:00,Friday,11,0,0,Sunny,25.1,3,5,4.42,2,0.5
2025-04-18 11:15:00,Friday,11,0,0,Sunny,24.2,3,5,6.3,4,0.5
2025-04-18 11:30:00,Friday,11,0,0,Sunny,24.6,4,5,5.31,8,0.5
2025-04-18 11:45:00,Friday,11,0,0,Sunny,21.2,4,5,4.41,5,0.5
2025-04-18 12:00:00,Friday,12,0,0,Sunny,24.5,13,5,5.93,22,13.8
2025-04-18 12:15:00,Friday,12,0,0,Sunny,25.3,14,4,5.85,25,19.88
2025-04-18 12:30:00,Friday,12,0,0,Rainy,23.6,10,5,6.03,22,9.54
2025-04-18 12:45:00,Friday,12,0,0,Sunny,24.2,11,5,5.03,23,7.58
2025-04-18 13:00:00,Friday,13,0,0,Sunny,24.0,14,5,6.69,27,14.28
2025-04-18 13:15:00,Friday,13,0,0,Sunny,26.6,11,5,4.73,22,6.34
2025-04-18 13:30:00,Friday,13,0,0,Sunny,23.7,10,5,5.67,24,3.69
2025-04-18 13:45:00,Friday,13,0,0,Sunny,26.2,8,5,4.32,15,3.49
2025-04-18 14:00:00,Friday,14,0,0,Sunny,24.7,11,5,3.47,18,0.58
2025-04-18 14:15:00,Friday,14,0,0,Sunny,23.7,8,4,4.8,13,6.03
2025-04-18 14:30:00,Friday,14,0,0,Sunny,23.1,6,4,5.13,11,5.85
2025-04-18 14:45:00,Friday,14,0,0,Sunny,26.0,2,4,6.5,3,0.5
2025-04-18 15:00:00,Friday,15,0,0,Sunny,24.5,0,4,4.6,0,0.5
2025-04-18 15:15:00,Friday,15,0,0,Sunny,21.8,6,4,5.64,12,5.69
2025-04-18 15:30:00,Friday,15,0,0,Sunny,23.6,6,5,5.48,8,1.46
2025-04-18 15:45:00,Friday,15,0,0,Sunny,25.5,6,4,5.28,16,9.11
2025-04-18 16:00:00,Friday,16,0,0,Sunny,27.2,8,4,4.81,20,5.23
2025-04-18 16:15:00,Friday,16,0,0,Sunny,26.1,4,4,5.75,5,3.62
2025-04-18 16:30:00,Friday,16,0,0,Sunny,26.2,10,4,5.82,23,11.51
2025-04-18 16:45:00,Friday,16,0,0,Sunny,26.9,7,4,4.82,12,2.9
2025-04-18 17:00:00,Friday,17,0,0,Sunny,23.7,8,4,5.22,16,11.3
2025-04-18 17:15:00,Friday,17,0,0,Sunny,21.2,12,5,5.29,20,4.88
2025-04-18 17:30:00,Friday,17,0,0,Cloudy,24.4,15,4,6.08,24,18.47
2025-04-18 17:45:00,Friday,17,0,0,Sunny,25.9,4,5,4.39,7,4.25
2025-04-18 18:00:00,Friday,18,0,0,Sunny,20.4,11,5,6.54,22,10.83
2025-04-18 18:15:00,Friday,18,0,0,Sunny,23.7,17,4,4.91,30,22.15
2025-04-18 18:30:00,Friday,18,0,0,Cloudy,25.1,12,5,5.59,25,17.76
2025-04-18 18:45:00,Friday,18,0,0,Sunny,26.7,9,4,6.3,18,8.37
2025-04-18 19:00:00,Friday,19,0,0,Sunny,26.5,17,4,5.96,37,29.69
2025-04-18 19:15:00,Friday,19,0,0,Sunny,25.5,19,4,6.55,42,27.91
2025-04-18 19:30:00,Friday,19,0,0,Sunny,20.6,12,4,5.85,25,19.13
2025-04-18 19:45:00,Friday,19,0,0,Windy,22.7,11,4,7.52,18,18.22
2025-04-18 20:00:00,Friday,20,0,0,Sunny,19.9,10,4,5.84,20,12.61
2025-04-18 20:15:00,Friday,20,0,0,Sunny,23.0,13,3,5.38,24,25.59
2025-04-18 20:30:00,Friday,20,0,0,Sunny,23.4,4,4,6.4,6,1.2
2025-04-18 20:45:00,Friday,20,0,0,Sunny,25.4,9,2,6.82,18,28.74
2025-04-18 21:00:00,Friday,21,0,0,Sunny,26.4,3,3,5.99,9,0.5
2025-04-18 21:15:00,Friday,21,0,0,Sunny,25.1,3,3,4.81,4,3.65
2025-04-18 21:30:00,Friday,21,0,0,Sunny,25.9,7,3,5.21,11,8.72
2025-04-18 21:45:00,Friday,21,0,0,Sunny,24.4,5,3,4.56,11,3.53
2025-04-19 08:00:00,Saturday,8,1,0,Sunny,27.9,1,4,6.79,1,0.5
2025-04-19 08:15:00,Saturday,8,1,0,Sunny,28.8,1,4,5.54,1,0.5
2025-04-19 08:30:00,Saturday,8,1,0,Sunny,30.1,3,3,6.94,5,8.6
2025-04-19 08:45:00,Saturday,8,1,0,Sunny,28.5,2,4,4.45,3,0.5
2025-04-19 09:00:00,Saturday,9,1,0,Sunny,27.7,3,5,4.99,9,0.5
2025-04-19 09:15:00,Saturday,9,1,0,Sunny,25.6,3,5,4.31,7,0.64
2025-04-19 09:30:00,Saturday,9,1,0,Sunny,30.2,7,5,6.71,13,7.61
2025-04-19 09:45:00,Saturday,9,1,0,Sunny,27.5,2,4,6.01,4,0.5
2025-04-19 10:00:00,Saturday,10,1,0,Sunny,30.8,7,5,5.14,10,3.76
2025-04-19 10:15:00,Saturday,10,1,0,Sunny,26.9,3,4,5.59,7,5.64
2025-04-19 10:30:00,Saturday,10,1,0,Sunny,30.2,6,5,6.64,10,6.84
2025-04-19 10:45:00,Saturday,10,1,0,Sunny,29.3,10,5,5.48,20,9.69
2025-04-19 11:00:00,Saturday,11,1,0,Sunny,28.3,9,6,4.55,22,2.11
2025-04-19 11:15:00,Saturday,11,1,0,Sunny,29.5,7,5,5.13,10,3.6
2025-04-19 11:30:00,Saturday,11,1,0,Sunny,31.4,11,6,5.98,18,5.86
2025-04-19 11:45:00,Saturday,11,1,0,Sunny,31.4,19,6,5.34,41,19.16
2025-04-19 12:00:00,Saturday,12,1,0,Sunny,30.0,18,6,5.95,30,18.14
2025-04-19 12:15:00,Saturday,12,1,0,Sunny,29.7,16,7,6.75,36,13.81
2025-04-19 12:30:00,Saturday,12,1,0,Sunny,30.9,12,6,6.3,25,11.27
2025-04-19 12:45:00,Saturday,12,1,0,Sunny,32.1,13,5,5.71,26,14.07
2025-04-19 13:00:00,Saturday,13,1,0,Stormy,31.2,14,6,5.77,26,12.85
2025-04-19 13:15:00,Saturday,13,1,0,Sunny,30.3,13,6,6.58,25,13.74
2025-04-19 13:30:00,Saturday,13,1,0,Sunny,31.4,12,6,5.36,22,5.58
2025-04-19 13:45:00,Saturday,13,1,0,Sunny,31.6,14,6,5.97,25,12.93
2025-04-19 14:00:00,Saturday,14,1,0,Sunny,31.6,9,6,5.46,21,8.04
2025-04-19 14:15:00,Saturday,14,1,0,Sunny,31.9,10,5,4.17,18,5.02
2025-04-19 14:30:00,Saturday,14,1,0,Sunny,30.9,8,4,4.84,12,11.89
2025-04-19 14:45:00,Saturday,14,1,0,Sunny,32.5,6,5,4.74,8,2.91
2025-04-19 15:00:00,Saturday,15,1,0,Sunny,33.5,3,5,5.81,4,0.5
2025-04-19 15:15:00,Saturday,15,1,0,Sunny,30.3,12,6,6.14,23,9.88
2025-04-19 15:30:00,Saturday,15,1,0,Sunny,31.3,5,5,5.03,13,3.44
2025-04-19 15:45:00,Saturday,15,1,0,Sunny,31.9,12,5,4.89,21,7.47
2025-04-19 16:00:00,Saturday,16,1,0,Cloudy,31.4,6,5,6.09,12,3.23
2025-04-19 16:15:00,Saturday,16,1,0,Sunny,31.4,11,5,6.33,18,8.47
2025-04-19 16:30:00,Saturday,16,1,0,Sunny,28.2,11,5,4.94,22,7.02
2025-04-19 16:45:00,Saturday,16,1,0,Sunny,32.0,6,5,6.21,11,2.7
2025-04-19 17:00:00,Saturday,17,1,0,Sunny,32.6,15,5,6.77,22,16.7
2025-04-19 17:15:00,Saturday,17,1,0,Sunny,30.5,16,5,8.46,32,28.32
2025-04-19 17:30:00,Saturday,17,1,0,Sunny,31.4,13,5,5.98,28,15.76
2025-04-19 17:45:00,Saturday,17,1,0,Sunny,29.8,10,5,5.73,20,7.99
2025-04-19 18:00:00,Saturday,18,1,0,Sunny,29.9,19,5,5.88,31,21.37
2025-04-19 18:15:00,Saturday,18,1,0,Sunny,32.3,13,5,4.77,23,8.43
2025-04-19 18:30:00,Saturday,18,1,0,Sunny,28.6,19,5,7.93,42,33.96
2025-04-19 18:45:00,Saturday,18,1,0,Sunny,28.9,13,6,6.01,23,14.82
2025-04-19 19:00:00,Saturday,19,1,0,Sunny,33.1,15,5,5.74,27,16.24
2025-04-19 19:15:00,Saturday,19,1,0,Sunny,30.4,13,5,6.51,23,14.78
2025-04-19 19:30:00,Saturday,19,1,0,Sunny,31.2,17,5,6.04,38,25.27
2025-04-19 19:45:00,Saturday,19,1,0,Sunny,29.2,13,5,5.38,25,6.93
2025-04-19 20:00:00,Saturday,20,1,0,Sunny,28.1,12,5,6.22,24,14.81
2025-04-19 20:15:00,Saturday,20,1,0,Sunny,27.4,12,3,7.41,20,29.49
2025-04-19 20:30:00,Saturday,20,1,0,Sunny,30.1,15,4,5.48,23,20.35
2025-04-19 20:45:00,Saturday,20,1,0,Sunny,30.6,10,4,5.07,22,18.39
2025-04-19 21:00:00,Saturday,21,1,0,Sunny,28.6,6,3,4.76,16,5.43
2025-04-19 21:15:00,Saturday,21,1,0,Sunny,28.6,10,3,6.03,18,22.21
2025-04-19 21:30:00,Saturday,21,1,0,Sunny,32.9,5,4,7.24,9,6.96
2025-04-19 21:45:00,Saturday,21,1,0,Sunny,29.0,5,4,4.45,12,6.51
2025-04-20 08:00:00,Sunday,8,1,0,Sunny,25.4,2,4,5.17,4,0.5
2025-04-20 08:15:00,Sunday,8,1,0,Sunny,24.9,3,4,5.17,3,5.71
2025-04-20 08:30:00,Sunday,8,1,0,Sunny,28.3,5,4,6.17,14,5.99
2025-04-20 08:45:00,Sunday,8,1,0,Sunny,27.3,2,4,4.71,4,0.5
2025-04-20 09:00:00,Sunday,9,1,0,Sunny,28.5,4,5,5.15,11,0.5
2025-04-20 09:15:00,Sunday,9,1,0,Sunny,26.1,1,5,5.39,0,1.59
2025-04-20 09:30:00,Sunday,9,1,0,Sunny,27.8,3,5,6.55,9,1.39
2025-04-20 09:45:00,Sunday,9,1,0,Sunny,26.0,1,6,5.85,1,0.5
2025-04-20 10:00:00,Sunday,10,1,0,Sunny,25.8,2,5,4.51,1,0.5
2025-04-20 10:15:00,Sunday,10,1,0,Sunny,28.6,7,5,5.13,14,1.37
2025-04-20 10:30:00,Sunday,10,1,0,Sunny,26.9,4,5,6.91,7,1.76
2025-04-20 10:45:00,Sunday,10,1,0,Sunny,25.0,6,5,6.13,8,2.54
2025-04-20 11:00:00,Sunday,11,1,0,Sunny,29.5,5,6,5.16,10,3.97
2025-04-20 11:15:00,Sunday,11,1,0,Sunny,27.5,1,6,4.75,4,0.5
2025-04-20 11:30:00,Sunday,11,1,0,Cloudy,29.0,14,6,5.87,22,13.12
2025-04-20 11:45:00,Sunday,11,1,0,Sunny,28.5,12,6,5.67,22,4.94
2025-04-20 12:00:00,Sunday,12,1,0,Sunny,26.6,19,5,7.03,34,25.6
2025-04-20 12:15:00,Sunday,12,1,0,Sunny,27.2,19,5,6.74,41,27.58
2025-04-20 12:30:00,Sunday,12,1,0,Sunny,28.3,17,5,6.75,29,23.46
2025-04-20 12:45:00,Sunday,12,1,0,Sunny,28.8,17,6,5.45,36,15.05
2025-04-20 13:00:00,Sunday,13,1,0,Sunny,30.1,11,6,5.02,21,11.28
2025-04-20 13:15:00,Sunday,13,1,0,Sunny,28.0,13,6,6.31,23,11.89
2025-04-20 13:30:00,Sunday,13,1,0,Sunny,28.2,12,6,6.03,23,12.5
2025-04-20 13:45:00,Sunday,13,1,0,Sunny,29.2,9,7,4.78,19,3.88
2025-04-20 14:00:00,Sunday,14,1,0,Sunny,26.9,6,7,5.82,11,5.23
2025-04-20 14:15:00,Sunday,14,1,0,Sunny,27.5,10,5,5.35,17,8.92
2025-04-20 14:30:00,Sunday,14,1,0,Sunny,30.3,3,5,5.97,4,0.5
2025-04-20 14:45:00,Sunday,14,1,0,Sunny,26.3,3,5,5.11,8,1.31
2025-04-20 15:00:00,Sunday,15,1,0,Sunny,30.8,6,4,4.92,11,4.9
2025-04-20 15:15:00,Sunday,15,1,0,Sunny,28.6,3,5,5.99,6,1.94
2025-04-20 15:30:00,Sunday,15,1,0,Cloudy,28.9,5,5,4.74,12,0.66
2025-04-20 15:45:00,Sunday,15,1,0,Sunny,28.8,5,6,6.04,9,0.5
2025-04-20 16:00:00,Sunday,16,1,0,Sunny,30.6,13,4,5.31,28,16.31
2025-04-20 16:15:00,Sunday,16,1,0,Sunny,28.8,7,5,5.74,10,1.98
2025-04-20 16:30:00,Sunday,16,1,0,Sunny,29.0,9,5,6.4,17,7.7
2025-04-20 16:45:00,Sunday,16,1,0,Sunny,25.6,18,5,6.05,28,24.59
2025-04-20 17:00:00,Sunday,17,1,0,Sunny,27.6,15,5,5.55,22,15.08
2025-04-20 17:15:00,Sunday,17,1,0,Sunny,26.0,16,5,5.81,30,16.03
2025-04-20 17:30:00,Sunday,17,1,0,Sunny,28.5,21,5,6.45,38,29.28
2025-04-20 17:45:00,Sunday,17,1,0,Sunny,29.0,20,5,5.66,38,23.63
2025-04-20 18:00:00,Sunday,18,1,0,Sunny,27.4,13,5,4.76,18,8.46
2025-04-20 18:15:00,Sunday,18,1,0,Sunny,26.4,18,5,6.79,40,29.09
2025-04-20 18:30:00,Sunday,18,1,0,Sunny,26.0,25,5,6.23,47,33.48
2025-04-20 18:45:00,Sunday,18,1,0,Sunny,26.5,16,6,6.74,28,16.27
2025-04-20 19:00:00,Sunday,19,1,0,Sunny,30.4,16,5,7.37,35,26.2
2025-04-20 19:15:00,Sunday,19,1,0,Sunny,27.9,11,6,5.89,23,9.32
2025-04-20 19:30:00,Sunday,19,1,0,Sunny,24.3,16,5,6.28,29,22.52
2025-04-20 19:45:00,Sunday,19,1,0,Sunny,29.1,10,5,4.99,22,8.9
2025-04-20 20:00:00,Sunday,20,1,0,Sunny,29.1,19,5,6.21,31,23.93
2025-04-20 20:15:00,Sunday,20,1,0,Sunny,27.5,12,4,5.94,25,16.03
2025-04-20 20:30:00,Sunday,20,1,0,Sunny,27.0,9,4,6.34,18,13.04
2025-04-20 20:45:00,Sunday,20,1,0,Sunny,27.7,13,4,6.18,25,20.39
2025-04-20 21:00:00,Sunday,21,1,0,Sunny,28.7,14,4,5.74,25,26.95
2025-04-20 21:15:00,Sunday,21,1,0,Sunny,24.8,7,4,5.91,13,8.18
2025-04-20 21:30:00,Sunday,21,1,0,Sunny,25.4,4,3,6.93,13,9.79
2025-04-20 21:45:00,Sunday,21,1,0,Sunny,28.0,3,4,5.82,6,3.64
2025-04-21 08:00:00,Monday,8,0,0,Cloudy,18.0,1,3,6.44,3,2.4
2025-04-21 08:15:00,Monday,8,0,0,Cloudy,22.3,1,3,5.56,1,0.5
2025-04-21 08:30:00,Monday,8,0,0,Cloudy,21.5,2,3,5.11,3,0.5
2025-04-21 08:45:00,Monday,8,0,0,Cloudy,21.4,6,3,5.33,10,9.15
2025-04-21 09:00:00,Monday,9,0,0,Cloudy,21.5,3,4,5.3,6,0.5
2025-04-21 09:15:00,Monday,9,0,0,Cloudy,20.8,2,4,6.29,5,0.5
2025-04-21 09:30:00,Monday,9,0,0,Cloudy,18.8,0,4,5.78,3,0.5
2025-04-21 09:45:00,Monday,9,0,0,Cloudy,25.1,4,4,5.19,6,0.5
2025-04-21 10:00:00,Monday,10,0,0,Sunny,21.7,5,4,6.33,11,5.15
2025-04-21 10:15:00,Monday,10,0,0,Cloudy,21.2,4,4,4.86,3,0.5
2025-04-21 10:30:00,Monday,10,0,0,Cloudy,22.9,2,4,5.89,8,0.5
2025-04-21 10:45:00,Monday,10,0,0,Cloudy,18.2,3,4,6.31,5,0.5
2025-04-21 11:00:00,Monday,11,0,0,Cloudy,18.7,8,5,5.36,17,4.18
2025-04-21 11:15:00,Monday,11,0,0,Cloudy,18.2,9,5,4.2,18,3.08
2025-04-21 11:30:00,Monday,11,0,0,Cloudy,17.3,5,5,5.67,11,0.9
2025-04-21 11:45:00,Monday,11,0,0,Cloudy,21.6,7,5,3.88,13,0.5
2025-04-21 12:00:00,Monday,12,0,0,Cloudy,22.1,5,5,5.01,9,1.31
2025-04-21 12:15:00,Monday,12,0,0,Cloudy,18.3,11,6,5.33,21,3.01
2025-04-21 12:30:00,Monday,12,0,0,Cloudy,18.6,8,5,6.08,14,7.87
2025-04-21 12:45:00,Monday,12,0,0,Cloudy,21.2,11,5,4.72,23,10.96
2025-04-21 13:00:00,Monday,13,0,0,Cloudy,22.4,8,5,5.5,14,7.6
2025-04-21 13:15:00,Monday,13,0,0,Cloudy,22.7,13,5,6.1,26,18.32
2025-04-21 13:30:00,Monday,13,0,0,Cloudy,18.8,9,5,5.1,20,6.89
2025-04-21 13:45:00,Monday,13,0,0,Cloudy,18.5,5,5,4.09,8,0.5
2025-04-21 14:00:00,Monday,14,0,0,Cloudy,22.3,2,6,5.72,1,0.5
2025-04-21 14:15:00,Monday,14,0,0,Cloudy,18.5,4,3,6.09,7,4.35
2025-04-21 14:30:00,Monday,14,0,0,Cloudy,20.1,4,3,5.37,10,3.63
2025-04-21 14:45:00,Monday,14,0,0,Cloudy,22.6,7,4,5.66,11,7.7
2025-04-21 15:00:00,Monday,15,0,0,Cloudy,23.5,1,4,5.04,4,0.5
2025-04-21 15:15:00,Monday,15,0,0,Cloudy,19.7,4,4,5.7,5,4.81
2025-04-21 15:30:00,Monday,15,0,0,Sunny,18.4,9,5,4.49,16,5.82
2025-04-21 15:45:00,Monday,15,0,0,Cloudy,19.8,5,4,4.91,13,3.74
2025-04-21 16:00:00,Monday,16,0,0,Cloudy,22.4,6,3,5.08,12,8.58
2025-04-21 16:15:00,Monday,16,0,0,Cloudy,21.6,4,4,5.83,11,0.5
2025-04-21 16:30:00,Monday,16,0,0,Cloudy,21.1,12,4,5.36,26,13.0
2025-04-21 16:45:00,Monday,16,0,0,Cloudy,20.7,12,4,5.05,21,9.07
2025-04-21 17:00:00,Monday,17,0,0,Cloudy,21.0,10,4,5.78,17,10.4
2025-04-21 17:15:00,Monday,17,0,0,Cloudy,17.6,12,4,4.39,22,7.63
2025-04-21 17:30:00,Monday,17,0,0,Cloudy,18.6,16,4,7.01,30,24.04
2025-04-21 17:45:00,Monday,17,0,0,Cloudy,22.4,8,4,6.37,17,8.12
2025-04-21 18:00:00,Monday,18,0,0,Cloudy,21.3,14,4,6.12,28,19.08
2025-04-21 18:15:00,Monday,18,0,0,Cloudy,23.6,8,4,4.96,16,8.64
2025-04-21 18:30:00,Monday,18,0,0,Cloudy,21.8,11,4,4.73,20,8.73
2025-04-21 18:45:00,Monday,18,0,0,Cloudy,19.4,12,4,6.72,21,20.96
2025-04-21 19:00:00,Monday,19,0,0,Cloudy,20.4,9,4,6.72,18,9.53
2025-04-21 19:15:00,Monday,19,0,0,Cloudy,20.0,4,4,4.97,8,1.77
2025-04-21 19:30:00,Monday,19,0,0,Cloudy,20.3,16,4,6.4,29,24.26
2025-04-21 19:45:00,Monday,19,0,0,Cloudy,21.2,10,5,5.89,17,7.4
2025-04-21 20:00:00,Monday,20,0,0,Cloudy,20.8,9,4,4.71,17,10.07
2025-04-21 20:15:00,Monday,20,0,0,Cloudy,20.8,8,3,6.13,15,17.23
2025-04-21 20:30:00,Monday,20,0,0,Cloudy,21.0,5,3,5.63,8,8.51
2025-04-21 20:45:00,Monday,20,0,0,Cloudy,17.7,7,3,5.07,12,9.96
2025-04-21 21:00:00,Monday,21,0,0,Cloudy,20.2,7,3,4.04,13,2.48
2025-04-21 21:15:00,Monday,21,0,0,Cloudy,21.6,5,3,4.31,7,6.04
2025-04-21 21:30:00,Monday,21,0,0,Cloudy,21.6,3,3,7.07,5,6.31
2025-04-21 21:45:00,Monday,21,0,0,Cloudy,19.6,5,3,5.64,11,10.79
2025-04-22 08:00:00,Tuesday,8,0,0,Rainy,13.0,2,2,4.7,3,3.49
2025-04-22 08:15:00,Tuesday,8,0,0,Rainy,15.0,1,2,3.67,4,0.5
2025-04-22 08:30:00,Tuesday,8,0,0,Rainy,13.2,1,2,4.28,1,0.54
2025-04-22 08:45:00,Tuesday,8,0,0,Rainy,14.6,2,2,5.77,3,11.79
2025-04-22 09:00:00,Tuesday,9,0,0,Rainy,14.6,1,3,4.94,1,0.5
2025-04-22 09:15:00,Tuesday,9,0,0,Rainy,11.7,1,3,5.32,3,2.26
2025-04-22 09:30:00,Tuesday,9,0,0,Cloudy,16.8,3,3,4.87,5,3.64
2025-04-22 09:45:00,Tuesday,9,0,0,Rainy,13.7,2,4,4.44,5,0.5
2025-04-22 10:00:00,Tuesday,10,0,0,Rainy,15.2,2,3,6.11,4,4.23
2025-04-22 10:15:00,Tuesday,10,0,0,Rainy,17.5,3,4,4.98,4,3.01
2025-04-22 10:30:00,Tuesday,10,0,0,Rainy,16.2,2,3,6.33,3,5.2
2025-04-22 10:45:00,Tuesday,10,0,0,Rainy,15.6,9,3,6.33,20,18.58
2025-04-22 11:00:00,Tuesday,11,0,0,Rainy,13.3,2,4,5.47,4,0.5
2025-04-22 11:15:00,Tuesday,11,0,0,Rainy,16.6,5,4,4.72,9,0.5
2025-04-22 11:30:00,Tuesday,11,0,0,Rainy,17.1,4,4,5.89,10,6.69
2025-04-22 11:45:00,Tuesday,11,0,0,Rainy,15.8,7,4,4.98,15,7.77
2025-04-22 12:00:00,Tuesday,12,0,0,Rainy,15.4,9,4,3.57,17,7.99
2025-04-22 12:15:00,Tuesday,12,0,0,Sunny,16.9,12,4,5.41,26,17.19
2025-04-22 12:30:00,Tuesday,12,0,0,Rainy,15.1,9,4,6.29,13,18.98
2025-04-22 12:45:00,Tuesday,12,0,0,Rainy,12.5,13,4,5.86,28,16.76
2025-04-22 13:00:00,Tuesday,13,0,0,Rainy,14.9,5,4,5.32,11,7.88
2025-04-22 13:15:00,Tuesday,13,0,0,Rainy,14.6,9,3,5.09,12,16.0
2025-04-22 13:30:00,Tuesday,13,0,0,Rainy,13.7,8,4,6.53,19,7.28
2025-04-22 13:45:00,Tuesday,13,0,0,Rainy,13.9,4,4,6.7,9,6.53
2025-04-22 14:00:00,Tuesday,14,0,0,Rainy,14.8,7,3,5.56,14,14.5
2025-04-22 14:15:00,Tuesday,14,0,0,Stormy,18.0,6,2,5.6,15,20.5
2025-04-22 14:30:00,Tuesday,14,0,0,Cloudy,14.5,7,3,7.68,14,13.45
2025-04-22 14:45:00,Tuesday,14,0,0,Rainy,16.3,4,3,6.59,5,10.11
2025-04-22 15:00:00,Tuesday,15,0,0,Rainy,14.3,5,3,5.65,9,8.59
2025-04-22 15:15:00,Tuesday,15,0,0,Rainy,14.8,1,3,5.01,3,2.62
2025-04-22 15:30:00,Tuesday,15,0,0,Rainy,14.3,2,3,7.95,3,1.89
2025-04-22 15:45:00,Tuesday,15,0,0,Rainy,16.8,3,3,5.54,5,10.65
2025-04-22 16:00:00,Tuesday,16,0,0,Sunny,16.1,4,3,4.82,5,2.28
2025-04-22 16:15:00,Tuesday,16,0,0,Rainy,13.8,4,3,5.95,6,8.81
2025-04-22 16:30:00,Tuesday,16,0,0,Rainy,16.3,9,3,7.14,17,20.53
2025-04-22 16:45:00,Tuesday,16,0,0,Rainy,17.7,9,3,5.79,18,16.53
2025-04-22 17:00:00,Tuesday,17,0,0,Rainy,14.7,6,3,6.24,10,16.17
2025-04-22 17:15:00,Tuesday,17,0,0,Rainy,15.2,5,3,5.87,7,11.09
2025-04-22 17:30:00,Tuesday,17,0,0,Rainy,13.5,7,2,4.8,17,16.98
2025-04-22 17:45:00,Tuesday,17,0,0,Sunny,14.4,9,3,4.78,18,12.22
2025-04-22 18:00:00,Tuesday,18,0,0,Rainy,14.5,7,3,5.09,14,11.64
2025-04-22 18:15:00,Tuesday,18,0,0,Rainy,14.2,11,3,5.59,20,26.17
2025-04-22 18:30:00,Tuesday,18,0,0,Rainy,16.5,15,3,8.59,33,46.97
2025-04-22 18:45:00,Tuesday,18,0,0,Rainy,14.8,11,3,6.74,21,26.78
2025-04-22 19:00:00,Tuesday,19,0,0,Rainy,9.8,9,3,6.16,17,18.89
2025-04-22 19:15:00,Tuesday,19,0,0,Rainy,16.1,11,4,7.31,22,19.94
2025-04-22 19:30:00,Tuesday,19,0,0,Rainy,16.3,7,4,6.2,15,10.87
2025-04-22 19:45:00,Tuesday,19,0,0,Rainy,14.2,3,3,6.41,4,4.71
2025-04-22 20:00:00,Tuesday,20,0,0,Rainy,15.2,6,2,5.63,12,18.34
2025-04-22 20:15:00,Tuesday,20,0,0,Rainy,10.3,10,2,5.93,18,34.31
2025-04-22 20:30:00,Tuesday,20,0,0,Rainy,14.1,9,2,6.18,11,25.13
2025-04-22 20:45:00,Tuesday,20,0,0,Rainy,14.1,5,2,5.86,9,13.32
2025-04-22 21:00:00,Tuesday,21,0,0,Rainy,14.0,5,3,5.64,10,9.05
2025-04-22 21:15:00,Tuesday,21,0,0,Rainy,13.4,4,2,5.78,5,15.99
2025-04-22 21:30:00,Tuesday,21,0,0,Rainy,14.8,4,1,5.29,9,21.75
2025-04-22 21:45:00,Tuesday,21,0,0,Rainy,12.6,0,2,5.79,0,1.24
2025-04-23 08:00:00,Wednesday,8,0,0,Cloudy,27.2,3,4,5.51,8,0.5
2025-04-23 08:15:00,Wednesday,8,0,0,Cloudy,24.8,1,4,5.57,1,0.5
2025-04-23 08:30:00,Wednesday,8,0,0,Cloudy,23.6,0,4,4.9,0,0.5
2025-04-23 08:45:00,Wednesday,8,0,0,Cloudy,23.9,1,4,5.26,1,0.5
2025-04-23 09:00:00,Wednesday,9,0,0,Cloudy,25.7,3,5,6.43,6,0.5
2025-04-23 09:15:00,Wednesday,9,0,0,Cloudy,26.6,5,5,5.75,9,3.03
2025-04-23 09:30:00,Wednesday,9,0,0,Cloudy,26.0,0,4,6.02,3,0.5
2025-04-23 09:45:00,Wednesday,9,0,0,Cloudy,25.3,1,5,5.67,2,0.5
2025-04-23 10:00:00,Wednesday,10,0,0,Cloudy,28.5,5,5,5.93,7,0.5
2025-04-23 10:15:00,Wednesday,10,0,0,Cloudy,25.4,2,5,6.14,1,0.5
2025-04-23 10:30:00,Wednesday,10,0,0,Cloudy,24.8,2,4,6.31,10,0.5
2025-04-23 10:45:00,Wednesday,10,0,0,Cloudy,23.3,4,5,4.69,4,0.5
2025-04-23 11:00:00,Wednesday,11,0,0,Cloudy,25.4,10,5,5.71,21,9.97
2025-04-23 11:15:00,Wednesday,11,0,0,Cloudy,27.0,9,7,4.66,16,0.5
2025-04-23 11:30:00,Wednesday,11,0,0,Cloudy,25.0,5,6,4.04,9,0.5
2025-04-23 11:45:00,Wednesday,11,0,0,Cloudy,25.1,10,6,5.52,16,3.18
2025-04-23 12:00:00,Wednesday,12,0,0,Cloudy,27.4,9,6,4.6,16,3.08
2025-04-23 12:15:00,Wednesday,12,0,0,Cloudy,27.9,6,6,5.55,13,5.81
2025-04-23 12:30:00,Wednesday,12,0,0,Cloudy,24.8,15,6,7.06,31,18.43
2025-04-23 12:45:00,Wednesday,12,0,0,Cloudy,26.2,13,6,5.83,27,5.59
2025-04-23 13:00:00,Wednesday,13,0,0,Sunny,28.4,10,5,5.86,15,6.27
2025-04-23 13:15:00,Wednesday,13,0,0,Cloudy,29.7,9,6,5.45,17,4.71
2025-04-23 13:30:00,Wednesday,13,0,0,Cloudy,24.8,10,6,5.12,20,0.78
2025-04-23 13:45:00,Wednesday,13,0,0,Cloudy,29.8,5,6,5.67,13,1.54
2025-04-23 14:00:00,Wednesday,14,0,0,Cloudy,24.2,5,6,7.08,7,0.72
2025-04-23 14:15:00,Wednesday,14,0,0,Cloudy,24.9,4,5,4.78,9,5.22
2025-04-23 14:30:00,Wednesday,14,0,0,Cloudy,29.8,8,5,5.54,13,1.82
2025-04-23 14:45:00,Wednesday,14,0,0,Cloudy,28.7,4,5,5.47,7,0.5
2025-04-23 15:00:00,Wednesday,15,0,0,Cloudy,24.9,4,5,5.98,6,0.5
2025-04-23 15:15:00,Wednesday,15,0,0,Cloudy,28.8,3,5,5.27,5,0.5
2025-04-23 15:30:00,Wednesday,15,0,0,Cloudy,26.7,3,5,5.08,5,0.5
2025-04-23 15:45:00,Wednesday,15,0,0,Cloudy,25.5,5,5,5.88,8,0.5
2025-04-23 16:00:00,Wednesday,16,0,0,Cloudy,28.4,4,6,4.49,7,0.5
2025-04-23 16:15:00,Wednesday,16,0,0,Cloudy,26.7,9,5,5.85,15,6.94
2025-04-23 16:30:00,Wednesday,16,0,0,Cloudy,23.9,8,5,4.56,14,2.56
2025-04-23 16:45:00,Wednesday,16,0,0,Cloudy,27.6,10,5,6.38,21,7.58
2025-04-23 17:00:00,Wednesday,17,0,0,Cloudy,25.8,5,5,5.9,10,0.5
2025-04-23 17:15:00,Wednesday,17,0,0,Cloudy,27.8,10,5,5.5,18,9.96
2025-04-23 17:30:00,Wednesday,17,0,0,Cloudy,26.1,11,6,5.35,20,2.08
2025-04-23 17:45:00,Wednesday,17,0,0,Cloudy,26.7,8,5,6.64,15,10.29
2025-04-23 18:00:00,Wednesday,18,0,0,Cloudy,24.8,10,5,5.17,20,6.76
2025-04-23 18:15:00,Wednesday,18,0,0,Cloudy,26.2,17,5,7.1,36,24.15
2025-04-23 18:30:00,Wednesday,18,0,0,Cloudy,29.9,11,4,5.64,24,12.46
2025-04-23 18:45:00,Wednesday,18,0,0,Sunny,25.6,13,5,7.76,28,20.37
2025-04-23 19:00:00,Wednesday,19,0,0,Cloudy,24.1,10,4,4.66,17,12.97
2025-04-23 19:15:00,Wednesday,19,0,0,Cloudy,27.8,21,5,4.88,45,21.43
2025-04-23 19:30:00,Wednesday,19,0,0,Cloudy,24.5,15,5,7.44,25,16.55
2025-04-23 19:45:00,Wednesday,19,0,0,Cloudy,23.8,12,5,4.75,24,7.56
2025-04-23 20:00:00,Wednesday,20,0,0,Cloudy,24.6,9,5,5.5,15,4.32
2025-04-23 20:15:00,Wednesday,20,0,0,Cloudy,25.1,10,4,5.45,24,11.53
2025-04-23 20:30:00,Wednesday,20,0,0,Cloudy,27.6,8,4,6.48,15,11.87
2025-04-23 20:45:00,Wednesday,20,0,0,Cloudy,26.4,8,4,4.83,14,5.54
2025-04-23 21:00:00,Wednesday,21,0,0,Cloudy,23.6,7,4,4.94,11,7.13
2025-04-23 21:15:00,Wednesday,21,0,0,Cloudy,26.6,10,4,5.07,21,9.99
2025-04-23 21:30:00,Wednesday,21,0,0,Cloudy,25.4,2,4,5.15,4,0.5
2025-04-23 21:45:00,Wednesday,21,0,0,Cloudy,26.1,2,4,5.58,2,0.5
2025-04-24 08:00:00,Thursday,8,0,0,Sunny,27.0,5,2,7.38,8,19.5
2025-04-24 08:15:00,Thursday,8,0,0,Sunny,26.7,2,2,5.61,7,3.48
2025-04-24 08:30:00,Thursday,8,0,0,Sunny,26.7,1,1,6.1,3,8.27
2025-04-24 08:45:00,Thursday,8,0,0,Sunny,25.5,1,2,6.18,4,0.5
2025-04-24 09:00:00,Thursday,9,0,0,Sunny,27.4,2,3,4.95,2,0.5
2025-04-24 09:15:00,Thursday,9,0,0,Sunny,27.8,1,3,5.34,4,0.5
2025-04-24 09:30:00,Thursday,9,0,0,Sunny,27.7,2,3,5.69,4,0.5
2025-04-24 09:45:00,Thursday,9,0,0,Cloudy,27.5,1,3,5.94,1,3.77
2025-04-24 10:00:00,Thursday,10,0,0,Sunny,29.5,2,4,5.32,0,0.5
2025-04-24 10:15:00,Thursday,10,0,0,Sunny,27.9,6,4,6.53,13,13.1
2025-04-24 10:30:00,Thursday,10,0,0,Sunny,27.8,11,3,5.46,17,19.05
2025-04-24 10:45:00,Thursday,10,0,0,Sunny,30.7,8,3,6.07,15,14.2
2025-04-24 11:00:00,Thursday,11,0,0,Sunny,29.6,6,4,5.47,13,3.82
2025-04-24 11:15:00,Thursday,11,0,0,Sunny,28.0,7,4,4.99,13,7.23
2025-04-24 11:30:00,Thursday,11,0,0,Sunny,24.8,6,3,6.13,11,7.79
2025-04-24 11:45:00,Thursday,11,0,0,Sunny,28.9,6,4,5.77,9,5.0
2025-04-24 12:00:00,Thursday,12,0,0,Sunny,26.1,11,4,6.07,20,15.25
2025-04-24 12:15:00,Thursday,12,0,0,Sunny,28.8,12,5,7.06,22,18.06
2025-04-24 12:30:00,Thursday,12,0,0,Sunny,29.1,5,4,7.45,8,9.55
2025-04-24 12:45:00,Thursday,12,0,0,Windy,27.8,15,4,7.17,29,27.97
2025-04-24 13:00:00,Thursday,13,0,0,Sunny,29.6,8,4,5.5,11,7.95
2025-04-24 13:15:00,Thursday,13,0,0,Sunny,27.4,7,4,4.91,13,3.92
2025-04-24 13:30:00,Thursday,13,0,0,Sunny,29.4,8,4,6.02,15,11.19
2025-04-24 13:45:00,Thursday,13,0,0,Sunny,27.5,11,4,4.38,23,13.93
2025-04-24 14:00:00,Thursday,14,0,0,Sunny,27.5,7,4,4.15,16,4.25
2025-04-24 14:15:00,Thursday,14,0,0,Sunny,27.6,8,3,5.68,15,9.4
2025-04-24 14:30:00,Thursday,14,0,0,Sunny,29.3,8,4,6.27,15,12.72
2025-04-24 14:45:00,Thursday,14,0,0,Sunny,28.2,3,4,6.22,9,0.92
2025-04-24 15:00:00,Thursday,15,0,0,Sunny,25.8,5,3,7.65,7,6.66
2025-04-24 15:15:00,Thursday,15,0,0,Sunny,30.0,1,3,3.98,3,0.5
2025-04-24 15:30:00,Thursday,15,0,0,Sunny,30.0,5,3,4.83,11,3.53
2025-04-24 15:45:00,Thursday,15,0,0,Sunny,29.1,7,3,5.22,16,13.05
2025-04-24 16:00:00,Thursday,16,0,0,Sunny,29.1,7,3,6.89,16,13.99
2025-04-24 16:15:00,Thursday,16,0,0,Sunny,26.9,11,3,5.51,22,22.17
2025-04-24 16:30:00,Thursday,16,0,0,Sunny,26.9,6,3,6.32,13,14.24
2025-04-24 16:45:00,Thursday,16,0,0,Cloudy,27.1,10,3,5.0,18,18.15
2025-04-24 17:00:00,Thursday,17,0,0,Sunny,28.6,5,3,5.77,15,8.52
2025-04-24 17:15:00,Thursday,17,0,0,Sunny,26.4,8,3,7.28,11,16.66
2025-04-24 17:30:00,Thursday,17,0,0,Sunny,30.0,15,3,6.77,26,32.52
2025-04-24 17:45:00,Thursday,17,0,0,Sunny,28.1,10,3,4.38,17,15.92
2025-04-24 18:00:00,Thursday,18,0,0,Sunny,28.2,7,4,6.43,13,3.31
2025-04-24 18:15:00,Thursday,18,0,0,Sunny,28.3,12,3,6.55,25,27.72
2025-04-24 18:30:00,Thursday,18,0,0,Sunny,28.5,14,2,6.17,29,46.0
2025-04-24 18:45:00,Thursday,18,0,0,Sunny,24.0,12,3,6.48,22,31.44
2025-04-24 19:00:00,Thursday,19,0,0,Sunny,26.2,6,4,5.31,10,0.5
2025-04-24 19:15:00,Thursday,19,0,0,Sunny,27.7,11,3,6.72,20,26.95
2025-04-24 19:30:00,Thursday,19,0,0,Sunny,28.3,9,3,6.78,15,16.51
2025-04-24 19:45:00,Thursday,19,0,0,Sunny,25.4,17,3,6.51,35,39.24
2025-04-24 20:00:00,Thursday,20,0,0,Sunny,27.2,10,3,5.99,19,20.63
2025-04-24 20:15:00,Thursday,20,0,0,Sunny,26.2,12,2,7.06,18,46.86
2025-04-24 20:30:00,Thursday,20,0,0,Sunny,26.1,20,2,9.34,37,99.69
2025-04-24 20:45:00,Thursday,20,0,0,Sunny,27.3,10,2,5.79,14,28.0
2025-04-24 21:00:00,Thursday,21,0,0,Sunny,26.4,3,2,5.03,7,8.69
2025-04-24 21:15:00,Thursday,21,0,0,Sunny,25.8,3,2,5.49,6,7.14
2025-04-24 21:30:00,Thursday,21,0,0,Sunny,25.7,9,2,7.05,18,30.44
2025-04-24 21:45:00,Thursday,21,0,0,Sunny,29.8,3,2,4.92,6,8.15
2025-04-25 08:00:00,Friday,8,0,0,Cloudy,23.2,4,3,4.56,11,7.24
2025-04-25 08:15:00,Friday,8,0,0,Cloudy,20.3,1,3,6.14,1,0.5
2025-04-25 08:30:00,Friday,8,0,0,Cloudy,21.6,2,3,4.44,4,2.56
2025-04-25 08:45:00,Friday,8,0,0,Cloudy,19.6,3,3,5.14,9,0.72
2025-04-25 09:00:00,Friday,9,0,0,Cloudy,21.7,2,4,4.45,2,0.5
2025-04-25 09:15:00,Friday,9,0,0,Cloudy,23.2,0,4,7.27,0,0.5
2025-04-25 09:30:00,Friday,9,0,0,Cloudy,20.8,2,3,5.91,3,0.5
2025-04-25 09:45:00,Friday,9,0,0,Cloudy,21.7,3,4,5.85,8,0.5
2025-04-25 10:00:00,Friday,10,0,0,Cloudy,22.3,2,4,5.33,0,0.5
2025-04-25 10:15:00,Friday,10,0,0,Cloudy,20.1,3,4,5.22,8,0.5
2025-04-25 10:30:00,Friday,10,0,0,Cloudy,22.4,6,4,5.22,16,7.68
2025-04-25 10:45:00,Friday,10,0,0,Cloudy,21.7,7,3,5.18,14,11.74
2025-04-25 11:00:00,Friday,11,0,0,Cloudy,20.9,9,5,6.45,18,10.94
2025-04-25 11:15:00,Friday,11,0,0,Cloudy,19.7,7,5,6.23,22,7.53
2025-04-25 11:30:00,Friday,11,0,0,Cloudy,23.2,9,6,4.09,21,2.38
2025-04-25 11:45:00,Friday,11,0,0,Cloudy,22.1,8,6,5.34,16,1.28
2025-04-25 12:00:00,Friday,12,0,0,Cloudy,21.6,8,5,5.92,17,5.75
2025-04-25 12:15:00,Friday,12,0,0,Cloudy,23.5,9,4,6.38,18,12.04
2025-04-25 12:30:00,Friday,12,0,0,Cloudy,25.2,9,5,6.18,18,4.77
2025-04-25 12:45:00,Friday,12,0,0,Cloudy,21.2,18,4,8.2,41,38.51
2025-04-25 13:00:00,Friday,13,0,0,Cloudy,21.7,6,4,6.13,10,8.57
2025-04-25 13:15:00,Friday,13,0,0,Cloudy,22.9,4,5,3.8,7,0.5
2025-04-25 13:30:00,Friday,13,0,0,Cloudy,21.7,7,4,6.35,15,9.65
2025-04-25 13:45:00,Friday,13,0,0,Cloudy,21.3,10,4,6.47,17,14.69
2025-04-25 14:00:00,Friday,14,0,0,Cloudy,22.6,7,5,4.69,17,6.26
2025-04-25 14:15:00,Friday,14,0,0,Cloudy,24.7,1,3,5.9,3,4.99
2025-04-25 14:30:00,Friday,14,0,0,Cloudy,23.3,5,4,7.0,11,8.84
2025-04-25 14:45:00,Friday,14,0,0,Cloudy,22.1,5,4,6.76,9,2.57
2025-04-25 15:00:00,Friday,15,0,0,Cloudy,22.1,5,4,5.22,6,0.5
2025-04-25 15:15:00,Friday,15,0,0,Cloudy,23.7,3,5,6.56,3,0.5
2025-04-25 15:30:00,Friday,15,0,0,Cloudy,22.7,2,4,6.14,5,0.5
2025-04-25 15:45:00,Friday,15,0,0,Cloudy,20.3,8,4,3.61,14,5.17
2025-04-25 16:00:00,Friday,16,0,0,Cloudy,23.6,4,4,5.56,7,1.69
2025-04-25 16:15:00,Friday,16,0,0,Cloudy,21.2,4,4,5.33,9,3.19
2025-04-25 16:30:00,Friday,16,0,0,Cloudy,19.4,14,5,5.53,30,9.81
2025-04-25 16:45:00,Friday,16,0,0,Cloudy,23.4,8,4,6.48,12,8.23
2025-04-25 17:00:00,Friday,17,0,0,Cloudy,23.3,9,4,4.87,17,6.88
2025-04-25 17:15:00,Friday,17,0,0,Cloudy,21.9,11,4,6.02,19,10.24
2025-04-25 17:30:00,Friday,17,0,0,Cloudy,21.9,19,4,6.55,37,31.85
2025-04-25 17:45:00,Friday,17,0,0,Cloudy,19.6,6,4,5.92,13,5.0
2025-04-25 18:00:00,Friday,18,0,0,Cloudy,18.9,9,4,4.7,21,14.7
2025-04-25 18:15:00,Friday,18,0,0,Sunny,20.9,13,5,6.36,25,14.48
2025-04-25 18:30:00,Friday,18,0,0,Cloudy,21.2,10,3,6.0,21,15.87
2025-04-25 18:45:00,Friday,18,0,0,Cloudy,21.8,10,4,6.75,17,15.26
2025-04-25 19:00:00,Friday,19,0,0,Cloudy,23.4,9,4,6.22,15,12.91
2025-04-25 19:15:00,Friday,19,0,0,Cloudy,22.1,10,4,5.7,17,10.99
2025-04-25 19:30:00,Friday,19,0,0,Cloudy,22.2,11,4,7.06,18,21.32
2025-04-25 19:45:00,Friday,19,0,0,Cloudy,22.5,10,4,5.44,22,16.73
2025-04-25 20:00:00,Friday,20,0,0,Cloudy,20.8,5,4,4.63,7,5.18
2025-04-25 20:15:00,Friday,20,0,0,Cloudy,19.7,12,3,6.46,24,22.46
2025-04-25 20:30:00,Friday,20,0,0,Cloudy,19.6,2,3,5.02,2,1.38
2025-04-25 20:45:00,Friday,20,0,0,Cloudy,24.3,11,3,6.21,24,28.93
2025-04-25 21:00:00,Friday,21,0,0,Cloudy,19.8,4,3,5.83,3,4.01
2025-04-25 21:15:00,Friday,21,0,0,Cloudy,20.3,3,3,3.82,5,0.5
2025-04-25 21:30:00,Friday,21,0,0,Cloudy,20.5,4,2,4.82,5,8.24
2025-04-25 21:45:00,Friday,21,0,0,Cloudy,23.9,3,3,5.44,8,5.27
2025-04-26 08:00:00,Saturday,8,1,0,Sunny,22.1,2,5,5.59,5,0.5
2025-04-26 08:15:00,Saturday,8,1,0,Stormy,18.6,3,5,6.05,6,1.95
2025-04-26 08:30:00,Saturday,8,1,0,Stormy,20.5,2,5,5.81,4,0.5
2025-04-26 08:45:00,Saturday,8,1,0,Stormy,21.6,3,4,6.5,6,5.7
2025-04-26 09:00:00,Saturday,9,1,0,Stormy,18.9,0,6,6.86,1,0.5
2025-04-26 09:15:00,Saturday,9,1,0,Stormy,19.8,5,6,6.63,12,5.46
2025-04-26 09:30:00,Saturday,9,1,0,Stormy,20.9,0,7,4.63,2,0.5
2025-04-26 09:45:00,Saturday,9,1,0,Cloudy,20.7,7,6,6.73,11,2.16
2025-04-26 10:00:00,Saturday,10,1,0,Sunny,19.4,5,5,3.32,10,0.5
2025-04-26 10:15:00,Saturday,10,1,0,Stormy,21.2,4,5,5.61,9,2.76
2025-04-26 10:30:00,Saturday,10,1,0,Stormy,19.9,8,6,5.96,15,7.15
2025-04-26 10:45:00,Saturday,10,1,0,Stormy,20.5,6,6,6.1,12,0.81
2025-04-26 11:00:00,Saturday,11,1,0,Stormy,21.6,6,7,6.45,14,3.55
2025-04-26 11:15:00,Saturday,11,1,0,Stormy,23.2,3,7,6.14,4,0.5
2025-04-26 11:30:00,Saturday,11,1,0,Stormy,20.1,11,7,5.37,18,8.76
2025-04-26 11:45:00,Saturday,11,1,0,Stormy,19.6,9,8,5.7,19,3.95
2025-04-26 12:00:00,Saturday,12,1,0,Stormy,17.4,9,7,6.68,18,4.66
2025-04-26 12:15:00,Saturday,12,1,0,Stormy,20.6,7,7,6.24,13,0.5
2025-04-26 12:30:00,Saturday,12,1,0,Stormy,19.7,13,7,6.19,23,10.34
2025-04-26 12:45:00,Saturday,12,1,0,Stormy,20.9,11,7,7.32,21,8.32
2025-04-26 13:00:00,Saturday,13,1,0,Rainy,21.8,24,6,5.9,42,24.79
2025-04-26 13:15:00,Saturday,13,1,0,Stormy,20.1,9,7,7.49,17,3.43
2025-04-26 13:30:00,Saturday,13,1,0,Stormy,22.6,6,8,5.24,12,0.5
2025-04-26 13:45:00,Saturday,13,1,0,Stormy,19.5,4,7,5.64,8,3.25
2025-04-26 14:00:00,Saturday,14,1,0,Stormy,22.7,7,7,6.2,11,6.8
2025-04-26 14:15:00,Saturday,14,1,0,Stormy,23.2,5,6,6.64,8,2.28
2025-04-26 14:30:00,Saturday,14,1,0,Stormy,19.6,3,6,5.08,7,1.02
2025-04-26 14:45:00,Saturday,14,1,0,Stormy,20.0,8,6,7.01,13,7.76
2025-04-26 15:00:00,Saturday,15,1,0,Stormy,18.9,4,6,6.65,6,1.44
2025-04-26 15:15:00,Saturday,15,1,0,Stormy,21.3,6,6,7.3,10,3.82
2025-04-26 15:30:00,Saturday,15,1,0,Stormy,20.8,5,6,6.26,10,0.5
2025-04-26 15:45:00,Saturday,15,1,0,Stormy,19.8,6,6,6.11,11,6.95
2025-04-26 16:00:00,Saturday,16,1,0,Stormy,23.4,5,6,4.67,9,0.5
2025-04-26 16:15:00,Saturday,16,1,0,Stormy,21.9,4,6,5.69,9,0.5
2025-04-26 16:30:00,Saturday,16,1,0,Stormy,19.3,10,6,6.18,17,6.49
2025-04-26 16:45:00,Saturday,16,1,0,Stormy,22.5,5,6,6.54,11,5.58
2025-04-26 17:00:00,Saturday,17,1,0,Stormy,21.0,12,5,6.33,24,19.48
2025-04-26 17:15:00,Saturday,17,1,0,Stormy,24.0,13,6,5.24,25,9.53
2025-04-26 17:30:00,Saturday,17,1,0,Stormy,21.3,14,6,7.54,26,21.65
2025-04-26 17:45:00,Saturday,17,1,0,Stormy,21.4,7,6,6.84,15,8.03
2025-04-26 18:00:00,Saturday,18,1,0,Stormy,17.9,8,6,7.13,17,9.41
2025-04-26 18:15:00,Saturday,18,1,0,Stormy,20.2,23,6,6.63,40,29.3
2025-04-26 18:30:00,Saturday,18,1,0,Stormy,21.8,12,6,5.08,26,10.09
2025-04-26 18:45:00,Saturday,18,1,0,Stormy,20.8,11,5,6.25,18,16.0
2025-04-26 19:00:00,Saturday,19,1,0,Stormy,22.3,10,5,4.22,21,11.38
2025-04-26 19:15:00,Saturday,19,1,0,Stormy,20.2,19,6,7.05,40,24.19
2025-04-26 19:30:00,Saturday,19,1,0,Stormy,19.8,13,6,5.94,24,7.21
2025-04-26 19:45:00,Saturday,19,1,0,Stormy,16.2,10,7,6.43,21,5.06
2025-04-26 20:00:00,Saturday,20,1,0,Stormy,20.8,10,6,5.64,14,7.78
2025-04-26 20:15:00,Saturday,20,1,0,Stormy,19.5,6,5,6.41,13,6.84
2025-04-26 20:30:00,Saturday,20,1,0,Stormy,21.0,6,5,5.92,13,2.51
2025-04-26 20:45:00,Saturday,20,1,0,Stormy,20.7,2,5,6.15,8,0.9
2025-04-26 21:00:00,Saturday,21,1,0,Stormy,21.8,3,5,6.02,6,2.55
2025-04-26 21:15:00,Saturday,21,1,0,Stormy,19.9,6,4,4.27,8,8.41
2025-04-26 21:30:00,Saturday,21,1,0,Stormy,23.7,2,4,6.73,3,3.2
2025-04-26 21:45:00,Saturday,21,1,0,Stormy,22.1,2,5,6.27,4,0.5
2025-04-27 08:00:00,Sunday,8,1,0,Sunny,29.4,2,6,5.66,4,0.5
2025-04-27 08:15:00,Sunday,8,1,0,Sunny,26.6,7,6,5.46,15,4.15
2025-04-27 08:30:00,Sunday,8,1,0,Sunny,23.2,2,6,5.49,2,0.5
2025-04-27 08:45:00,Sunday,8,1,0,Sunny,26.5,4,5,7.42,7,1.9
2025-04-27 09:00:00,Sunday,9,1,0,Sunny,29.0,6,7,6.24,13,3.28
2025-04-27 09:15:00,Sunday,9,1,0,Sunny,29.5,3,6,6.86,8,1.87
2025-04-27 09:30:00,Sunday,9,1,0,Sunny,28.0,2,8,6.1,3,0.5
2025-04-27 09:45:00,Sunday,9,1,0,Sunny,29.6,3,7,4.37,3,0.5
2025-04-27 10:00:00,Sunday,10,1,0,Sunny,26.7,5,7,5.89,13,6.23
2025-04-27 10:15:00,Sunday,10,1,0,Sunny,26.1,3,8,3.84,4,0.5
2025-04-27 10:30:00,Sunday,10,1,0,Sunny,26.6,7,7,5.35,11,0.5
2025-04-27 10:45:00,Sunday,10,1,0,Sunny,27.3,7,7,5.14,15,0.5
2025-04-27 11:00:00,Sunday,11,1,0,Sunny,29.1,4,8,6.26,8,0.5
2025-04-27 11:15:00,Sunday,11,1,0,Sunny,27.4,13,8,4.68,22,3.98
2025-04-27 11:30:00,Sunday,11,1,0,Sunny,30.7,14,8,6.52,26,7.72
2025-04-27 11:45:00,Sunday,11,1,0,Sunny,29.9,12,8,5.1,17,0.5
2025-04-27 12:00:00,Sunday,12,1,0,Sunny,28.3,8,8,6.1,12,0.5
2025-04-27 12:15:00,Sunday,12,1,0,Sunny,29.5,22,8,5.47,36,14.63
2025-04-27 12:30:00,Sunday,12,1,0,Sunny,28.3,18,8,5.3,34,9.03
2025-04-27 12:45:00,Sunday,12,1,0,Sunny,25.3,11,8,7.4,19,1.63
2025-04-27 13:00:00,Sunday,13,1,0,Sunny,29.9,20,8,6.14,44,10.85
2025-04-27 13:15:00,Sunday,13,1,0,Sunny,30.9,13,8,6.85,25,5.87
2025-04-27 13:30:00,Sunday,13,1,0,Sunny,26.9,10,8,5.26,20,0.5
2025-04-27 13:45:00,Sunday,13,1,0,Sunny,27.5,10,8,6.34,19,3.29
2025-04-27 14:00:00,Sunday,14,1,0,Sunny,29.0,10,8,5.49,18,4.59
2025-04-27 14:15:00,Sunday,14,1,0,Cloudy,28.5,7,7,5.08,15,4.45
2025-04-27 14:30:00,Sunday,14,1,0,Sunny,29.9,11,7,5.49,23,2.22
2025-04-27 14:45:00,Sunday,14,1,0,Sunny,26.9,7,8,7.35,18,0.5
2025-04-27 15:00:00,Sunday,15,1,0,Sunny,29.8,12,7,5.59,22,7.05
2025-04-27 15:15:00,Sunday,15,1,0,Sunny,29.1,8,7,5.03,17,3.32
2025-04-27 15:30:00,Sunday,15,1,0,Sunny,29.0,9,7,5.45,18,2.61
2025-04-27 15:45:00,Sunday,15,1,0,Sunny,25.6,7,7,6.27,17,0.5
2025-04-27 16:00:00,Sunday,16,1,0,Sunny,28.4,5,7,6.73,13,0.5
2025-04-27 16:15:00,Sunday,16,1,0,Sunny,26.5,8,7,6.61,12,0.5
2025-04-27 16:30:00,Sunday,16,1,0,Sunny,27.8,6,6,5.16,12,2.7
2025-04-27 16:45:00,Sunday,16,1,0,Sunny,29.5,13,7,4.92,22,4.47
2025-04-27 17:00:00,Sunday,17,1,0,Sunny,30.0,13,7,5.06,22,1.02
2025-04-27 17:15:00,Sunday,17,1,0,Sunny,27.6,8,7,5.33,15,1.54
2025-04-27 17:30:00,Sunday,17,1,0,Windy,29.6,12,7,5.32,22,5.31
2025-04-27 17:45:00,Sunday,17,1,0,Rainy,30.1,13,7,6.42,24,10.3
2025-04-27 18:00:00,Sunday,18,1,0,Sunny,30.4,15,7,6.28,24,14.6
2025-04-27 18:15:00,Sunday,18,1,0,Sunny,29.4,19,7,5.54,43,15.76
2025-04-27 18:30:00,Sunday,18,1,0,Sunny,28.4,18,7,5.19,30,15.49
2025-04-27 18:45:00,Sunday,18,1,0,Sunny,25.7,17,7,6.07,29,15.69
2025-04-27 19:00:00,Sunday,19,1,0,Sunny,30.1,11,6,5.01,21,9.69
2025-04-27 19:15:00,Sunday,19,1,0,Sunny,27.8,15,7,6.65,30,13.66
2025-04-27 19:30:00,Sunday,19,1,0,Sunny,25.5,14,6,5.34,30,11.01
2025-04-27 19:45:00,Sunday,19,1,0,Sunny,29.0,19,7,5.76,29,16.04
2025-04-27 20:00:00,Sunday,20,1,0,Sunny,25.1,9,8,5.3,16,0.5
2025-04-27 20:15:00,Sunday,20,1,0,Cloudy,25.6,8,6,5.73,16,4.68
2025-04-27 20:30:00,Sunday,20,1,0,Sunny,25.9,7,7,7.32,13,0.67
2025-04-27 20:45:00,Sunday,20,1,0,Sunny,29.5,9,7,4.89,18,0.5
2025-04-27 21:00:00,Sunday,21,1,0,Sunny,27.8,8,7,5.53,15,1.98
2025-04-27 21:15:00,Sunday,21,1,0,Sunny,29.5,8,6,5.88,14,2.43
2025-04-27 21:30:00,Sunday,21,1,0,Sunny,27.5,2,6,5.17,1,0.5
2025-04-27 21:45:00,Sunday,21,1,0,Rainy,27.8,4,6,6.19,7,2.2
2025-04-28 08:00:00,Monday,8,0,0,Cloudy,30.5,0,3,4.9,2,0.5
2025-04-28 08:15:00,Monday,8,0,0,Sunny,30.1,1,3,5.79,3,0.5
2025-04-28 08:30:00,Monday,8,0,0,Sunny,31.0,3,3,5.68,7,0.5
2025-04-28 08:45:00,Monday,8,0,0,Sunny,31.0,1,3,7.05,0,0.5
2025-04-28 09:00:00,Monday,9,0,0,Sunny,28.9,3,4,5.68,5,0.5
2025-04-28 09:15:00,Monday,9,0,0,Sunny,28.0,5,4,4.59,11,4.04
2025-04-28 09:30:00,Monday,9,0,0,Sunny,28.8,5,4,5.54,9,1.51
2025-04-28 09:45:00,Monday,9,0,0,Sunny,29.3,7,4,5.01,15,4.53
2025-04-28 10:00:00,Monday,10,0,0,Sunny,28.9,2,4,4.88,1,3.22
2025-04-28 10:15:00,Monday,10,0,0,Sunny,27.6,1,4,4.13,0,0.5
2025-04-28 10:30:00,Monday,10,0,0,Sunny,33.1,6,4,6.27,9,3.12
2025-04-28 10:45:00,Monday,10,0,0,Sunny,29.2,7,5,5.52,15,4.74
2025-04-28 11:00:00,Monday,11,0,0,Sunny,27.7,11,6,5.76,18,4.46
2025-04-28 11:15:00,Monday,11,0,0,Cloudy,30.7,9,5,5.76,19,8.64
2025-04-28 11:30:00,Monday,11,0,0,Sunny,31.9,9,5,5.15,16,5.46
2025-04-28 11:45:00,Monday,11,0,0,Sunny,30.4,12,5,5.08,24,6.73
2025-04-28 12:00:00,Monday,12,0,0,Sunny,30.9,10,5,5.94,14,8.4
2025-04-28 12:15:00,Monday,12,0,0,Sunny,27.8,10,5,4.47,16,9.35
2025-04-28 12:30:00,Monday,12,0,0,Sunny,29.9,11,5,4.89,20,9.99
2025-04-28 12:45:00,Monday,12,0,0,Sunny,29.6,3,5,5.32,6,1.25
2025-04-28 13:00:00,Monday,13,0,0,Sunny,30.3,9,5,4.93,22,7.21
2025-04-28 13:15:00,Monday,13,0,0,Sunny,29.8,16,5,6.1,27,15.53
2025-04-28 13:30:00,Monday,13,0,0,Cloudy,30.8,11,5,4.79,27,9.35
2025-04-28 13:45:00,Monday,13,0,0,Sunny,31.5,7,5,5.9,14,6.91
2025-04-28 14:00:00,Monday,14,0,0,Sunny,32.0,7,5,6.44,13,6.29
2025-04-28 14:15:00,Monday,14,0,0,Sunny,30.6,7,4,6.7,8,5.35
2025-04-28 14:30:00,Monday,14,0,0,Sunny,32.1,1,3,6.07,3,1.08
2025-04-28 14:45:00,Monday,14,0,0,Sunny,30.3,9,4,3.89,15,4.83
2025-04-28 15:00:00,Monday,15,0,0,Sunny,29.0,7,4,5.33,14,9.44
2025-04-28 15:15:00,Monday,15,0,0,Sunny,31.7,4,4,5.0,4,0.5
2025-04-28 15:30:00,Monday,15,0,0,Sunny,29.6,5,4,5.56,10,5.17
2025-04-28 15:45:00,Monday,15,0,0,Sunny,30.8,1,4,5.09,0,0.5
2025-04-28 16:00:00,Monday,16,0,0,Sunny,30.7,3,4,6.01,6,0.5
2025-04-28 16:15:00,Monday,16,0,0,Sunny,31.4,10,4,5.76,20,12.6
2025-04-28 16:30:00,Monday,16,0,0,Sunny,32.0,6,4,6.06,10,9.27
2025-04-28 16:45:00,Monday,16,0,0,Sunny,28.4,8,4,3.97,17,6.99
2025-04-28 17:00:00,Monday,17,0,0,Sunny,30.7,6,4,5.78,8,9.64
2025-04-28 17:15:00,Monday,17,0,0,Sunny,30.7,8,4,3.62,21,0.5
2025-04-28 17:30:00,Monday,17,0,0,Sunny,32.6,12,4,5.76,18,14.83
2025-04-28 17:45:00,Monday,17,0,0,Sunny,30.0,11,4,5.38,22,10.45
2025-04-28 18:00:00,Monday,18,0,0,Sunny,30.7,16,4,7.08,30,30.99
2025-04-28 18:15:00,Monday,18,0,0,Sunny,30.5,11,5,6.38,21,4.37
2025-04-28 18:30:00,Monday,18,0,0,Sunny,30.1,9,4,6.62,15,14.59
2025-04-28 18:45:00,Monday,18,0,0,Sunny,32.8,17,4,4.84,31,22.34
2025-04-28 19:00:00,Monday,19,0,0,Sunny,29.7,10,4,3.28,19,0.5
2025-04-28 19:15:00,Monday,19,0,0,Sunny,27.0,14,4,4.87,23,16.33
2025-04-28 19:30:00,Monday,19,0,0,Sunny,31.3,12,4,6.38,25,20.14
2025-04-28 19:45:00,Monday,19,0,0,Sunny,29.9,6,4,4.32,10,0.95
2025-04-28 20:00:00,Monday,20,0,0,Cloudy,28.4,20,4,5.2,37,28.5
2025-04-28 20:15:00,Monday,20,0,0,Sunny,30.2,12,3,6.51,27,27.33
2025-04-28 20:30:00,Monday,20,0,0,Sunny,32.0,7,2,5.51,16,19.63
2025-04-28 20:45:00,Monday,20,0,0,Sunny,29.4,9,3,7.14,14,21.84
2025-04-28 21:00:00,Monday,21,0,0,Sunny,30.0,8,3,6.41,13,20.8
2025-04-28 21:15:00,Monday,21,0,0,Sunny,31.2,2,4,5.39,2,0.5
2025-04-28 21:30:00,Monday,21,0,0,Sunny,31.0,1,3,5.55,5,4.01
2025-04-28 21:45:00,Monday,21,0,0,Sunny,31.6,3,3,4.85,7,0.5
2025-04-29 08:00:00,Tuesday,8,0,0,Rainy,24.2,0,3,4.94,1,0.5
2025-04-29 08:15:00,Tuesday,8,0,0,Rainy,18.7,0,2,6.42,5,0.5
2025-04-29 08:30:00,Tuesday,8,0,0,Rainy,21.0,2,2,5.99,3,6.57
2025-04-29 08:45:00,Tuesday,8,0,0,Rainy,18.7,1,3,6.42,2,1.56
2025-04-29 09:00:00,Tuesday,9,0,0,Rainy,21.3,0,5,5.0,3,0.5
2025-04-29 09:15:00,Tuesday,9,0,0,Rainy,20.9,0,4,6.26,0,0.5
2025-04-29 09:30:00,Tuesday,9,0,0,Rainy,20.2,1,4,6.38,5,0.5
2025-04-29 09:45:00,Tuesday,9,0,0,Rainy,21.5,1,4,6.54,1,0.5
2025-04-29 10:00:00,Tuesday,10,0,0,Rainy,22.1,2,4,6.58,4,3.06
2025-04-29 10:15:00,Tuesday,10,0,0,Rainy,21.2,2,4,3.35,5,4.12
2025-04-29 10:30:00,Tuesday,10,0,0,Rainy,18.8,5,4,5.19,8,2.93
2025-04-29 10:45:00,Tuesday,10,0,0,Rainy,20.2,4,3,6.61,9,8.04
2025-04-29 11:00:00,Tuesday,11,0,0,Rainy,20.6,7,5,4.27,11,1.39
2025-04-29 11:15:00,Tuesday,11,0,0,Rainy,21.8,4,5,6.83,7,5.2
2025-04-29 11:30:00,Tuesday,11,0,0,Rainy,20.6,7,5,6.43,14,6.19
2025-04-29 11:45:00,Tuesday,11,0,0,Rainy,19.0,8,4,6.73,17,12.17
2025-04-29 12:00:00,Tuesday,12,0,0,Sunny,21.9,6,4,4.92,13,3.39
2025-04-29 12:15:00,Tuesday,12,0,0,Rainy,21.1,5,5,7.02,9,3.99
2025-04-29 12:30:00,Tuesday,12,0,0,Rainy,22.0,5,5,6.74,11,3.1
2025-04-29 12:45:00,Tuesday,12,0,0,Rainy,23.1,8,5,4.09,17,5.01
2025-04-29 13:00:00,Tuesday,13,0,0,Rainy,22.6,12,5,4.71,26,15.6
2025-04-29 13:15:00,Tuesday,13,0,0,Rainy,24.1,6,5,3.6,12,2.37
2025-04-29 13:30:00,Tuesday,13,0,0,Rainy,22.0,3,5,5.17,5,2.67
2025-04-29 13:45:00,Tuesday,13,0,0,Rainy,19.5,7,5,5.48,11,6.87
2025-04-29 14:00:00,Tuesday,14,0,0,Rainy,21.2,4,5,5.33,6,1.49
2025-04-29 14:15:00,Tuesday,14,0,0,Rainy,20.3,5,4,5.42,10,4.0
2025-04-29 14:30:00,Tuesday,14,0,0,Rainy,23.1,4,4,6.81,6,4.44
2025-04-29 14:45:00,Tuesday,14,0,0,Rainy,21.5,4,3,4.0,7,3.96
2025-04-29 15:00:00,Tuesday,15,0,0,Rainy,22.5,3,4,4.87,7,0.5
2025-04-29 15:15:00,Tuesday,15,0,0,Rainy,23.3,3,4,5.87,6,1.86
2025-04-29 15:30:00,Tuesday,15,0,0,Sunny,24.9,5,4,5.04,9,2.89
2025-04-29 15:45:00,Tuesday,15,0,0,Rainy,23.1,1,4,5.83,2,0.5
2025-04-29 16:00:00,Tuesday,16,0,0,Rainy,22.8,7,5,4.57,11,3.13
2025-04-29 16:15:00,Tuesday,16,0,0,Rainy,23.8,8,4,3.92,17,6.82
2025-04-29 16:30:00,Tuesday,16,0,0,Rainy,22.3,9,4,4.74,20,12.1
2025-04-29 16:45:00,Tuesday,16,0,0,Rainy,21.4,7,4,4.54,14,9.74
2025-04-29 17:00:00,Tuesday,17,0,0,Rainy,20.5,6,4,5.52,11,8.81
2025-04-29 17:15:00,Tuesday,17,0,0,Rainy,22.8,7,4,5.56,13,7.57
2025-04-29 17:30:00,Tuesday,17,0,0,Rainy,22.9,4,4,6.55,12,6.94
2025-04-29 17:45:00,Tuesday,17,0,0,Rainy,22.8,8,4,5.83,15,11.97
2025-04-29 18:00:00,Tuesday,18,0,0,Rainy,20.3,4,4,4.77,7,6.81
2025-04-29 18:15:00,Tuesday,18,0,0,Rainy,24.6,9,3,5.12,17,18.44
2025-04-29 18:30:00,Tuesday,18,0,0,Rainy,21.7,10,4,4.01,18,7.66
2025-04-29 18:45:00,Tuesday,18,0,0,Rainy,18.1,9,4,5.67,19,14.12
2025-04-29 19:00:00,Tuesday,19,0,0,Rainy,22.1,10,5,6.06,13,6.47
2025-04-29 19:15:00,Tuesday,19,0,0,Rainy,21.7,3,4,6.15,7,4.42
2025-04-29 19:30:00,Tuesday,19,0,0,Cloudy,23.0,10,4,5.38,19,16.02
2025-04-29 19:45:00,Tuesday,19,0,0,Rainy,21.7,6,4,6.29,11,8.59
2025-04-29 20:00:00,Tuesday,20,0,0,Cloudy,23.5,11,3,6.65,21,19.69
2025-04-29 20:15:00,Tuesday,20,0,0,Rainy,20.3,6,3,4.31,10,8.81
2025-04-29 20:30:00,Tuesday,20,0,0,Rainy,22.9,6,3,5.19,12,15.32
2025-04-29 20:45:00,Tuesday,20,0,0,Rainy,21.7,6,3,5.0,12,5.79
2025-04-29 21:00:00,Tuesday,21,0,0,Rainy,19.1,5,3,5.48,9,5.39
2025-04-29 21:15:00,Tuesday,21,0,0,Cloudy,21.0,4,3,6.47,8,1.76
2025-04-29 21:30:00,Tuesday,21,0,0,Cloudy,21.6,2,3,5.65,4,0.83
2025-04-29 21:45:00,Tuesday,21,0,0,Rainy,23.3,5,3,6.41,8,10.92
2025-04-30 08:00:00,Wednesday,8,0,0,Sunny,25.5,2,3,6.0,4,0.5
2025-04-30 08:15:00,Wednesday,8,0,0,Sunny,26.3,1,4,4.92,0,0.5
2025-04-30 08:30:00,Wednesday,8,0,0,Rainy,28.2,1,4,5.14,1,0.5
2025-04-30 08:45:00,Wednesday,8,0,0,Sunny,26.6,1,4,6.08,1,0.5
2025-04-30 09:00:00,Wednesday,9,0,0,Sunny,26.6,3,5,5.9,5,5.07
2025-04-30 09:15:00,Wednesday,9,0,0,Sunny,27.2,2,5,5.23,6,0.5
2025-04-30 09:30:00,Wednesday,9,0,0,Rainy,27.7,5,5,4.72,8,3.45
2025-04-30 09:45:00,Wednesday,9,0,0,Sunny,26.1,1,5,4.76,3,0.5
2025-04-30 10:00:00,Wednesday,10,0,0,Sunny,26.2,0,5,5.65,3,0.5
2025-04-30 10:15:00,Wednesday,10,0,0,Sunny,28.2,1,5,5.94,1,0.5
2025-04-30 10:30:00,Wednesday,10,0,0,Sunny,26.4,3,5,4.26,6,0.5
2025-04-30 10:45:00,Wednesday,10,0,0,Sunny,29.2,4,5,6.19,6,0.5
2025-04-30 11:00:00,Wednesday,11,0,0,Sunny,28.3,7,6,5.62,13,0.5
2025-04-30 11:15:00,Wednesday,11,0,0,Sunny,25.4,9,6,5.25,16,6.08
2025-04-30 11:30:00,Wednesday,11,0,0,Sunny,29.3,5,6,7.27,9,0.5
2025-04-30 11:45:00,Wednesday,11,0,0,Sunny,27.7,12,5,5.86,21,5.4
2025-04-30 12:00:00,Wednesday,12,0,0,Sunny,29.1,6,7,6.59,14,0.5
2025-04-30 12:15:00,Wednesday,12,0,0,Sunny,25.9,11,6,6.16,25,12.79
2025-04-30 12:30:00,Wednesday,12,0,0,Sunny,28.4,8,6,5.18,15,3.42
2025-04-30 12:45:00,Wednesday,12,0,0,Sunny,28.1,6,6,5.68,12,0.5
2025-04-30 13:00:00,Wednesday,13,0,0,Sunny,28.7,12,6,4.31,18,1.44
2025-04-30 13:15:00,Wednesday,13,0,0,Sunny,25.7,8,7,5.9,12,2.86
2025-04-30 13:30:00,Wednesday,13,0,0,Sunny,26.8,11,6,5.33,24,8.28
2025-04-30 13:45:00,Wednesday,13,0,0,Sunny,27.6,9,6,6.5,22,6.97
2025-04-30 14:00:00,Wednesday,14,0,0,Sunny,28.6,4,6,4.42,11,0.5
2025-04-30 14:15:00,Wednesday,14,0,0,Sunny,28.4,6,5,5.48,13,3.99
2025-04-30 14:30:00,Wednesday,14,0,0,Sunny,26.9,2,6,6.69,4,0.5
2025-04-30 14:45:00,Wednesday,14,0,0,Sunny,27.7,5,5,6.53,7,3.99
2025-04-30 15:00:00,Wednesday,15,0,0,Sunny,31.0,6,5,4.62,11,0.5
2025-04-30 15:15:00,Wednesday,15,0,0,Sunny,28.7,7,4,5.31,9,7.87
2025-04-30 15:30:00,Wednesday,15,0,0,Sunny,29.4,4,5,5.5,8,0.5
2025-04-30 15:45:00,Wednesday,15,0,0,Sunny,26.1,2,5,4.98,3,0.5
2025-04-30 16:00:00,Wednesday,16,0,0,Sunny,26.2,6,5,5.69,17,1.31
2025-04-30 16:15:00,Wednesday,16,0,0,Sunny,27.8,11,5,6.38,24,16.37
2025-04-30 16:30:00,Wednesday,16,0,0,Sunny,28.5,3,5,5.75,7,2.73
2025-04-30 16:45:00,Wednesday,16,0,0,Sunny,27.7,10,6,6.11,19,6.79
2025-04-30 17:00:00,Wednesday,17,0,0,Sunny,28.8,18,5,6.11,31,25.88
2025-04-30 17:15:00,Wednesday,17,0,0,Sunny,27.3,8,5,6.52,18,7.02
2025-04-30 17:30:00,Wednesday,17,0,0,Sunny,25.2,10,4,4.96,18,11.17
2025-04-30 17:45:00,Wednesday,17,0,0,Sunny,25.4,8,5,7.18,18,7.85
2025-04-30 18:00:00,Wednesday,18,0,0,Sunny,26.1,9,4,6.13,17,9.18
2025-04-30 18:15:00,Wednesday,18,0,0,Sunny,27.1,15,5,6.66,26,17.29
2025-04-30 18:30:00,Wednesday,18,0,0,Sunny,26.0,9,6,6.36,17,5.64
2025-04-30 18:45:00,Wednesday,18,0,0,Sunny,27.8,16,6,5.4,26,11.15
2025-04-30 19:00:00,Wednesday,19,0,0,Sunny,27.1,17,5,6.73,34,21.57
2025-04-30 19:15:00,Wednesday,19,0,0,Sunny,28.3,13,5,6.46,28,14.37
2025-04-30 19:30:00,Wednesday,19,0,0,Sunny,30.2,13,5,5.89,25,13.63
2025-04-30 19:45:00,Wednesday,19,0,0,Sunny,25.4,10,5,4.0,20,3.7
2025-04-30 20:00:00,Wednesday,20,0,0,Sunny,27.9,6,4,4.17,10,3.91
2025-04-30 20:15:00,Wednesday,20,0,0,Sunny,28.5,8,4,6.42,17,15.31
2025-04-30 20:30:00,Wednesday,20,0,0,Sunny,24.7,9,4,6.31,17,11.46
2025-04-30 20:45:00,Wednesday,20,0,0,Sunny,28.1,4,4,6.28,8,0.5
2025-04-30 21:00:00,Wednesday,21,0,0,Rainy,26.6,4,5,5.78,8,0.5
2025-04-30 21:15:00,Wednesday,21,0,0,Sunny,30.1,10,4,6.34,17,14.07
2025-04-30 21:30:00,Wednesday,21,0,0,Sunny,28.4,2,4,5.34,5,0.5
2025-04-30 21:45:00,Wednesday,21,0,0,Sunny,29.7,4,4,5.78,8,5.86
2025-05-01 08:00:00,Thursday,8,0,1,Sunny,25.4,6,4,4.5,11,8.72
2025-05-01 08:15:00,Thursday,8,0,1,Sunny,25.9,5,5,4.38,8,4.65
2025-05-01 08:30:00,Thursday,8,0,1,Sunny,27.0,2,5,5.74,7,0.5
2025-05-01 08:45:00,Thursday,8,0,1,Sunny,24.6,3,5,4.92,3,3.59
2025-05-01 09:00:00,Thursday,9,0,1,Sunny,30.4,5,6,6.17,9,2.93
2025-05-01 09:15:00,Thursday,9,0,1,Sunny,26.8,2,5,4.98,3,0.5
2025-05-01 09:30:00,Thursday,9,0,1,Sunny,26.9,4,7,5.8,7,0.5
2025-05-01 09:45:00,Thursday,9,0,1,Sunny,27.0,3,6,6.43,4,2.7
2025-05-01 10:00:00,Thursday,10,0,1,Sunny,26.4,6,6,4.72,12,0.58
2025-05-01 10:15:00,Thursday,10,0,1,Sunny,27.4,6,6,4.61,12,8.35
2025-05-01 10:30:00,Thursday,10,0,1,Sunny,27.4,4,6,5.71,11,0.5
2025-05-01 10:45:00,Thursday,10,0,1,Sunny,24.4,5,6,4.14,9,0.5
2025-05-01 11:00:00,Thursday,11,0,1,Sunny,25.8,10,8,5.47,17,2.94
2025-05-01 11:15:00,Thursday,11,0,1,Sunny,29.2,9,7,5.62,17,3.41
2025-05-01 11:30:00,Thursday,11,0,1,Sunny,26.1,7,7,4.82,10,0.5
2025-05-01 11:45:00,Thursday,11,0,1,Sunny,26.7,10,8,5.79,24,4.06
2025-05-01 12:00:00,Thursday,12,0,1,Sunny,26.4,21,7,5.66,39,13.81
2025-05-01 12:15:00,Thursday,12,0,1,Sunny,26.5,15,7,5.94,30,7.33
2025-05-01 12:30:00,Thursday,12,0,1,Sunny,26.4,17,7,5.09,27,16.74
2025-05-01 12:45:00,Thursday,12,0,1,Sunny,22.3,15,7,6.2,26,9.23
2025-05-01 13:00:00,Thursday,13,0,1,Sunny,25.5,7,7,5.43,15,0.5
2025-05-01 13:15:00,Thursday,13,0,1,Sunny,27.2,11,7,4.29,27,2.43
2025-05-01 13:30:00,Thursday,13,0,1,Sunny,28.5,13,7,4.62,24,6.19
2025-05-01 13:45:00,Thursday,13,0,1,Sunny,24.6,14,7,6.17,25,9.08
2025-05-01 14:00:00,Thursday,14,0,1,Sunny,28.0,11,7,5.2,16,5.77
2025-05-01 14:15:00,Thursday,14,0,1,Sunny,25.9,7,6,6.1,12,2.96
2025-05-01 14:30:00,Thursday,14,0,1,Sunny,26.9,13,6,6.45,20,13.57
2025-05-01 14:45:00,Thursday,14,0,1,Sunny,24.1,4,7,4.61,7,0.5
2025-05-01 15:00:00,Thursday,15,0,1,Sunny,27.2,11,6,5.49,15,8.48
2025-05-01 15:15:00,Thursday,15,0,1,Cloudy,27.6,3,6,5.32,4,0.5
2025-05-01 15:30:00,Thursday,15,0,1,Sunny,30.4,8,6,4.57,15,2.26
2025-05-01 15:45:00,Thursday,15,0,1,Sunny,25.9,17,6,6.17,38,23.61
2025-05-01 16:00:00,Thursday,16,0,1,Sunny,27.0,5,6,5.96,10,0.5
2025-05-01 16:15:00,Thursday,16,0,1,Sunny,30.2,9,6,5.42,16,5.01
2025-05-01 16:30:00,Thursday,16,0,1,Sunny,23.8,15,7,5.75,27,11.16
2025-05-01 16:45:00,Thursday,16,0,1,Sunny,27.7,15,6,5.91,26,15.53
2025-05-01 17:00:00,Thursday,17,0,1,Sunny,25.5,11,6,4.72,19,5.21
2025-05-01 17:15:00,Thursday,17,0,1,Sunny,26.8,10,6,5.5,22,6.49
2025-05-01 17:30:00,Thursday,17,0,1,Sunny,26.4,17,6,5.61,33,15.74
2025-05-01 17:45:00,Thursday,17,0,1,Sunny,27.3,17,6,5.9,35,16.93
2025-05-01 18:00:00,Thursday,18,0,1,Sunny,26.8,18,6,5.86,32,18.5
2025-05-01 18:15:00,Thursday,18,0,1,Sunny,27.5,22,6,6.0,36,26.33
2025-05-01 18:30:00,Thursday,18,0,1,Sunny,26.3,24,6,6.59,50,34.87
2025-05-01 18:45:00,Thursday,18,0,1,Sunny,26.3,21,6,4.92,48,20.4
2025-05-01 19:00:00,Thursday,19,0,1,Sunny,27.2,18,6,5.48,36,17.48
2025-05-01 19:15:00,Thursday,19,0,1,Sunny,27.8,17,6,5.99,33,15.24
2025-05-01 19:30:00,Thursday,19,0,1,Sunny,25.4,19,6,5.12,30,13.98
2025-05-01 19:45:00,Thursday,19,0,1,Sunny,28.2,13,7,5.56,17,8.99
2025-05-01 20:00:00,Thursday,20,0,1,Sunny,28.8,18,6,5.25,32,17.3
2025-05-01 20:15:00,Thursday,20,0,1,Cloudy,26.3,10,5,4.41,22,5.26
2025-05-01 20:30:00,Thursday,20,0,1,Sunny,24.9,13,6,6.6,24,10.39
2025-05-01 20:45:00,Thursday,20,0,1,Sunny,26.0,10,5,4.73,19,12.21
2025-05-01 21:00:00,Thursday,21,0,1,Sunny,23.6,7,5,5.03,8,4.37
2025-05-01 21:15:00,Thursday,21,0,1,Sunny,27.6,7,5,5.8,12,6.42
2025-05-01 21:30:00,Thursday,21,0,1,Sunny,27.0,5,5,5.14,11,3.59
2025-05-01 21:45:00,Thursday,21,0,1,Sunny,25.1,9,4,6.79,21,13.89
2025-05-02 08:00:00,Friday,8,0,0,Cloudy,21.1,1,4,4.68,0,0.5
2025-05-02 08:15:00,Friday,8,0,0,Cloudy,22.0,1,4,4.01,3,0.5
2025-05-02 08:30:00,Friday,8,0,0,Cloudy,19.4,2,5,4.74,2,0.5
2025-05-02 08:45:00,Friday,8,0,0,Cloudy,23.7,2,4,4.21,5,0.5
2025-05-02 09:00:00,Friday,9,0,0,Cloudy,25.2,1,4,5.42,0,0.5
2025-05-02 09:15:00,Friday,9,0,0,Cloudy,22.6,2,5,5.28,2,0.5
2025-05-02 09:30:00,Friday,9,0,0,Cloudy,21.6,2,5,6.43,4,0.5
2025-05-02 09:45:00,Friday,9,0,0,Cloudy,23.3,4,5,5.18,7,0.5
2025-05-02 10:00:00,Friday,10,0,0,Cloudy,22.8,3,5,5.58,7,0.5
2025-05-02 10:15:00,Friday,10,0,0,Cloudy,23.7,5,5,5.8,7,0.5
2025-05-02 10:30:00,Friday,10,0,0,Cloudy,24.4,5,5,5.9,9,2.67
2025-05-02 10:45:00,Friday,10,0,0,Cloudy,24.4,6,4,4.19,9,2.59
2025-05-02 11:00:00,Friday,11,0,0,Cloudy,21.4,8,6,4.06,13,0.5
2025-05-02 11:15:00,Friday,11,0,0,Cloudy,22.0,9,5,5.33,19,5.34
2025-05-02 11:30:00,Friday,11,0,0,Cloudy,22.9,4,6,5.71,9,0.5
2025-05-02 11:45:00,Friday,11,0,0,Cloudy,21.8,11,7,4.16,13,5.28
2025-05-02 12:00:00,Friday,12,0,0,Sunny,22.2,11,5,4.39,21,8.62
2025-05-02 12:15:00,Friday,12,0,0,Cloudy,25.0,12,6,6.42,30,5.49
2025-05-02 12:30:00,Friday,12,0,0,Cloudy,24.2,22,6,6.74,44,20.1
2025-05-02 12:45:00,Friday,12,0,0,Cloudy,26.1,13,6,4.82,23,8.78
2025-05-02 13:00:00,Friday,13,0,0,Cloudy,21.4,9,6,5.25,15,4.08
2025-05-02 13:15:00,Friday,13,0,0,Cloudy,23.2,9,6,5.71,14,7.2
2025-05-02 13:30:00,Friday,13,0,0,Sunny,23.1,10,6,4.9,16,4.66
2025-05-02 13:45:00,Friday,13,0,0,Cloudy,24.5,8,6,4.87,16,0.5
2025-05-02 14:00:00,Friday,14,0,0,Cloudy,20.8,3,6,5.43,4,0.5
2025-05-02 14:15:00,Friday,14,0,0,Cloudy,25.4,5,4,5.67,8,2.45
2025-05-02 14:30:00,Friday,14,0,0,Cloudy,23.3,8,5,4.0,14,2.91
2025-05-02 14:45:00,Friday,14,0,0,Cloudy,23.4,4,5,4.83,2,0.5
2025-05-02 15:00:00,Friday,15,0,0,Sunny,24.4,8,5,5.9,15,6.9
2025-05-02 15:15:00,Friday,15,0,0,Cloudy,25.0,5,5,5.44,8,4.29
2025-05-02 15:30:00,Friday,15,0,0,Cloudy,24.4,6,6,5.88,6,1.01
2025-05-02 15:45:00,Friday,15,0,0,Cloudy,23.6,7,5,5.59,13,6.15
2025-05-02 16:00:00,Friday,16,0,0,Cloudy,22.8,7,6,5.1,10,3.34
2025-05-02 16:15:00,Friday,16,0,0,Windy,23.0,7,5,6.5,10,2.35
2025-05-02 16:30:00,Friday,16,0,0,Cloudy,25.2,4,5,5.73,9,1.13
2025-05-02 16:45:00,Friday,16,0,0,Cloudy,22.5,8,5,7.34,17,6.06
2025-05-02 17:00:00,Friday,17,0,0,Cloudy,23.7,11,4,4.9,20,12.75
2025-05-02 17:15:00,Friday,17,0,0,Cloudy,24.5,3,5,5.9,6,0.5
2025-05-02 17:30:00,Friday,17,0,0,Cloudy,23.9,12,5,6.66,22,14.92
2025-05-02 17:45:00,Friday,17,0,0,Cloudy,20.8,9,5,6.94,18,12.38
2025-05-02 18:00:00,Friday,18,0,0,Cloudy,24.3,17,5,7.81,29,23.05
2025-05-02 18:15:00,Friday,18,0,0,Rainy,21.8,6,5,5.65,11,5.38
2025-05-02 18:30:00,Friday,18,0,0,Sunny,19.9,13,5,5.66,24,12.06
2025-05-02 18:45:00,Friday,18,0,0,Sunny,25.0,11,5,5.72,25,11.99
2025-05-02 19:00:00,Friday,19,0,0,Cloudy,23.0,13,5,4.48,28,10.67
2025-05-02 19:15:00,Friday,19,0,0,Cloudy,24.3,9,5,4.87,14,6.56
2025-05-02 19:30:00,Friday,19,0,0,Cloudy,23.0,10,4,5.83,21,11.01
2025-05-02 19:45:00,Friday,19,0,0,Cloudy,23.4,11,6,5.29,18,10.13
2025-05-02 20:00:00,Friday,20,0,0,Cloudy,21.8,9,5,6.07,18,10.71
2025-05-02 20:15:00,Friday,20,0,0,Cloudy,19.6,9,3,6.29,19,18.4
2025-05-02 20:30:00,Friday,20,0,0,Cloudy,25.3,7,4,5.3,16,5.13
2025-05-02 20:45:00,Friday,20,0,0,Cloudy,22.8,3,4,5.13,5,0.5
2025-05-02 21:00:00,Friday,21,0,0,Cloudy,24.0,2,4,5.7,0,0.5
2025-05-02 21:15:00,Friday,21,0,0,Cloudy,23.7,7,4,5.47,11,7.39
2025-05-02 21:30:00,Friday,21,0,0,Cloudy,24.8,7,4,6.37,13,4.86
2025-05-02 21:45:00,Friday,21,0,0,Cloudy,21.4,2,4,6.89,3,0.58
2025-05-03 08:00:00,Saturday,8,1,0,Sunny,27.6,3,6,6.14,8,0.62
2025-05-03 08:15:00,Saturday,8,1,0,Cloudy,22.8,3,6,3.8,4,0.5
2025-05-03 08:30:00,Saturday,8,1,0,Cloudy,27.8,3,6,5.54,10,0.5
2025-05-03 08:45:00,Saturday,8,1,0,Cloudy,26.4,1,5,5.19,0,0.5
2025-05-03 09:00:00,Saturday,9,1,0,Cloudy,26.1,3,7,5.25,6,0.5
2025-05-03 09:15:00,Saturday,9,1,0,Cloudy,26.6,1,7,5.46,1,0.5
2025-05-03 09:30:00,Saturday,9,1,0,Sunny,27.7,1,7,6.79,1,0.5
2025-05-03 09:45:00,Saturday,9,1,0,Cloudy,23.6,3,7,5.48,6,0.5
2025-05-03 10:00:00,Saturday,10,1,0,Sunny,27.8,6,7,3.71,15,0.5
2025-05-03 10:15:00,Saturday,10,1,0,Cloudy,28.6,5,7,6.22,11,0.5
2025-05-03 10:30:00,Saturday,10,1,0,Cloudy,26.5,13,7,4.87,22,3.23
2025-05-03 10:45:00,Saturday,10,1,0,Cloudy,30.8,8,7,4.34,17,1.76
2025-05-03 11:00:00,Saturday,11,1,0,Cloudy,26.0,7,8,5.1,9,0.5
2025-05-03 11:15:00,Saturday,11,1,0,Cloudy,26.3,6,8,5.19,9,0.5
2025-05-03 11:30:00,Saturday,11,1,0,Cloudy,28.7,20,9,4.9,37,7.43
2025-05-03 11:45:00,Saturday,11,1,0,Cloudy,25.0,10,7,6.16,23,4.58
2025-05-03 12:00:00,Saturday,12,1,0,Cloudy,25.0,14,8,6.23,32,3.09
2025-05-03 12:15:00,Saturday,12,1,0,Cloudy,25.0,15,8,4.91,32,4.32
2025-05-03 12:30:00,Saturday,12,1,0,Cloudy,26.6,14,8,5.46,23,0.5
2025-05-03 12:45:00,Saturday,12,1,0,Cloudy,26.8,20,8,5.99,35,7.59
2025-05-03 13:00:00,Saturday,13,1,0,Cloudy,26.1,10,8,6.98,24,6.06
2025-05-03 13:15:00,Saturday,13,1,0,Cloudy,29.1,16,9,6.95,28,3.07
2025-05-03 13:30:00,Saturday,13,1,0,Cloudy,26.8,8,9,5.4,12,0.5
2025-05-03 13:45:00,Saturday,13,1,0,Cloudy,28.7,3,8,5.54,7,0.5
2025-05-03 14:00:00,Saturday,14,1,0,Cloudy,24.9,12,9,5.3,23,1.56
2025-05-03 14:15:00,Saturday,14,1,0,Cloudy,28.1,8,7,6.39,13,1.94
2025-05-03 14:30:00,Saturday,14,1,0,Cloudy,27.5,9,7,5.2,16,0.5
2025-05-03 14:45:00,Saturday,14,1,0,Cloudy,27.9,8,7,6.59,19,2.28
2025-05-03 15:00:00,Saturday,15,1,0,Cloudy,25.8,8,7,5.27,9,0.5
2025-05-03 15:15:00,Saturday,15,1,0,Cloudy,24.9,4,8,6.41,4,0.5
2025-05-03 15:30:00,Saturday,15,1,0,Cloudy,28.2,2,7,4.12,0,0.5
2025-05-03 15:45:00,Saturday,15,1,0,Cloudy,27.8,9,7,4.63,17,0.95
2025-05-03 16:00:00,Saturday,16,1,0,Cloudy,25.0,7,7,5.48,18,0.5
2025-05-03 16:15:00,Saturday,16,1,0,Cloudy,28.9,11,7,6.59,28,6.02
2025-05-03 16:30:00,Saturday,16,1,0,Cloudy,28.6,13,7,5.74,20,7.24
2025-05-03 16:45:00,Saturday,16,1,0,Cloudy,28.3,8,7,5.94,17,2.72
2025-05-03 17:00:00,Saturday,17,1,0,Cloudy,30.1,17,7,4.65,34,8.24
2025-05-03 17:15:00,Saturday,17,1,0,Cloudy,26.3,14,8,6.32,34,10.35
2025-05-03 17:30:00,Saturday,17,1,0,Cloudy,26.8,15,7,5.65,35,4.98
2025-05-03 17:45:00,Saturday,17,1,0,Cloudy,25.8,15,7,5.14,33,8.69
2025-05-03 18:00:00,Saturday,18,1,0,Stormy,27.4,8,7,6.0,16,3.72
2025-05-03 18:15:00,Saturday,18,1,0,Cloudy,27.6,26,7,5.88,50,20.56
2025-05-03 18:30:00,Saturday,18,1,0,Cloudy,26.4,16,7,4.29,25,6.36
2025-05-03 18:45:00,Saturday,18,1,0,Cloudy,26.0,21,7,5.43,35,11.36
2025-05-03 19:00:00,Saturday,19,1,0,Cloudy,25.6,15,7,5.93,34,12.15
2025-05-03 19:15:00,Saturday,19,1,0,Cloudy,21.8,18,7,4.6,33,7.78
2025-05-03 19:30:00,Saturday,19,1,0,Cloudy,25.9,7,7,5.55,13,0.5
2025-05-03 19:45:00,Saturday,19,1,0,Cloudy,28.2,13,7,5.49,23,7.53
2025-05-03 20:00:00,Saturday,20,1,0,Rainy,26.3,12,6,4.29,25,12.11
2025-05-03 20:15:00,Saturday,20,1,0,Cloudy,26.6,10,6,3.8,22,6.92
2025-05-03 20:30:00,Saturday,20,1,0,Cloudy,23.5,15,6,6.64,30,16.6
2025-05-03 20:45:00,Saturday,20,1,0,Cloudy,29.3,4,6,6.16,8,0.5
2025-05-03 21:00:00,Saturday,21,1,0,Cloudy,28.9,10,6,5.32,18,6.44
2025-05-03 21:15:00,Saturday,21,1,0,Cloudy,23.7,5,6,5.24,6,0.5
2025-05-03 21:30:00,Saturday,21,1,0,Cloudy,28.0,8,6,5.67,15,4.0
2025-05-03 21:45:00,Saturday,21,1,0,Cloudy,24.7,5,6,5.76,7,4.23
2025-05-04 08:00:00,Sunday,8,1,0,Sunny,29.9,6,5,4.98,13,3.45
2025-05-04 08:15:00,Sunday,8,1,0,Sunny,30.7,5,6,6.62,9,0.56
2025-05-04 08:30:00,Sunday,8,1,0,Sunny,30.6,1,6,5.4,0,0.5
2025-05-04 08:45:00,Sunday,8,1,0,Sunny,28.2,3,5,7.4,9,0.5
2025-05-04 09:00:00,Sunday,9,1,0,Sunny,28.9,3,7,5.9,7,0.5
2025-05-04 09:15:00,Sunday,9,1,0,Sunny,30.4,3,7,5.06,8,0.5
2025-05-04 09:30:00,Sunday,9,1,0,Sunny,31.5,4,7,5.6,5,0.5
2025-05-04 09:45:00,Sunday,9,1,0,Sunny,31.8,5,7,5.18,12,0.5
2025-05-04 10:00:00,Sunday,10,1,0,Sunny,31.3,3,6,5.95,4,1.35
2025-05-04 10:15:00,Sunday,10,1,0,Sunny,28.8,5,7,6.08,9,0.5
2025-05-04 10:30:00,Sunday,10,1,0,Sunny,29.9,4,7,6.17,9,0.5
2025-05-04 10:45:00,Sunday,10,1,0,Sunny,29.7,5,6,6.4,14,0.5
2025-05-04 11:00:00,Sunday,11,1,0,Sunny,30.1,10,7,5.34,17,1.07
2025-05-04 11:15:00,Sunday,11,1,0,Sunny,29.8,9,7,4.05,18,1.24
2025-05-04 11:30:00,Sunday,11,1,0,Cloudy,32.0,7,8,6.71,11,0.5
2025-05-04 11:45:00,Sunday,11,1,0,Sunny,26.9,14,8,6.3,27,10.43
2025-05-04 12:00:00,Sunday,12,1,0,Cloudy,32.1,11,8,5.28,25,1.71
2025-05-04 12:15:00,Sunday,12,1,0,Sunny,30.7,20,8,6.05,42,14.25
2025-05-04 12:30:00,Sunday,12,1,0,Sunny,31.2,12,8,5.48,24,2.68
2025-05-04 12:45:00,Sunday,12,1,0,Sunny,29.4,22,8,6.55,42,13.5
2025-05-04 13:00:00,Sunday,13,1,0,Sunny,29.9,8,8,5.33,16,2.14
2025-05-04 13:15:00,Sunday,13,1,0,Sunny,27.0,12,8,6.5,28,0.5
2025-05-04 13:30:00,Sunday,13,1,0,Sunny,31.1,16,8,5.44,30,7.89
2025-05-04 13:45:00,Sunday,13,1,0,Sunny,31.3,16,8,5.64,34,11.0
2025-05-04 14:00:00,Sunday,14,1,0,Sunny,31.8,11,8,5.66,23,7.09
2025-05-04 14:15:00,Sunday,14,1,0,Sunny,31.7,12,7,4.48,21,5.89
2025-05-04 14:30:00,Sunday,14,1,0,Sunny,29.2,6,7,5.44,11,0.5
2025-05-04 14:45:00,Sunday,14,1,0,Sunny,33.9,9,7,4.82,19,4.74
2025-05-04 15:00:00,Sunday,15,1,0,Sunny,31.7,6,7,4.21,13,0.5
2025-05-04 15:15:00,Sunday,15,1,0,Sunny,32.9,8,6,5.24,20,4.48
2025-05-04 15:30:00,Sunday,15,1,0,Sunny,30.1,4,7,5.45,8,0.5
2025-05-04 15:45:00,Sunday,15,1,0,Cloudy,30.6,6,7,5.96,14,0.5
2025-05-04 16:00:00,Sunday,16,1,0,Sunny,30.4,8,6,5.5,16,0.5
2025-05-04 16:15:00,Sunday,16,1,0,Sunny,32.1,8,7,5.55,13,0.5
2025-05-04 16:30:00,Sunday,16,1,0,Sunny,28.4,9,6,6.29,19,2.24
2025-05-04 16:45:00,Sunday,16,1,0,Sunny,32.1,19,7,5.17,36,7.14
2025-05-04 17:00:00,Sunday,17,1,0,Sunny,30.2,9,7,7.19,18,4.77
2025-05-04 17:15:00,Sunday,17,1,0,Sunny,31.3,13,7,5.01,17,5.7
2025-05-04 17:30:00,Sunday,17,1,0,Sunny,29.7,13,7,5.59,20,6.91
2025-05-04 17:45:00,Sunday,17,1,0,Sunny,31.0,15,7,4.17,22,3.45
2025-05-04 18:00:00,Sunday,18,1,0,Sunny,30.7,19,7,6.09,31,12.65
2025-05-04 18:15:00,Sunday,18,1,0,Sunny,30.9,25,7,6.7,52,24.92
2025-05-04 18:30:00,Sunday,18,1,0,Sunny,29.1,19,7,5.96,36,16.07
2025-05-04 18:45:00,Sunday,18,1,0,Sunny,31.6,18,7,7.01,32,18.79
2025-05-04 19:00:00,Sunday,19,1,0,Sunny,30.6,12,6,4.79,26,1.23
2025-05-04 19:15:00,Sunday,19,1,0,Sunny,26.7,13,6,6.34,26,13.32
2025-05-04 19:30:00,Sunday,19,1,0,Sunny,29.3,14,7,6.4,26,9.19
2025-05-04 19:45:00,Sunday,19,1,0,Sunny,31.9,14,7,4.46,30,7.42
2025-05-04 20:00:00,Sunday,20,1,0,Sunny,31.2,24,7,6.35,48,24.81
2025-05-04 20:15:00,Sunday,20,1,0,Sunny,31.3,19,6,6.37,30,19.56
2025-05-04 20:30:00,Sunday,20,1,0,Sunny,31.3,8,6,5.48,16,8.14
2025-05-04 20:45:00,Sunday,20,1,0,Sunny,33.6,8,7,4.14,14,0.5
2025-05-04 21:00:00,Sunday,21,1,0,Sunny,29.2,5,6,5.41,10,3.06
2025-05-04 21:15:00,Sunday,21,1,0,Sunny,30.7,10,6,5.66,18,10.4
2025-05-04 21:30:00,Sunday,21,1,0,Sunny,28.5,5,6,5.71,4,0.5
2025-05-04 21:45:00,Sunday,21,1,0,Sunny,28.6,5,6,6.31,9,5.11
2025-05-05 08:00:00,Monday,8,0,0,Windy,24.7,3,4,4.96,6,0.5
2025-05-05 08:15:00,Monday,8,0,0,Windy,24.7,4,4,5.76,6,3.02
2025-05-05 08:30:00,Monday,8,0,0,Sunny,22.3,1,3,5.91,2,0.5
2025-05-05 08:45:00,Monday,8,0,0,Windy,24.1,5,4,4.73,14,1.38
2025-05-05 09:00:00,Monday,9,0,0,Sunny,27.4,2,5,5.53,4,0.5
2025-05-05 09:15:00,Monday,9,0,0,Windy,24.2,2,5,6.37,6,0.87
2025-05-05 09:30:00,Monday,9,0,0,Windy,24.1,0,5,5.52,0,0.5
2025-05-05 09:45:00,Monday,9,0,0,Windy,25.0,3,5,4.36,5,0.5
2025-05-05 10:00:00,Monday,10,0,0,Windy,26.4,3,5,5.44,0,0.81
2025-05-05 10:15:00,Monday,10,0,0,Windy,25.1,2,5,6.13,1,0.5
2025-05-05 10:30:00,Monday,10,0,0,Windy,24.7,7,6,5.3,10,0.5
2025-05-05 10:45:00,Monday,10,0,0,Windy,25.4,6,5,5.85,8,0.5
2025-05-05 11:00:00,Monday,11,0,0,Windy,27.3,6,7,5.56,10,2.36
2025-05-05 11:15:00,Monday,11,0,0,Windy,23.6,10,5,5.47,15,6.6
2025-05-05 11:30:00,Monday,11,0,0,Windy,24.3,3,5,7.86,6,0.93
2025-05-05 11:45:00,Monday,11,0,0,Windy,26.3,11,6,6.74,16,5.8
2025-05-05 12:00:00,Monday,12,0,0,Windy,24.5,13,6,5.92,31,4.94
2025-05-05 12:15:00,Monday,12,0,0,Windy,24.5,7,6,7.05,15,0.61
2025-05-05 12:30:00,Monday,12,0,0,Windy,24.2,15,6,7.13,27,16.74
2025-05-05 12:45:00,Monday,12,0,0,Windy,21.7,16,6,5.95,36,16.04
2025-05-05 13:00:00,Monday,13,0,0,Windy,25.2,8,6,5.96,15,3.75
2025-05-05 13:15:00,Monday,13,0,0,Windy,26.7,7,6,4.67,13,0.5
2025-05-05 13:30:00,Monday,13,0,0,Windy,22.5,4,5,5.75,5,0.5
2025-05-05 13:45:00,Monday,13,0,0,Windy,26.3,8,6,5.02,22,1.12
2025-05-05 14:00:00,Monday,14,0,0,Windy,24.5,5,6,4.45,6,0.5
2025-05-05 14:15:00,Monday,14,0,0,Windy,24.1,2,5,4.25,6,0.5
2025-05-05 14:30:00,Monday,14,0,0,Windy,28.1,5,5,5.15,12,0.5
2025-05-05 14:45:00,Monday,14,0,0,Windy,26.7,1,5,5.46,8,0.5
2025-05-05 15:00:00,Monday,15,0,0,Windy,23.6,7,4,5.92,12,9.58
2025-05-05 15:15:00,Monday,15,0,0,Windy,22.2,3,6,5.39,5,0.5
2025-05-05 15:30:00,Monday,15,0,0,Windy,22.6,3,4,5.81,6,3.25
2025-05-05 15:45:00,Monday,15,0,0,Windy,25.8,9,5,5.78,18,6.35
2025-05-05 16:00:00,Monday,16,0,0,Windy,25.3,7,5,6.18,13,4.02
2025-05-05 16:15:00,Monday,16,0,0,Windy,24.3,6,5,4.7,11,2.99
2025-05-05 16:30:00,Monday,16,0,0,Windy,23.1,8,5,5.97,12,12.38
2025-05-05 16:45:00,Monday,16,0,0,Windy,24.7,5,4,4.63,8,1.94
2025-05-05 17:00:00,Monday,17,0,0,Windy,30.4,8,6,6.44,17,4.26
2025-05-05 17:15:00,Monday,17,0,0,Windy,26.0,10,5,5.23,15,10.06
2025-05-05 17:30:00,Monday,17,0,0,Windy,25.4,12,5,6.15,26,8.15
2025-05-05 17:45:00,Monday,17,0,0,Windy,23.9,10,5,6.92,19,10.77
2025-05-05 18:00:00,Monday,18,0,0,Windy,25.5,8,5,5.61,16,6.74
2025-05-05 18:15:00,Monday,18,0,0,Windy,25.3,7,5,5.84,13,4.72
2025-05-05 18:30:00,Monday,18,0,0,Windy,24.0,8,4,5.2,13,9.23
2025-05-05 18:45:00,Monday,18,0,0,Windy,21.9,10,5,5.61,17,7.67
2025-05-05 19:00:00,Monday,19,0,0,Rainy,26.4,8,5,5.33,14,10.06
2025-05-05 19:15:00,Monday,19,0,0,Windy,27.1,12,5,5.85,20,11.81
2025-05-05 19:30:00,Monday,19,0,0,Rainy,26.1,10,5,4.93,19,14.61
2025-05-05 19:45:00,Monday,19,0,0,Windy,25.3,6,4,4.27,12,0.61
2025-05-05 20:00:00,Monday,20,0,0,Windy,23.2,6,5,5.85,11,2.24
2025-05-05 20:15:00,Monday,20,0,0,Windy,24.5,7,4,6.71,16,9.43
2025-05-05 20:30:00,Monday,20,0,0,Windy,25.2,7,4,4.51,12,4.45
2025-05-05 20:45:00,Monday,20,0,0,Windy,22.6,11,4,5.75,25,15.22
2025-05-05 21:00:00,Monday,21,0,0,Windy,23.4,4,4,5.68,6,0.5
2025-05-05 21:15:00,Monday,21,0,0,Windy,22.0,8,4,5.46,15,7.15
2025-05-05 21:30:00,Monday,21,0,0,Windy,21.7,3,4,5.25,7,3.02
2025-05-05 21:45:00,Monday,21,0,0,Windy,22.3,2,4,5.43,2,0.5
2025-05-06 08:00:00,Tuesday,8,0,0,Cloudy,18.1,1,2,5.86,1,0.5
2025-05-06 08:15:00,Tuesday,8,0,0,Cloudy,19.5,1,3,6.15,1,0.5
2025-05-06 08:30:00,Tuesday,8,0,0,Cloudy,20.6,1,2,4.7,0,0.5
2025-05-06 08:45:00,Tuesday,8,0,0,Cloudy,17.6,3,2,5.98,11,6.74
2025-05-06 09:00:00,Tuesday,9,0,0,Cloudy,19.3,1,3,4.87,4,0.5
2025-05-06 09:15:00,Tuesday,9,0,0,Cloudy,19.7,3,3,4.7,4,5.52
2025-05-06 09:30:00,Tuesday,9,0,0,Sunny,16.7,1,3,6.06,2,0.5
2025-05-06 09:45:00,Tuesday,9,0,0,Cloudy,17.5,3,3,6.05,5,1.51
2025-05-06 10:00:00,Tuesday,10,0,0,Cloudy,17.6,1,3,5.68,3,1.71
2025-05-06 10:15:00,Tuesday,10,0,0,Cloudy,18.7,2,3,5.85,2,0.5
2025-05-06 10:30:00,Tuesday,10,0,0,Cloudy,18.6,4,4,4.87,7,4.7
2025-05-06 10:45:00,Tuesday,10,0,0,Cloudy,15.9,4,3,4.82,5,0.5
2025-05-06 11:00:00,Tuesday,11,0,0,Cloudy,15.4,6,5,4.62,7,0.5
2025-05-06 11:15:00,Tuesday,11,0,0,Cloudy,17.5,7,4,4.87,16,3.16
2025-05-06 11:30:00,Tuesday,11,0,0,Cloudy,22.4,4,4,5.71,2,0.5
2025-05-06 11:45:00,Tuesday,11,0,0,Cloudy,20.9,3,4,3.58,6,0.5
2025-05-06 12:00:00,Tuesday,12,0,0,Sunny,20.1,5,4,7.92,5,10.48
2025-05-06 12:15:00,Tuesday,12,0,0,Cloudy,20.4,15,4,5.49,33,20.85
2025-05-06 12:30:00,Tuesday,12,0,0,Cloudy,22.4,13,4,6.45,20,18.98
2025-05-06 12:45:00,Tuesday,12,0,0,Cloudy,18.1,18,4,7.65,38,39.73
2025-05-06 13:00:00,Tuesday,13,0,0,Cloudy,19.3,15,4,6.23,25,22.46
2025-05-06 13:15:00,Tuesday,13,0,0,Cloudy,19.3,4,4,4.93,10,0.5
2025-05-06 13:30:00,Tuesday,13,0,0,Cloudy,21.5,8,5,7.19,16,8.65
2025-05-06 13:45:00,Tuesday,13,0,0,Cloudy,18.2,13,4,7.53,25,23.16
2025-05-06 14:00:00,Tuesday,14,0,0,Cloudy,19.2,10,4,4.97,20,11.66
2025-05-06 14:15:00,Tuesday,14,0,0,Sunny,17.5,6,3,6.98,9,16.63
2025-05-06 14:30:00,Tuesday,14,0,0,Cloudy,17.2,5,3,6.81,10,8.21
2025-05-06 14:45:00,Tuesday,14,0,0,Cloudy,20.8,5,3,4.76,9,8.84
2025-05-06 15:00:00,Tuesday,15,0,0,Cloudy,19.1,4,3,5.19,8,4.42
2025-05-06 15:15:00,Tuesday,15,0,0,Cloudy,20.3,4,3,4.64,8,0.99
2025-05-06 15:30:00,Tuesday,15,0,0,Cloudy,17.2,7,4,5.71,16,9.82
2025-05-06 15:45:00,Tuesday,15,0,0,Cloudy,20.0,3,4,6.51,6,5.85
2025-05-06 16:00:00,Tuesday,16,0,0,Cloudy,19.1,9,3,5.62,20,15.7
2025-05-06 16:15:00,Tuesday,16,0,0,Cloudy,18.0,6,3,5.04,12,10.19
2025-05-06 16:30:00,Tuesday,16,0,0,Sunny,21.3,11,2,7.83,22,42.04
2025-05-06 16:45:00,Tuesday,16,0,0,Cloudy,19.1,12,3,7.76,24,31.21
2025-05-06 17:00:00,Tuesday,17,0,0,Cloudy,19.4,6,3,3.98,9,2.65
2025-05-06 17:15:00,Tuesday,17,0,0,Cloudy,16.8,8,3,7.08,16,17.69
2025-05-06 17:30:00,Tuesday,17,0,0,Cloudy,19.7,13,2,8.05,26,51.92
2025-05-06 17:45:00,Tuesday,17,0,0,Cloudy,19.4,5,2,5.72,10,12.08
2025-05-06 18:00:00,Tuesday,18,0,0,Cloudy,18.2,7,3,6.26,13,9.68
2025-05-06 18:15:00,Tuesday,18,0,0,Cloudy,16.9,16,3,7.29,28,36.32
2025-05-06 18:30:00,Tuesday,18,0,0,Cloudy,19.3,19,3,7.45,35,48.72
2025-05-06 18:45:00,Tuesday,18,0,0,Cloudy,20.8,11,3,6.65,20,21.69
2025-05-06 19:00:00,Tuesday,19,0,0,Cloudy,18.7,13,3,7.8,22,33.94
2025-05-06 19:15:00,Tuesday,19,0,0,Cloudy,18.5,8,3,5.95,19,17.84
2025-05-06 19:30:00,Tuesday,19,0,0,Cloudy,20.6,15,3,6.44,31,34.99
2025-05-06 19:45:00,Tuesday,19,0,0,Cloudy,18.7,6,2,5.65,10,15.71
2025-05-06 20:00:00,Tuesday,20,0,0,Rainy,19.9,6,3,5.21,10,10.54
2025-05-06 20:15:00,Tuesday,20,0,0,Cloudy,17.6,7,2,7.84,17,27.62
2025-05-06 20:30:00,Tuesday,20,0,0,Cloudy,19.8,3,2,5.44,1,5.81
2025-05-06 20:45:00,Tuesday,20,0,0,Cloudy,20.4,4,2,6.03,6,9.78
2025-05-06 21:00:00,Tuesday,21,0,0,Cloudy,15.4,2,2,5.21,4,5.23
2025-05-06 21:15:00,Tuesday,21,0,0,Cloudy,19.4,6,2,5.87,13,18.6
2025-05-06 21:30:00,Tuesday,21,0,0,Cloudy,17.8,3,2,5.88,8,7.13
2025-05-06 21:45:00,Tuesday,21,0,0,Cloudy,17.1,0,2,4.35,0,0.5
2025-05-07 08:00:00,Wednesday,8,0,0,Rainy,17.1,2,2,6.69,7,8.59
2025-05-07 08:15:00,Wednesday,8,0,0,Rainy,20.1,3,2,6.08,4,14.08
2025-05-07 08:30:00,Wednesday,8,0,0,Rainy,19.5,1,2,7.91,0,4.3
2025-05-07 08:45:00,Wednesday,8,0,0,Rainy,18.4,3,2,5.28,4,7.52
2025-05-07 09:00:00,Wednesday,9,0,0,Rainy,19.9,4,3,5.71,9,4.28
2025-05-07 09:15:00,Wednesday,9,0,0,Rainy,20.7,3,3,6.53,9,8.2
2025-05-07 09:30:00,Wednesday,9,0,0,Rainy,19.6,1,3,4.84,2,0.5
2025-05-07 09:45:00,Wednesday,9,0,0,Rainy,21.2,1,3,5.24,4,2.67
2025-05-07 10:00:00,Wednesday,10,0,0,Rainy,17.2,4,3,5.99,8,8.95
2025-05-07 10:15:00,Wednesday,10,0,0,Rainy,19.0,5,3,6.04,8,5.78
2025-05-07 10:30:00,Wednesday,10,0,0,Rainy,20.7,2,2,7.07,5,6.8
2025-05-07 10:45:00,Wednesday,10,0,0,Rainy,19.3,2,3,6.44,2,6.29
2025-05-07 11:00:00,Wednesday,11,0,0,Rainy,21.2,3,4,5.74,11,0.5
2025-05-07 11:15:00,Wednesday,11,0,0,Sunny,17.0,15,5,5.22,29,14.03
2025-05-07 11:30:00,Wednesday,11,0,0,Rainy,20.4,4,4,6.67,5,7.24
2025-05-07 11:45:00,Wednesday,11,0,0,Rainy,21.1,7,4,4.8,12,8.04
2025-05-07 12:00:00,Wednesday,12,0,0,Rainy,22.7,8,4,3.79,11,2.35
2025-05-07 12:15:00,Wednesday,12,0,0,Rainy,19.0,10,4,5.41,18,15.94
2025-05-07 12:30:00,Wednesday,12,0,0,Rainy,19.9,5,4,5.42,10,5.11
2025-05-07 12:45:00,Wednesday,12,0,0,Cloudy,20.9,12,4,5.49,19,18.26
2025-05-07 13:00:00,Wednesday,13,0,0,Rainy,21.7,7,4,4.44,11,10.46
2025-05-07 13:15:00,Wednesday,13,0,0,Rainy,19.6,6,3,5.29,9,13.75
2025-05-07 13:30:00,Wednesday,13,0,0,Rainy,19.9,6,3,5.64,10,10.73
2025-05-07 13:45:00,Wednesday,13,0,0,Rainy,21.2,6,3,4.78,13,8.87
2025-05-07 14:00:00,Wednesday,14,0,0,Rainy,20.8,6,4,5.32,11,7.23
2025-05-07 14:15:00,Wednesday,14,0,0,Rainy,18.9,2,3,5.31,4,2.57
2025-05-07 14:30:00,Wednesday,14,0,0,Rainy,20.0,5,4,5.63,11,4.01
2025-05-07 14:45:00,Wednesday,14,0,0,Cloudy,21.3,3,3,4.79,7,3.16
2025-05-07 15:00:00,Wednesday,15,0,0,Rainy,19.5,3,4,4.5,5,3.99
2025-05-07 15:15:00,Wednesday,15,0,0,Rainy,19.7,3,3,5.47,4,4.56
2025-05-07 15:30:00,Wednesday,15,0,0,Rainy,20.6,3,2,5.18,5,7.48
2025-05-07 15:45:00,Wednesday,15,0,0,Rainy,19.4,5,3,6.03,10,12.88
2025-05-07 16:00:00,Wednesday,16,0,0,Rainy,20.0,7,3,5.79,14,13.4
2025-05-07 16:15:00,Wednesday,16,0,0,Rainy,20.8,3,3,4.48,3,0.5
2025-05-07 16:30:00,Wednesday,16,0,0,Rainy,19.0,3,3,5.65,9,6.54
2025-05-07 16:45:00,Wednesday,16,0,0,Rainy,20.8,6,2,6.06,9,15.89
2025-05-07 17:00:00,Wednesday,17,0,0,Rainy,20.6,3,3,4.98,5,6.78
2025-05-07 17:15:00,Wednesday,17,0,0,Rainy,20.9,5,3,4.58,12,8.17
2025-05-07 17:30:00,Wednesday,17,0,0,Rainy,21.9,9,3,5.7,13,17.26
2025-05-07 17:45:00,Wednesday,17,0,0,Rainy,20.8,8,3,5.66,13,18.27
2025-05-07 18:00:00,Wednesday,18,0,0,Rainy,19.8,8,2,6.47,14,24.42
2025-05-07 18:15:00,Wednesday,18,0,0,Rainy,16.9,5,2,7.24,5,20.74
2025-05-07 18:30:00,Wednesday,18,0,0,Sunny,20.6,12,3,6.01,24,26.89
2025-05-07 18:45:00,Wednesday,18,0,0,Rainy,20.0,12,3,6.43,25,29.46
2025-05-07 19:00:00,Wednesday,19,0,0,Rainy,20.0,10,3,6.32,16,24.59
2025-05-07 19:15:00,Wednesday,19,0,0,Rainy,19.0,9,3,6.25,15,21.64
2025-05-07 19:30:00,Wednesday,19,0,0,Rainy,20.5,6,3,5.32,9,6.09
2025-05-07 19:45:00,Wednesday,19,0,0,Rainy,19.6,11,3,6.48,15,23.63
2025-05-07 20:00:00,Wednesday,20,0,0,Rainy,18.1,6,3,5.34,11,12.18
2025-05-07 20:15:00,Wednesday,20,0,0,Rainy,19.5,5,2,5.97,8,10.59
2025-05-07 20:30:00,Wednesday,20,0,0,Rainy,21.7,4,2,3.3,6,4.47
2025-05-07 20:45:00,Wednesday,20,0,0,Rainy,22.3,3,2,6.08,6,10.37
2025-05-07 21:00:00,Wednesday,21,0,0,Rainy,20.3,8,2,5.45,14,23.96
2025-05-07 21:15:00,Wednesday,21,0,0,Rainy,21.4,5,2,4.31,10,6.45
2025-05-07 21:30:00,Wednesday,21,0,0,Rainy,22.1,7,2,5.98,17,28.16
2025-05-07 21:45:00,Wednesday,21,0,0,Rainy,18.4,5,2,5.35,8,9.9
2025-05-08 08:00:00,Thursday,8,0,0,Cloudy,24.1,2,4,6.56,5,0.5
2025-05-08 08:15:00,Thursday,8,0,0,Cloudy,21.8,0,4,6.27,0,0.5
2025-05-08 08:30:00,Thursday,8,0,0,Cloudy,21.7,2,5,6.6,3,0.5
2025-05-08 08:45:00,Thursday,8,0,0,Windy,23.0,1,4,5.4,1,0.5
2025-05-08 09:00:00,Thursday,9,0,0,Cloudy,21.8,4,5,5.84,6,1.56
2025-05-08 09:15:00,Thursday,9,0,0,Cloudy,22.4,1,6,6.1,2,0.5
2025-05-08 09:30:00,Thursday,9,0,0,Cloudy,21.8,6,5,5.43,11,0.5
2025-05-08 09:45:00,Thursday,9,0,0,Cloudy,23.2,1,5,4.87,4,0.5
2025-05-08 10:00:00,Thursday,10,0,0,Cloudy,23.9,1,5,5.85,2,0.5
2025-05-08 10:15:00,Thursday,10,0,0,Sunny,22.6,1,6,4.55,7,0.5
2025-05-08 10:30:00,Thursday,10,0,0,Cloudy,23.9,3,5,4.85,5,0.5
2025-05-08 10:45:00,Thursday,10,0,0,Cloudy,23.8,7,5,5.58,11,0.87
2025-05-08 11:00:00,Thursday,11,0,0,Stormy,23.7,7,6,4.13,14,3.4
2025-05-08 11:15:00,Thursday,11,0,0,Cloudy,23.4,5,6,5.63,9,0.5
2025-05-08 11:30:00,Thursday,11,0,0,Cloudy,25.8,9,6,5.1,14,3.35
2025-05-08 11:45:00,Thursday,11,0,0,Rainy,27.3,12,6,3.95,26,3.27
2025-05-08 12:00:00,Thursday,12,0,0,Cloudy,23.8,9,7,6.0,16,1.48
2025-05-08 12:15:00,Thursday,12,0,0,Cloudy,22.6,9,7,4.84,13,0.5
2025-05-08 12:30:00,Thursday,12,0,0,Cloudy,23.1,9,6,5.37,14,1.89
2025-05-08 12:45:00,Thursday,12,0,0,Cloudy,23.1,10,7,5.32,21,0.5
2025-05-08 13:00:00,Thursday,13,0,0,Cloudy,23.1,7,6,6.3,14,1.86
2025-05-08 13:15:00,Thursday,13,0,0,Cloudy,22.4,6,6,4.74,11,0.5
2025-05-08 13:30:00,Thursday,13,0,0,Cloudy,22.1,8,7,5.59,15,1.93
2025-05-08 13:45:00,Thursday,13,0,0,Cloudy,25.0,8,5,5.29,13,5.31
2025-05-08 14:00:00,Thursday,14,0,0,Sunny,23.3,5,5,6.32,10,4.69
2025-05-08 14:15:00,Thursday,14,0,0,Cloudy,22.9,8,5,5.95,13,3.92
2025-05-08 14:30:00,Thursday,14,0,0,Cloudy,24.3,9,4,6.13,14,13.62
2025-05-08 14:45:00,Thursday,14,0,0,Cloudy,25.2,3,5,5.68,7,0.84
2025-05-08 15:00:00,Thursday,15,0,0,Cloudy,24.0,3,5,6.02,7,0.5
2025-05-08 15:15:00,Thursday,15,0,0,Sunny,23.2,3,5,5.79,5,0.88
2025-05-08 15:30:00,Thursday,15,0,0,Cloudy,24.7,6,5,6.09,13,2.0
2025-05-08 15:45:00,Thursday,15,0,0,Cloudy,21.6,7,5,4.56,12,0.92
2025-05-08 16:00:00,Thursday,16,0,0,Cloudy,24.3,7,5,5.98,16,8.45
2025-05-08 16:15:00,Thursday,16,0,0,Cloudy,21.3,8,6,5.51,13,0.5
2025-05-08 16:30:00,Thursday,16,0,0,Cloudy,26.0,10,5,5.58,21,12.51
2025-05-08 16:45:00,Thursday,16,0,0,Windy,21.9,11,5,6.65,21,12.72
2025-05-08 17:00:00,Thursday,17,0,0,Cloudy,22.0,11,5,5.25,21,4.49
2025-05-08 17:15:00,Thursday,17,0,0,Cloudy,24.8,10,5,4.62,16,4.65
2025-05-08 17:30:00,Thursday,17,0,0,Cloudy,23.5,9,5,4.52,16,6.29
2025-05-08 17:45:00,Thursday,17,0,0,Cloudy,25.4,9,5,6.32,11,7.98
2025-05-08 18:00:00,Thursday,18,0,0,Cloudy,23.3,12,5,6.28,22,16.35
2025-05-08 18:15:00,Thursday,18,0,0,Cloudy,23.7,18,5,5.52,33,15.26
2025-05-08 18:30:00,Thursday,18,0,0,Cloudy,24.8,15,5,6.35,31,19.76
2025-05-08 18:45:00,Thursday,18,0,0,Cloudy,23.3,10,5,5.58,20,10.62
2025-05-08 19:00:00,Thursday,19,0,0,Cloudy,21.3,11,5,6.8,23,14.63
2025-05-08 19:15:00,Thursday,19,0,0,Cloudy,23.0,11,5,5.18,19,11.36
2025-05-08 19:30:00,Thursday,19,0,0,Cloudy,21.9,13,5,5.77,27,13.29
2025-05-08 19:45:00,Thursday,19,0,0,Cloudy,22.7,11,5,5.53,22,10.01
2025-05-08 20:00:00,Thursday,20,0,0,Cloudy,22.4,9,5,5.87,21,6.01
2025-05-08 20:15:00,Thursday,20,0,0,Cloudy,23.2,14,4,7.38,29,23.9
2025-05-08 20:30:00,Thursday,20,0,0,Cloudy,22.6,9,4,4.74,19,9.34
2025-05-08 20:45:00,Thursday,20,0,0,Cloudy,23.8,4,5,5.59,6,0.5
2025-05-08 21:00:00,Thursday,21,0,0,Cloudy,24.5,4,4,5.73,6,0.5
2025-05-08 21:15:00,Thursday,21,0,0,Cloudy,22.7,3,4,4.87,6,0.5
2025-05-08 21:30:00,Thursday,21,0,0,Cloudy,20.9,2,4,4.63,5,0.5
2025-05-08 21:45:00,Thursday,21,0,0,Cloudy,20.7,5,4,5.97,9,1.58
2025-05-09 08:00:00,Friday,8,0,0,Rainy,22.1,2,2,6.57,7,5.46
2025-05-09 08:15:00,Friday,8,0,0,Rainy,21.7,0,3,6.83,1,0.5
2025-05-09 08:30:00,Friday,8,0,0,Rainy,25.9,0,1,5.77,0,0.5
2025-05-09 08:45:00,Friday,8,0,0,Rainy,20.4,0,2,4.84,0,0.5
2025-05-09 09:00:00,Friday,9,0,0,Rainy,21.9,2,3,6.43,2,3.94
2025-05-09 09:15:00,Friday,9,0,0,Rainy,24.3,1,3,6.56,0,0.5
2025-05-09 09:30:00,Friday,9,0,0,Rainy,22.9,0,3,5.22,2,0.5
2025-05-09 09:45:00,Friday,9,0,0,Sunny,23.5,2,3,4.18,0,0.5
2025-05-09 10:00:00,Friday,10,0,0,Rainy,24.4,5,3,6.55,10,7.48
2025-05-09 10:15:00,Friday,10,0,0,Rainy,22.6,3,3,4.87,6,4.17
2025-05-09 10:30:00,Friday,10,0,0,Rainy,23.5,3,3,5.59,8,5.08
2025-05-09 10:45:00,Friday,10,0,0,Sunny,20.2,7,4,5.81,16,10.38
2025-05-09 11:00:00,Friday,11,0,0,Rainy,24.0,2,4,5.79,1,3.67
2025-05-09 11:15:00,Friday,11,0,0,Rainy,22.9,6,4,5.19,11,5.45
2025-05-09 11:30:00,Friday,11,0,0,Rainy,21.7,8,4,4.97,14,6.78
2025-05-09 11:45:00,Friday,11,0,0,Rainy,23.0,5,3,4.25,8,2.94
2025-05-09 12:00:00,Friday,12,0,0,Rainy,21.0,9,4,4.43,13,12.34
2025-05-09 12:15:00,Friday,12,0,0,Rainy,21.2,2,3,4.64,6,5.67
2025-05-09 12:30:00,Friday,12,0,0,Rainy,24.0,10,4,6.94,17,18.43
2025-05-09 12:45:00,Friday,12,0,0,Sunny,23.7,11,3,6.41,23,22.84
2025-05-09 13:00:00,Friday,13,0,0,Rainy,23.2,10,4,5.69,21,17.33
2025-05-09 13:15:00,Friday,13,0,0,Rainy,24.8,7,4,6.06,12,12.04
2025-05-09 13:30:00,Friday,13,0,0,Rainy,20.7,8,4,5.31,13,11.15
2025-05-09 13:45:00,Friday,13,0,0,Rainy,21.7,3,4,4.82,9,0.5
2025-05-09 14:00:00,Friday,14,0,0,Rainy,25.4,7,4,6.21,12,8.79
2025-05-09 14:15:00,Friday,14,0,0,Rainy,24.2,3,3,4.92,8,7.92
2025-05-09 14:30:00,Friday,14,0,0,Rainy,21.4,0,3,6.38,2,0.5
2025-05-09 14:45:00,Friday,14,0,0,Rainy,22.8,6,3,4.49,11,9.84
2025-05-09 15:00:00,Friday,15,0,0,Sunny,23.7,6,3,5.2,11,8.33
2025-05-09 15:15:00,Friday,15,0,0,Rainy,24.7,1,3,5.23,3,1.13
2025-05-09 15:30:00,Friday,15,0,0,Rainy,23.2,6,3,6.84,13,13.02
2025-05-09 15:45:00,Friday,15,0,0,Rainy,25.7,5,3,6.2,7,11.82
2025-05-09 16:00:00,Friday,16,0,0,Rainy,23.3,5,3,5.64,13,12.64
2025-05-09 16:15:00,Friday,16,0,0,Rainy,21.8,2,3,5.69,3,2.62
2025-05-09 16:30:00,Friday,16,0,0,Rainy,22.5,8,2,6.26,11,22.09
2025-05-09 16:45:00,Friday,16,0,0,Rainy,23.1,2,3,6.27,2,4.27
2025-05-09 17:00:00,Friday,17,0,0,Rainy,23.0,5,3,5.2,10,9.22
2025-05-09 17:15:00,Friday,17,0,0,Rainy,21.3,6,3,5.04,6,11.19
2025-05-09 17:30:00,Friday,17,0,0,Rainy,21.1,7,3,6.57,14,15.69
2025-05-09 17:45:00,Friday,17,0,0,Rainy,21.2,15,3,6.23,27,39.53
2025-05-09 18:00:00,Friday,18,0,0,Rainy,21.3,6,3,6.56,11,11.87
2025-05-09 18:15:00,Friday,18,0,0,Rainy,24.7,11,3,6.07,24,23.64
2025-05-09 18:30:00,Friday,18,0,0,Rainy,21.5,2,3,5.24,5,1.89
2025-05-09 18:45:00,Friday,18,0,0,Rainy,22.0,11,3,4.54,16,11.67
2025-05-09 19:00:00,Friday,19,0,0,Rainy,22.1,7,2,6.18,15,34.75
2025-05-09 19:15:00,Friday,19,0,0,Rainy,22.7,4,4,5.65,6,0.5
2025-05-09 19:30:00,Friday,19,0,0,Rainy,21.8,12,3,5.99,17,25.74
2025-05-09 19:45:00,Friday,19,0,0,Rainy,25.4,13,3,6.1,30,30.71
2025-05-09 20:00:00,Friday,20,0,0,Rainy,21.7,8,4,6.95,16,15.31
2025-05-09 20:15:00,Friday,20,0,0,Rainy,21.7,5,3,5.35,8,9.53
2025-05-09 20:30:00,Friday,20,0,0,Rainy,21.0,5,2,6.74,5,18.97
2025-05-09 20:45:00,Friday,20,0,0,Rainy,22.6,5,2,6.04,8,9.62
2025-05-09 21:00:00,Friday,21,0,0,Rainy,20.5,3,2,4.81,4,7.09
2025-05-09 21:15:00,Friday,21,0,0,Rainy,22.4,8,3,6.24,16,17.9
2025-05-09 21:30:00,Friday,21,0,0,Rainy,19.6,1,2,5.09,0,1.29
2025-05-09 21:45:00,Friday,21,0,0,Rainy,23.3,3,3,4.99,4,2.84
2025-05-10 08:00:00,Saturday,8,1,0,Rainy,19.2,2,4,3.87,4,0.5
2025-05-10 08:15:00,Saturday,8,1,0,Rainy,18.9,1,5,4.41,0,0.5
2025-05-10 08:30:00,Saturday,8,1,0,Rainy,18.3,2,5,4.68,5,2.55
2025-05-10 08:45:00,Saturday,8,1,0,Rainy,17.9,2,5,4.13,3,0.5
2025-05-10 09:00:00,Saturday,9,1,0,Rainy,17.2,7,6,4.75,12,4.73
2025-05-10 09:15:00,Saturday,9,1,0,Rainy,19.2,0,6,5.76,0,0.5
2025-05-10 09:30:00,Saturday,9,1,0,Rainy,19.4,2,6,5.26,3,0.5
2025-05-10 09:45:00,Saturday,9,1,0,Rainy,18.9,0,6,5.84,0,0.5
2025-05-10 10:00:00,Saturday,10,1,0,Rainy,21.1,4,7,6.68,8,0.5
2025-05-10 10:15:00,Saturday,10,1,0,Sunny,18.2,2,6,5.08,2,0.5
2025-05-10 10:30:00,Saturday,10,1,0,Rainy,18.0,5,5,3.36,10,4.42
2025-05-10 10:45:00,Saturday,10,1,0,Rainy,18.0,5,6,6.13,12,5.26
2025-05-10 11:00:00,Saturday,11,1,0,Rainy,16.4,4,7,4.63,7,0.5
2025-05-10 11:15:00,Saturday,11,1,0,Rainy,17.8,6,7,4.09,12,1.19
2025-05-10 11:30:00,Saturday,11,1,0,Rainy,16.5,12,7,6.45,24,7.67
2025-05-10 11:45:00,Saturday,11,1,0,Rainy,16.6,3,7,5.57,5,0.5
2025-05-10 12:00:00,Saturday,12,1,0,Rainy,17.7,15,7,5.41,23,7.79
2025-05-10 12:15:00,Saturday,12,1,0,Rainy,17.6,11,8,4.47,21,4.97
2025-05-10 12:30:00,Saturday,12,1,0,Rainy,18.0,14,7,5.58,22,7.6
2025-05-10 12:45:00,Saturday,12,1,0,Rainy,20.1,15,7,4.54,29,8.77
2025-05-10 13:00:00,Saturday,13,1,0,Rainy,20.6,15,7,5.92,25,18.48
2025-05-10 13:15:00,Saturday,13,1,0,Rainy,20.1,10,6,4.68,14,6.02
2025-05-10 13:30:00,Saturday,13,1,0,Rainy,18.0,8,7,5.83,18,2.83
2025-05-10 13:45:00,Saturday,13,1,0,Rainy,20.1,11,7,4.51,26,4.92
2025-05-10 14:00:00,Saturday,14,1,0,Sunny,17.8,13,7,5.88,24,8.13
2025-05-10 14:15:00,Saturday,14,1,0,Rainy,20.1,1,5,5.86,4,0.5
2025-05-10 14:30:00,Saturday,14,1,0,Rainy,19.2,4,6,5.48,10,0.5
2025-05-10 14:45:00,Saturday,14,1,0,Rainy,19.8,9,6,5.61,15,5.61
2025-05-10 15:00:00,Saturday,15,1,0,Rainy,20.5,3,6,5.58,10,1.21
2025-05-10 15:15:00,Saturday,15,1,0,Rainy,19.6,5,6,6.17,8,3.39
2025-05-10 15:30:00,Saturday,15,1,0,Rainy,16.5,2,5,5.2,4,4.0
2025-05-10 15:45:00,Saturday,15,1,0,Rainy,19.3,3,6,4.43,7,0.5
2025-05-10 16:00:00,Saturday,16,1,0,Rainy,20.5,2,6,6.57,1,0.5
2025-05-10 16:15:00,Saturday,16,1,0,Sunny,18.7,13,6,5.99,28,13.28
2025-05-10 16:30:00,Saturday,16,1,0,Rainy,20.3,10,6,6.16,22,6.2
2025-05-10 16:45:00,Saturday,16,1,0,Rainy,20.1,12,6,5.49,22,11.83
2025-05-10 17:00:00,Saturday,17,1,0,Rainy,20.9,4,6,4.66,5,0.5
2025-05-10 17:15:00,Saturday,17,1,0,Rainy,17.6,6,6,4.96,13,4.07
2025-05-10 17:30:00,Saturday,17,1,0,Rainy,17.2,12,6,6.71,24,14.77
2025-05-10 17:45:00,Saturday,17,1,0,Rainy,17.8,9,6,6.52,15,10.19
2025-05-10 18:00:00,Saturday,18,1,0,Rainy,21.2,12,6,5.15,25,7.15
2025-05-10 18:15:00,Saturday,18,1,0,Rainy,16.0,8,5,4.53,18,8.9
2025-05-10 18:30:00,Saturday,18,1,0,Rainy,19.7,10,6,5.39,17,3.83
2025-05-10 18:45:00,Saturday,18,1,0,Sunny,16.8,13,6,6.71,26,19.54
2025-05-10 19:00:00,Saturday,19,1,0,Rainy,17.8,15,6,7.09,28,17.46
2025-05-10 19:15:00,Saturday,19,1,0,Rainy,16.7,11,6,6.24,16,13.73
2025-05-10 19:30:00,Saturday,19,1,0,Rainy,19.4,13,6,7.07,27,15.5
2025-05-10 19:45:00,Saturday,19,1,0,Rainy,18.8,11,6,5.35,23,10.25
2025-05-10 20:00:00,Saturday,20,1,0,Windy,18.8,10,6,6.31,21,6.01
2025-05-10 20:15:00,Saturday,20,1,0,Rainy,21.5,7,5,4.82,17,7.65
2025-05-10 20:30:00,Saturday,20,1,0,Rainy,22.2,10,5,5.87,23,13.61
2025-05-10 20:45:00,Saturday,20,1,0,Rainy,18.5,5,5,5.17,9,3.69
2025-05-10 21:00:00,Saturday,21,1,0,Rainy,15.9,7,5,7.19,15,11.33
2025-05-10 21:15:00,Saturday,21,1,0,Rainy,20.2,4,5,4.77,6,2.94
2025-05-10 21:30:00,Saturday,21,1,0,Rainy,19.9,0,6,7.15,2,0.5
2025-05-10 21:45:00,Saturday,21,1,0,Rainy,20.1,5,4,5.74,9,15.13
2025-05-11 08:00:00,Sunday,8,1,0,Sunny,27.8,5,4,5.24,13,4.67
2025-05-11 08:15:00,Sunday,8,1,0,Sunny,29.5,3,4,5.03,4,5.06
2025-05-11 08:30:00,Sunday,8,1,0,Sunny,27.0,0,4,5.75,0,0.5
2025-05-11 08:45:00,Sunday,8,1,0,Sunny,26.7,2,4,3.94,3,0.5
2025-05-11 09:00:00,Sunday,9,1,0,Sunny,27.5,2,5,5.82,3,0.5
2025-05-11 09:15:00,Sunday,9,1,0,Sunny,27.9,1,6,4.64,0,0.5
2025-05-11 09:30:00,Sunday,9,1,0,Sunny,24.2,9,5,6.35,18,10.51
2025-05-11 09:45:00,Sunday,9,1,0,Sunny,29.8,3,4,5.61,2,0.5
2025-05-11 10:00:00,Sunday,10,1,0,Sunny,27.3,4,5,6.03,7,0.5
2025-05-11 10:15:00,Sunday,10,1,0,Sunny,27.3,3,5,5.53,6,3.28
2025-05-11 10:30:00,Sunday,10,1,0,Sunny,29.0,3,5,5.19,5,0.5
2025-05-11 10:45:00,Sunday,10,1,0,Sunny,25.5,5,5,5.42,9,2.23
2025-05-11 11:00:00,Sunday,11,1,0,Sunny,26.6,6,7,6.33,14,0.5
2025-05-11 11:15:00,Sunday,11,1,0,Sunny,29.2,8,6,6.53,18,6.38
2025-05-11 11:30:00,Sunday,11,1,0,Sunny,27.7,10,6,5.15,20,6.34
2025-05-11 11:45:00,Sunday,11,1,0,Sunny,28.3,17,6,7.26,28,18.93
2025-05-11 12:00:00,Sunday,12,1,0,Sunny,28.3,9,6,5.56,18,6.64
2025-05-11 12:15:00,Sunday,12,1,0,Sunny,26.9,7,6,6.68,5,1.37
2025-05-11 12:30:00,Sunday,12,1,0,Sunny,25.7,17,7,6.36,36,12.98
2025-05-11 12:45:00,Sunday,12,1,0,Sunny,29.5,16,6,4.96,30,7.05
2025-05-11 13:00:00,Sunday,13,1,0,Sunny,27.2,9,6,6.02,19,6.54
2025-05-11 13:15:00,Sunday,13,1,0,Sunny,26.4,12,6,7.6,26,15.7
2025-05-11 13:30:00,Sunday,13,1,0,Sunny,24.4,12,6,5.16,29,7.43
2025-05-11 13:45:00,Sunday,13,1,0,Sunny,24.7,14,7,4.9,28,11.67
2025-05-11 14:00:00,Sunday,14,1,0,Sunny,27.8,9,5,6.82,18,10.47
2025-05-11 14:15:00,Sunday,14,1,0,Sunny,27.1,5,5,7.83,7,2.34
2025-05-11 14:30:00,Sunday,14,1,0,Sunny,27.2,9,5,4.61,20,11.89
2025-05-11 14:45:00,Sunday,14,1,0,Sunny,25.8,4,5,6.25,5,3.15
2025-05-11 15:00:00,Sunday,15,1,0,Sunny,25.9,5,5,6.1,9,7.74
2025-05-11 15:15:00,Sunday,15,1,0,Sunny,26.4,6,5,5.92,10,0.5
2025-05-11 15:30:00,Sunday,15,1,0,Sunny,29.2,6,5,6.3,9,5.63
2025-05-11 15:45:00,Sunday,15,1,0,Sunny,26.3,7,5,6.12,12,4.05
2025-05-11 16:00:00,Sunday,16,1,0,Sunny,27.1,11,5,5.81,22,11.24
2025-05-11 16:15:00,Sunday,16,1,0,Sunny,28.3,9,5,7.25,19,13.81
2025-05-11 16:30:00,Sunday,16,1,0,Sunny,24.6,10,5,5.18,20,7.4
2025-05-11 16:45:00,Sunday,16,1,0,Sunny,24.3,10,5,5.79,23,10.65
2025-05-11 17:00:00,Sunday,17,1,0,Sunny,27.6,6,6,6.31,9,1.19
2025-05-11 17:15:00,Sunday,17,1,0,Sunny,26.2,21,6,5.42,33,20.99
2025-05-11 17:30:00,Sunday,17,1,0,Sunny,28.4,14,5,5.34,23,11.87
2025-05-11 17:45:00,Sunday,17,1,0,Sunny,27.4,15,5,7.32,32,23.53
2025-05-11 18:00:00,Sunday,18,1,0,Sunny,25.1,10,4,4.77,17,9.05
2025-05-11 18:15:00,Sunday,18,1,0,Sunny,25.2,14,6,4.55,24,8.77
2025-05-11 18:30:00,Sunday,18,1,0,Sunny,26.0,22,5,7.37,39,38.85
2025-05-11 18:45:00,Sunday,18,1,0,Sunny,27.4,12,5,6.43,21,15.78
2025-05-11 19:00:00,Sunday,19,1,0,Sunny,28.0,18,5,7.87,30,25.71
2025-05-11 19:15:00,Sunday,19,1,0,Rainy,28.4,12,5,5.87,24,14.66
2025-05-11 19:30:00,Sunday,19,1,0,Sunny,27.7,19,4,5.69,33,28.85
2025-05-11 19:45:00,Sunday,19,1,0,Sunny,26.9,14,5,5.6,28,12.96
2025-05-11 20:00:00,Sunday,20,1,0,Sunny,27.2,15,5,5.91,30,22.93
2025-05-11 20:15:00,Sunday,20,1,0,Sunny,29.1,12,4,5.77,21,21.61
2025-05-11 20:30:00,Sunday,20,1,0,Sunny,24.0,13,4,5.38,24,19.46
2025-05-11 20:45:00,Sunday,20,1,0,Sunny,27.0,10,4,4.49,18,12.51
2025-05-11 21:00:00,Sunday,21,1,0,Sunny,23.8,8,4,4.62,16,3.93
2025-05-11 21:15:00,Sunday,21,1,0,Sunny,25.6,9,5,5.19,20,9.25
2025-05-11 21:30:00,Sunday,21,1,0,Sunny,25.0,7,4,5.32,13,7.84
2025-05-11 21:45:00,Sunday,21,1,0,Sunny,28.6,4,3,4.42,10,10.43
2025-05-12 08:00:00,Monday,8,0,0,Cloudy,24.4,4,5,6.12,6,1.71
2025-05-12 08:15:00,Monday,8,0,0,Cloudy,23.5,2,4,6.36,3,0.53
2025-05-12 08:30:00,Monday,8,0,0,Cloudy,27.1,3,4,5.62,5,0.5
2025-05-12 08:45:00,Monday,8,0,0,Windy,22.6,3,3,6.09,6,6.46
2025-05-12 09:00:00,Monday,9,0,0,Cloudy,25.9,1,5,6.54,1,0.5
2025-05-12 09:15:00,Monday,9,0,0,Cloudy,24.3,1,5,4.51,2,0.5
2025-05-12 09:30:00,Monday,9,0,0,Sunny,25.3,2,5,5.87,5,0.5
2025-05-12 09:45:00,Monday,9,0,0,Stormy,24.7,5,6,5.67,9,2.93
2025-05-12 10:00:00,Monday,10,0,0,Cloudy,26.6,2,5,7.01,2,0.5
2025-05-12 10:15:00,Monday,10,0,0,Cloudy,23.9,5,4,5.48,13,4.81
2025-05-12 10:30:00,Monday,10,0,0,Cloudy,25.7,4,5,6.17,11,0.5
2025-05-12 10:45:00,Monday,10,0,0,Cloudy,25.7,5,5,4.65,7,1.57
2025-05-12 11:00:00,Monday,11,0,0,Cloudy,24.2,6,5,4.77,10,0.53
2025-05-12 11:15:00,Monday,11,0,0,Cloudy,23.6,9,6,4.99,18,0.5
2025-05-12 11:30:00,Monday,11,0,0,Cloudy,24.5,9,6,5.2,18,5.94
2025-05-12 11:45:00,Monday,11,0,0,Cloudy,26.1,7,6,4.6,16,1.27
2025-05-12 12:00:00,Monday,12,0,0,Cloudy,24.7,5,6,6.07,10,1.15
2025-05-12 12:15:00,Monday,12,0,0,Cloudy,25.4,13,6,6.13,18,7.46
2025-05-12 12:30:00,Monday,12,0,0,Cloudy,25.3,13,7,6.61,23,7.38
2025-05-12 12:45:00,Monday,12,0,0,Cloudy,26.0,10,6,7.11,22,6.34
2025-05-12 13:00:00,Monday,13,0,0,Cloudy,26.2,7,6,4.55,13,0.5
2025-05-12 13:15:00,Monday,13,0,0,Cloudy,25.4,11,6,5.01,19,2.81
2025-05-12 13:30:00,Monday,13,0,0,Cloudy,24.9,10,6,6.22,17,9.29
2025-05-12 13:45:00,Monday,13,0,0,Cloudy,25.8,12,6,6.76,21,8.95
2025-05-12 14:00:00,Monday,14,0,0,Cloudy,23.2,10,6,4.43,13,4.24
2025-05-12 14:15:00,Monday,14,0,0,Cloudy,27.5,9,5,5.07,21,3.8
2025-05-12 14:30:00,Monday,14,0,0,Cloudy,26.7,3,5,5.47,9,0.5
2025-05-12 14:45:00,Monday,14,0,0,Cloudy,24.4,5,5,5.7,10,3.17
2025-05-12 15:00:00,Monday,15,0,0,Sunny,24.3,6,5,4.57,12,0.5
2025-05-12 15:15:00,Monday,15,0,0,Cloudy,27.6,7,5,5.63,14,3.99
2025-05-12 15:30:00,Monday,15,0,0,Cloudy,25.4,3,4,5.41,5,1.12
2025-05-12 15:45:00,Monday,15,0,0,Cloudy,24.0,4,4,4.48,4,1.31
2025-05-12 16:00:00,Monday,16,0,0,Cloudy,26.3,5,5,7.0,11,0.67
2025-05-12 16:15:00,Monday,16,0,0,Cloudy,25.4,6,5,4.97,12,4.93
2025-05-12 16:30:00,Monday,16,0,0,Cloudy,24.3,5,6,5.52,10,2.47
2025-05-12 16:45:00,Monday,16,0,0,Cloudy,26.3,7,5,5.95,11,0.82
2025-05-12 17:00:00,Monday,17,0,0,Cloudy,26.8,6,5,5.29,8,2.64
2025-05-12 17:15:00,Monday,17,0,0,Cloudy,25.8,10,5,5.48,22,9.31
2025-05-12 17:30:00,Monday,17,0,0,Cloudy,22.9,6,6,6.48,9,0.5
2025-05-12 17:45:00,Monday,17,0,0,Rainy,23.1,8,4,3.87,15,8.48
2025-05-12 18:00:00,Monday,18,0,0,Cloudy,24.0,7,5,5.53,17,0.65
2025-05-12 18:15:00,Monday,18,0,0,Cloudy,25.2,10,5,5.8,18,6.6
2025-05-12 18:30:00,Monday,18,0,0,Sunny,25.8,10,5,6.19,20,7.26
2025-05-12 18:45:00,Monday,18,0,0,Cloudy,22.9,16,5,5.34,30,19.84
2025-05-12 19:00:00,Monday,19,0,0,Cloudy,25.6,11,5,6.3,23,7.74
2025-05-12 19:15:00,Monday,19,0,0,Cloudy,23.3,6,5,5.31,14,4.45
2025-05-12 19:30:00,Monday,19,0,0,Cloudy,25.1,14,4,6.67,28,18.43
2025-05-12 19:45:00,Monday,19,0,0,Cloudy,26.2,10,5,4.95,18,9.44
2025-05-12 20:00:00,Monday,20,0,0,Cloudy,24.6,12,5,5.58,27,9.11
2025-05-12 20:15:00,Monday,20,0,0,Cloudy,23.4,4,4,3.98,9,0.5
2025-05-12 20:30:00,Monday,20,0,0,Cloudy,27.0,6,4,4.93,10,5.96
2025-05-12 20:45:00,Monday,20,0,0,Cloudy,24.9,9,4,6.9,17,14.36
2025-05-12 21:00:00,Monday,21,0,0,Cloudy,27.0,9,4,6.37,17,13.65
2025-05-12 21:15:00,Monday,21,0,0,Cloudy,22.7,5,4,5.88,12,7.61
2025-05-12 21:30:00,Monday,21,0,0,Cloudy,25.5,3,4,8.59,5,5.26
2025-05-12 21:45:00,Monday,21,0,0,Cloudy,25.0,2,4,4.57,3,0.5
2025-05-13 08:00:00,Tuesday,8,0,0,Sunny,28.0,0,3,5.21,0,0.5
2025-05-13 08:15:00,Tuesday,8,0,0,Sunny,28.3,4,3,5.87,6,3.88
2025-05-13 08:30:00,Tuesday,8,0,0,Sunny,26.9,5,3,5.44,13,6.43
2025-05-13 08:45:00,Tuesday,8,0,0,Sunny,28.4,1,3,6.22,1,0.5
2025-05-13 09:00:00,Tuesday,9,0,0,Sunny,27.2,3,4,5.94,7,1.83
2025-05-13 09:15:00,Tuesday,9,0,0,Sunny,27.9,4,4,4.85,7,0.5
2025-05-13 09:30:00,Tuesday,9,0,0,Sunny,27.4,2,4,5.17,0,0.5
2025-05-13 09:45:00,Tuesday,9,0,0,Sunny,27.4,2,4,4.14,5,0.5
2025-05-13 10:00:00,Tuesday,10,0,0,Sunny,26.8,3,5,6.15,3,0.5
2025-05-13 10:15:00,Tuesday,10,0,0,Sunny,27.1,3,5,5.34,7,0.5
2025-05-13 10:30:00,Tuesday,10,0,0,Rainy,28.3,6,4,5.15,12,5.85
2025-05-13 10:45:00,Tuesday,10,0,0,Sunny,28.8,9,5,4.78,19,4.42
2025-05-13 11:00:00,Tuesday,11,0,0,Sunny,30.1,7,4,5.09,18,9.52
2025-05-13 11:15:00,Tuesday,11,0,0,Sunny,28.6,8,5,6.29,20,5.97
2025-05-13 11:30:00,Tuesday,11,0,0,Sunny,27.3,8,5,6.17,16,5.77
2025-05-13 11:45:00,Tuesday,11,0,0,Sunny,30.1,6,5,5.57,9,4.49
2025-05-13 12:00:00,Tuesday,12,0,0,Sunny,29.8,6,5,6.02,9,1.51
2025-05-13 12:15:00,Tuesday,12,0,0,Sunny,29.3,12,5,5.53,21,11.61
2025-05-13 12:30:00,Tuesday,12,0,0,Sunny,26.4,8,4,6.55,13,11.68
2025-05-13 12:45:00,Tuesday,12,0,0,Sunny,29.6,10,5,4.27,18,3.35
2025-05-13 13:00:00,Tuesday,13,0,0,Sunny,30.1,9,5,6.28,17,6.63
2025-05-13 13:15:00,Tuesday,13,0,0,Sunny,29.3,12,5,7.22,28,19.1
2025-05-13 13:30:00,Tuesday,13,0,0,Sunny,31.5,11,5,7.15,18,14.42
2025-05-13 13:45:00,Tuesday,13,0,0,Sunny,29.3,7,5,4.73,15,3.5
2025-05-13 14:00:00,Tuesday,14,0,0,Sunny,29.8,10,6,6.17,18,4.73
2025-05-13 14:15:00,Tuesday,14,0,0,Sunny,29.2,4,4,6.03,7,0.5
2025-05-13 14:30:00,Tuesday,14,0,0,Sunny,29.5,5,4,6.14,9,1.55
2025-05-13 14:45:00,Tuesday,14,0,0,Sunny,28.7,4,4,4.95,5,0.5
2025-05-13 15:00:00,Tuesday,15,0,0,Sunny,29.9,2,4,6.46,2,0.5
2025-05-13 15:15:00,Tuesday,15,0,0,Sunny,30.7,6,3,5.42,9,10.82
2025-05-13 15:30:00,Tuesday,15,0,0,Sunny,30.7,8,4,5.51,16,8.79
2025-05-13 15:45:00,Tuesday,15,0,0,Sunny,26.4,4,4,5.45,7,3.93
2025-05-13 16:00:00,Tuesday,16,0,0,Sunny,29.8,3,4,5.25,5,5.37
2025-05-13 16:15:00,Tuesday,16,0,0,Sunny,30.0,5,4,5.19,9,6.53
2025-05-13 16:30:00,Tuesday,16,0,0,Sunny,28.4,9,4,5.51,14,12.24
2025-05-13 16:45:00,Tuesday,16,0,0,Sunny,29.8,12,5,5.2,18,10.66
2025-05-13 17:00:00,Tuesday,17,0,0,Sunny,31.2,7,4,5.23,14,11.22
2025-05-13 17:15:00,Tuesday,17,0,0,Sunny,28.5,12,4,5.28,19,9.86
2025-05-13 17:30:00,Tuesday,17,0,0,Sunny,27.7,12,4,5.73,21,14.53
2025-05-13 17:45:00,Tuesday,17,0,0,Sunny,27.0,11,5,6.06,13,8.4
2025-05-13 18:00:00,Tuesday,18,0,0,Sunny,28.8,9,4,4.3,16,6.62
2025-05-13 18:15:00,Tuesday,18,0,0,Sunny,31.1,7,4,5.29,13,8.23
2025-05-13 18:30:00,Tuesday,18,0,0,Sunny,28.7,5,4,6.13,8,6.82
2025-05-13 18:45:00,Tuesday,18,0,0,Sunny,31.1,14,4,6.82,30,23.94
2025-05-13 19:00:00,Tuesday,19,0,0,Sunny,30.6,13,4,4.68,26,10.8
2025-05-13 19:15:00,Tuesday,19,0,0,Sunny,29.3,10,4,5.46,21,11.1
2025-05-13 19:30:00,Tuesday,19,0,0,Sunny,28.2,9,4,5.97,22,11.48
2025-05-13 19:45:00,Tuesday,19,0,0,Cloudy,27.6,8,5,6.45,13,6.67
2025-05-13 20:00:00,Tuesday,20,0,0,Sunny,28.0,11,4,5.02,18,13.41
2025-05-13 20:15:00,Tuesday,20,0,0,Sunny,28.4,12,3,5.67,26,22.42
2025-05-13 20:30:00,Tuesday,20,0,0,Sunny,27.3,12,2,7.45,24,44.41
2025-05-13 20:45:00,Tuesday,20,0,0,Sunny,29.6,9,3,5.33,16,14.96
2025-05-13 21:00:00,Tuesday,21,0,0,Stormy,32.3,6,3,4.75,10,4.37
2025-05-13 21:15:00,Tuesday,21,0,0,Sunny,28.1,7,4,6.52,13,9.09
2025-05-13 21:30:00,Tuesday,21,0,0,Sunny,30.8,3,3,4.24,11,7.28
2025-05-13 21:45:00,Tuesday,21,0,0,Cloudy,28.5,4,3,6.45,8,5.67
2025-05-14 08:00:00,Wednesday,8,0,0,Cloudy,21.1,2,5,4.2,4,0.5
2025-05-14 08:15:00,Wednesday,8,0,0,Cloudy,24.8,2,4,5.22,0,0.5
2025-05-14 08:30:00,Wednesday,8,0,0,Cloudy,21.6,4,5,4.38,11,0.5
2025-05-14 08:45:00,Wednesday,8,0,0,Cloudy,24.5,3,4,6.52,1,0.5
2025-05-14 09:00:00,Wednesday,9,0,0,Cloudy,23.0,5,5,4.97,13,0.5
2025-05-14 09:15:00,Wednesday,9,0,0,Cloudy,22.1,1,5,8.13,1,0.5
2025-05-14 09:30:00,Wednesday,9,0,0,Cloudy,27.3,0,5,5.7,4,0.5
2025-05-14 09:45:00,Wednesday,9,0,0,Cloudy,24.9,0,5,5.23,0,0.5
2025-05-14 10:00:00,Wednesday,10,0,0,Cloudy,22.2,3,4,6.06,6,0.5
2025-05-14 10:15:00,Wednesday,10,0,0,Cloudy,23.6,2,5,7.01,3,0.5
2025-05-14 10:30:00,Wednesday,10,0,0,Cloudy,21.8,3,5,5.47,5,0.5
2025-05-14 10:45:00,Wednesday,10,0,0,Cloudy,24.7,8,5,4.81,20,4.69
2025-05-14 11:00:00,Wednesday,11,0,0,Cloudy,24.4,6,6,3.81,11,0.5
2025-05-14 11:15:00,Wednesday,11,0,0,Cloudy,25.7,5,6,5.72,10,0.5
2025-05-14 11:30:00,Wednesday,11,0,0,Cloudy,24.5,6,6,5.17,13,0.5
2025-05-14 11:45:00,Wednesday,11,0,0,Cloudy,24.4,6,6,6.28,4,0.5
2025-05-14 12:00:00,Wednesday,12,0,0,Cloudy,23.5,10,6,4.98,19,4.51
2025-05-14 12:15:00,Wednesday,12,0,0,Cloudy,23.1,9,5,5.34,14,5.23
2025-05-14 12:30:00,Wednesday,12,0,0,Cloudy,22.1,6,6,6.2,14,3.48
2025-05-14 12:45:00,Wednesday,12,0,0,Cloudy,25.6,6,5,6.34,15,4.96
2025-05-14 13:00:00,Wednesday,13,0,0,Sunny,24.8,5,6,5.85,12,2.73
2025-05-14 13:15:00,Wednesday,13,0,0,Cloudy,23.5,10,6,6.14,17,5.07
2025-05-14 13:30:00,Wednesday,13,0,0,Sunny,26.0,10,6,5.31,15,4.09
2025-05-14 13:45:00,Wednesday,13,0,0,Cloudy,25.4,12,6,5.66,20,8.54
2025-05-14 14:00:00,Wednesday,14,0,0,Cloudy,23.3,8,6,5.96,15,7.01
2025-05-14 14:15:00,Wednesday,14,0,0,Cloudy,24.8,1,5,5.73,2,0.5
2025-05-14 14:30:00,Wednesday,14,0,0,Cloudy,22.5,7,5,6.99,13,6.48
2025-05-14 14:45:00,Wednesday,14,0,0,Cloudy,24.8,3,5,5.67,6,0.5
2025-05-14 15:00:00,Wednesday,15,0,0,Cloudy,24.6,2,5,6.14,4,0.5
2025-05-14 15:15:00,Wednesday,15,0,0,Cloudy,23.1,3,6,6.33,6,0.5
2025-05-14 15:30:00,Wednesday,15,0,0,Cloudy,23.1,4,5,5.3,9,0.5
2025-05-14 15:45:00,Wednesday,15,0,0,Cloudy,20.5,6,5,4.71,11,3.89
2025-05-14 16:00:00,Wednesday,16,0,0,Cloudy,25.3,12,5,5.59,22,8.06
2025-05-14 16:15:00,Wednesday,16,0,0,Cloudy,24.3,4,5,4.39,8,0.5
2025-05-14 16:30:00,Wednesday,16,0,0,Cloudy,21.8,12,6,5.46,27,10.85
2025-05-14 16:45:00,Wednesday,16,0,0,Cloudy,24.7,6,5,5.28,14,6.24
2025-05-14 17:00:00,Wednesday,17,0,0,Cloudy,25.4,6,5,5.7,10,0.5
2025-05-14 17:15:00,Wednesday,17,0,0,Rainy,22.1,10,4,6.13,22,10.5
2025-05-14 17:30:00,Wednesday,17,0,0,Cloudy,23.5,13,5,5.23,24,10.74
2025-05-14 17:45:00,Wednesday,17,0,0,Cloudy,25.2,9,5,4.46,16,4.47
2025-05-14 18:00:00,Wednesday,18,0,0,Cloudy,23.8,6,5,6.91,12,0.5
2025-05-14 18:15:00,Wednesday,18,0,0,Cloudy,24.3,12,6,4.91,25,7.49
2025-05-14 18:30:00,Wednesday,18,0,0,Rainy,25.7,9,5,5.13,24,8.2
2025-05-14 18:45:00,Wednesday,18,0,0,Cloudy,25.9,10,5,5.21,22,7.97
2025-05-14 19:00:00,Wednesday,19,0,0,Cloudy,25.2,12,5,4.88,19,8.89
2025-05-14 19:15:00,Wednesday,19,0,0,Cloudy,24.4,7,5,4.51,13,0.5
2025-05-14 19:30:00,Wednesday,19,0,0,Cloudy,23.6,10,5,5.79,19,6.96
2025-05-14 19:45:00,Wednesday,19,0,0,Cloudy,23.0,12,5,5.43,26,8.7
2025-05-14 20:00:00,Wednesday,20,0,0,Cloudy,25.9,8,5,5.36,14,5.23
2025-05-14 20:15:00,Wednesday,20,0,0,Cloudy,23.0,9,4,6.36,13,9.31
2025-05-14 20:30:00,Wednesday,20,0,0,Cloudy,24.5,7,3,5.35,16,13.62
2025-05-14 20:45:00,Wednesday,20,0,0,Cloudy,24.6,10,4,7.61,21,17.03
2025-05-14 21:00:00,Wednesday,21,0,0,Cloudy,24.5,5,4,4.82,11,1.87
2025-05-14 21:15:00,Wednesday,21,0,0,Cloudy,22.3,5,4,5.68,8,4.26
2025-05-14 21:30:00,Wednesday,21,0,0,Cloudy,23.5,3,4,5.09,5,0.5
2025-05-14 21:45:00,Wednesday,21,0,0,Cloudy,23.3,7,4,4.32,12,4.28
2025-05-15 08:00:00,Thursday,8,0,0,Sunny,28.1,2,2,5.3,0,3.48
2025-05-15 08:15:00,Thursday,8,0,0,Sunny,28.2,6,2,5.28,8,13.82
2025-05-15 08:30:00,Thursday,8,0,0,Sunny,27.7,2,2,4.51,1,2.45
2025-05-15 08:45:00,Thursday,8,0,0,Sunny,26.8,3,1,5.9,3,15.73
2025-05-15 09:00:00,Thursday,9,0,0,Sunny,32.3,1,3,5.46,0,0.5
2025-05-15 09:15:00,Thursday,9,0,0,Sunny,27.3,4,3,5.85,9,7.09
2025-05-15 09:30:00,Thursday,9,0,0,Sunny,26.6,5,3,5.86,9,8.68
2025-05-15 09:45:00,Thursday,9,0,0,Sunny,28.8,1,3,5.3,2,0.5
2025-05-15 10:00:00,Thursday,10,0,0,Sunny,28.6,6,4,5.42,11,7.57
2025-05-15 10:15:00,Thursday,10,0,0,Sunny,28.4,1,4,4.95,0,0.5
2025-05-15 10:30:00,Thursday,10,0,0,Sunny,29.4,7,3,6.13,14,16.36
2025-05-15 10:45:00,Thursday,10,0,0,Sunny,26.8,5,3,6.54,7,10.09
2025-05-15 11:00:00,Thursday,11,0,0,Sunny,29.9,2,4,6.28,10,0.5
2025-05-15 11:15:00,Thursday,11,0,0,Sunny,29.0,3,4,5.73,4,0.5
2025-05-15 11:30:00,Thursday,11,0,0,Sunny,28.3,11,4,6.47,16,17.15
2025-05-15 11:45:00,Thursday,11,0,0,Cloudy,30.0,9,4,5.72,17,13.34
2025-05-15 12:00:00,Thursday,12,0,0,Sunny,28.5,7,4,5.46,10,7.05
2025-05-15 12:15:00,Thursday,12,0,0,Sunny,26.9,6,4,5.89,10,7.03
2025-05-15 12:30:00,Thursday,12,0,0,Sunny,27.9,13,4,3.76,23,8.05
2025-05-15 12:45:00,Thursday,12,0,0,Sunny,28.6,10,5,6.18,20,4.38
2025-05-15 13:00:00,Thursday,13,0,0,Sunny,28.9,8,4,6.35,15,11.21
2025-05-15 13:15:00,Thursday,13,0,0,Sunny,30.3,9,4,5.15,15,14.33
2025-05-15 13:30:00,Thursday,13,0,0,Sunny,29.6,5,5,4.95,10,0.5
2025-05-15 13:45:00,Thursday,13,0,0,Sunny,28.6,14,4,5.8,23,20.19
2025-05-15 14:00:00,Thursday,14,0,0,Sunny,28.1,10,4,6.12,23,13.61
2025-05-15 14:15:00,Thursday,14,0,0,Sunny,28.3,11,3,6.07,19,22.76
2025-05-15 14:30:00,Thursday,14,0,0,Sunny,28.2,9,3,5.98,20,24.49
2025-05-15 14:45:00,Thursday,14,0,0,Stormy,31.3,1,4,6.85,2,3.02
2025-05-15 15:00:00,Thursday,15,0,0,Sunny,31.4,8,3,6.35,12,16.47
2025-05-15 15:15:00,Thursday,15,0,0,Sunny,28.7,5,3,4.44,8,0.5
2025-05-15 15:30:00,Thursday,15,0,0,Sunny,26.1,3,4,5.69,6,1.71
2025-05-15 15:45:00,Thursday,15,0,0,Sunny,28.7,9,3,5.14,15,10.25
2025-05-15 16:00:00,Thursday,16,0,0,Sunny,29.2,6,2,4.27,14,15.12
2025-05-15 16:15:00,Thursday,16,0,0,Sunny,29.5,7,3,6.47,15,16.96
2025-05-15 16:30:00,Thursday,16,0,0,Sunny,27.8,8,2,6.33,15,24.88
2025-05-15 16:45:00,Thursday,16,0,0,Sunny,26.5,11,3,5.25,20,17.25
2025-05-15 17:00:00,Thursday,17,0,0,Sunny,26.4,7,3,4.93,14,8.91
2025-05-15 17:15:00,Thursday,17,0,0,Sunny,29.2,15,3,8.26,25,38.48
2025-05-15 17:30:00,Thursday,17,0,0,Sunny,30.6,15,4,6.18,23,13.14
2025-05-15 17:45:00,Thursday,17,0,0,Sunny,28.6,12,3,6.51,27,24.71
2025-05-15 18:00:00,Thursday,18,0,0,Sunny,29.9,11,3,6.79,22,27.07
2025-05-15 18:15:00,Thursday,18,0,0,Sunny,26.6,11,3,6.29,23,22.77
2025-05-15 18:30:00,Thursday,18,0,0,Sunny,28.9,15,3,7.24,27,36.18
2025-05-15 18:45:00,Thursday,18,0,0,Sunny,28.7,13,3,8.29,29,32.08
2025-05-15 19:00:00,Thursday,19,0,0,Sunny,30.1,17,4,5.78,39,24.39
2025-05-15 19:15:00,Thursday,19,0,0,Sunny,24.3,7,3,5.08,16,10.81
2025-05-15 19:30:00,Thursday,19,0,0,Sunny,28.4,11,4,6.66,15,17.59
2025-05-15 19:45:00,Thursday,19,0,0,Sunny,28.1,12,3,7.83,18,30.4
2025-05-15 20:00:00,Thursday,20,0,0,Sunny,24.7,8,3,5.69,13,12.23
2025-05-15 20:15:00,Thursday,20,0,0,Sunny,28.1,12,2,6.63,25,38.16
2025-05-15 20:30:00,Thursday,20,0,0,Sunny,28.4,7,2,7.35,14,24.96
2025-05-15 20:45:00,Thursday,20,0,0,Sunny,30.4,6,3,5.84,11,13.67
2025-05-15 21:00:00,Thursday,21,0,0,Sunny,28.2,7,2,5.06,16,20.19
2025-05-15 21:15:00,Thursday,21,0,0,Sunny,29.2,4,2,6.34,7,8.96
2025-05-15 21:30:00,Thursday,21,0,0,Sunny,31.8,3,2,5.01,1,7.25
2025-05-15 21:45:00,Thursday,21,0,0,Rainy,28.4,4,2,5.63,9,14.39
2025-05-16 08:00:00,Friday,8,0,0,Sunny,29.8,3,4,4.17,5,0.5
2025-05-16 08:15:00,Friday,8,0,0,Sunny,30.9,3,4,5.67,4,1.21
2025-05-16 08:30:00,Friday,8,0,0,Sunny,30.5,2,4,5.72,4,0.5
2025-05-16 08:45:00,Friday,8,0,0,Sunny,32.5,4,4,5.85,4,0.5
2025-05-16 09:00:00,Friday,9,0,0,Sunny,30.5,2,5,6.54,6,0.5
2025-05-16 09:15:00,Friday,9,0,0,Sunny,28.2,1,5,5.53,3,0.5
2025-05-16 09:30:00,Friday,9,0,0,Sunny,32.1,2,5,5.26,2,0.5
2025-05-16 09:45:00,Friday,9,0,0,Sunny,32.6,0,5,3.54,0,0.5
2025-05-16 10:00:00,Friday,10,0,0,Sunny,31.0,7,5,5.03,13,1.48
2025-05-16 10:15:00,Friday,10,0,0,Sunny,33.4,8,5,5.59,15,4.44
2025-05-16 10:30:00,Friday,10,0,0,Sunny,32.7,7,5,4.28,14,1.46
2025-05-16 10:45:00,Friday,10,0,0,Sunny,32.5,9,5,4.96,20,4.39
2025-05-16 11:00:00,Friday,11,0,0,Sunny,32.9,6,6,6.44,12,0.5
2025-05-16 11:15:00,Friday,11,0,0,Sunny,30.3,8,6,5.41,11,4.1
2025-05-16 11:30:00,Friday,11,0,0,Sunny,34.6,7,6,3.98,13,0.5
2025-05-16 11:45:00,Friday,11,0,0,Sunny,29.7,7,7,5.47,13,0.5
2025-05-16 12:00:00,Friday,12,0,0,Sunny,32.7,12,6,5.06,22,6.67
2025-05-16 12:15:00,Friday,12,0,0,Sunny,30.8,14,6,6.37,23,13.39
2025-05-16 12:30:00,Friday,12,0,0,Sunny,33.7,7,6,5.68,12,4.33
2025-05-16 12:45:00,Friday,12,0,0,Sunny,30.9,10,6,5.76,17,6.12
2025-05-16 13:00:00,Friday,13,0,0,Sunny,31.1,9,6,6.28,19,11.16
2025-05-16 13:15:00,Friday,13,0,0,Sunny,31.9,10,7,3.5,20,0.5
2025-05-16 13:30:00,Friday,13,0,0,Sunny,30.8,7,6,5.28,17,1.93
2025-05-16 13:45:00,Friday,13,0,0,Sunny,33.4,11,6,5.74,19,0.5
2025-05-16 14:00:00,Friday,14,0,0,Sunny,29.6,9,6,4.32,13,2.41
2025-05-16 14:15:00,Friday,14,0,0,Sunny,33.1,7,4,4.51,11,5.09
2025-05-16 14:30:00,Friday,14,0,0,Sunny,32.1,8,5,6.56,21,9.92
2025-05-16 14:45:00,Friday,14,0,0,Sunny,34.6,3,5,4.82,6,0.5
2025-05-16 15:00:00,Friday,15,0,0,Sunny,30.0,1,6,4.04,0,0.5
2025-05-16 15:15:00,Friday,15,0,0,Sunny,33.9,6,5,6.34,10,2.39
2025-05-16 15:30:00,Friday,15,0,0,Sunny,33.6,4,4,5.2,9,0.5
2025-05-16 15:45:00,Friday,15,0,0,Sunny,29.6,11,5,6.35,17,6.97
2025-05-16 16:00:00,Friday,16,0,0,Sunny,35.2,3,5,4.14,5,0.5
2025-05-16 16:15:00,Friday,16,0,0,Sunny,32.8,5,5,4.73,10,0.5
2025-05-16 16:30:00,Friday,16,0,0,Sunny,31.8,10,4,3.03,18,10.56
2025-05-16 16:45:00,Friday,16,0,0,Sunny,31.7,11,5,6.86,20,14.61
2025-05-16 17:00:00,Friday,17,0,0,Sunny,30.3,13,5,4.68,23,9.03
2025-05-16 17:15:00,Friday,17,0,0,Sunny,32.7,16,5,5.26,34,18.45
2025-05-16 17:30:00,Friday,17,0,0,Cloudy,33.2,7,5,4.07,13,2.06
2025-05-16 17:45:00,Friday,17,0,0,Windy,32.2,15,6,5.79,25,8.07
2025-05-16 18:00:00,Friday,18,0,0,Sunny,31.1,12,5,4.95,21,9.13
2025-05-16 18:15:00,Friday,18,0,0,Sunny,30.6,7,4,5.47,14,5.4
2025-05-16 18:30:00,Friday,18,0,0,Sunny,30.9,10,4,5.79,20,13.92
2025-05-16 18:45:00,Friday,18,0,0,Sunny,33.9,27,5,6.19,44,36.67
2025-05-16 19:00:00,Friday,19,0,0,Sunny,30.8,13,5,5.79,28,15.37
2025-05-16 19:15:00,Friday,19,0,0,Sunny,32.9,21,5,8.25,44,33.15
2025-05-16 19:30:00,Friday,19,0,0,Sunny,32.8,15,5,7.04,26,21.02
2025-05-16 19:45:00,Friday,19,0,0,Cloudy,31.1,6,5,6.01,14,4.99
2025-05-16 20:00:00,Friday,20,0,0,Sunny,32.2,12,6,6.42,17,3.61
2025-05-16 20:15:00,Friday,20,0,0,Sunny,32.0,9,4,5.55,15,8.19
2025-05-16 20:30:00,Friday,20,0,0,Sunny,30.9,5,4,7.4,8,11.26
2025-05-16 20:45:00,Friday,20,0,0,Cloudy,30.0,5,3,4.8,11,3.09
2025-05-16 21:00:00,Friday,21,0,0,Sunny,31.8,3,4,4.85,6,0.5
2025-05-16 21:15:00,Friday,21,0,0,Sunny,28.7,6,4,5.31,13,7.94
2025-05-16 21:30:00,Friday,21,0,0,Sunny,29.3,2,4,5.34,2,0.5
2025-05-16 21:45:00,Friday,21,0,0,Sunny,34.0,3,4,6.03,7,0.5
2025-05-17 08:00:00,Saturday,8,1,0,Windy,16.8,2,7,5.85,2,0.5
2025-05-17 08:15:00,Saturday,8,1,0,Windy,16.6,1,7,5.25,0,0.5
2025-05-17 08:30:00,Saturday,8,1,0,Windy,16.1,3,6,4.0,3,0.5
2025-05-17 08:45:00,Saturday,8,1,0,Windy,16.1,3,6,6.11,4,0.5
2025-05-17 09:00:00,Saturday,9,1,0,Windy,18.3,3,7,6.29,8,0.5
2025-05-17 09:15:00,Saturday,9,1,0,Windy,19.3,4,7,5.55,12,0.5
2025-05-17 09:30:00,Saturday,9,1,0,Windy,15.2,4,8,6.77,8,0.5
2025-05-17 09:45:00,Saturday,9,1,0,Windy,22.6,1,8,5.9,2,0.5
2025-05-17 10:00:00,Saturday,10,1,0,Windy,19.2,2,6,6.23,3,0.5
2025-05-17 10:15:00,Saturday,10,1,0,Rainy,18.9,2,7,6.48,3,0.5
2025-05-17 10:30:00,Saturday,10,1,0,Windy,17.0,10,7,7.17,15,6.14
2025-05-17 10:45:00,Saturday,10,1,0,Windy,20.2,6,7,5.56,10,2.47
2025-05-17 11:00:00,Saturday,11,1,0,Windy,15.8,10,8,5.18,18,2.77
2025-05-17 11:15:00,Saturday,11,1,0,Windy,20.9,9,8,7.73,14,2.81
2025-05-17 11:30:00,Saturday,11,1,0,Windy,20.7,11,9,5.33,20,0.77
2025-05-17 11:45:00,Saturday,11,1,0,Stormy,20.3,6,8,6.37,14,3.75
2025-05-17 12:00:00,Saturday,12,1,0,Windy,17.4,7,9,6.66,15,1.53
2025-05-17 12:15:00,Saturday,12,1,0,Windy,19.8,14,8,7.46,31,9.72
2025-05-17 12:30:00,Saturday,12,1,0,Windy,17.4,11,8,5.6,20,3.81
2025-05-17 12:45:00,Saturday,12,1,0,Windy,19.4,9,8,5.6,13,0.5
2025-05-17 13:00:00,Saturday,13,1,0,Windy,18.7,10,8,3.78,17,0.5
2025-05-17 13:15:00,Saturday,13,1,0,Windy,17.0,10,8,6.57,18,3.15
2025-05-17 13:30:00,Saturday,13,1,0,Windy,17.8,12,8,6.17,27,4.18
2025-05-17 13:45:00,Saturday,13,1,0,Windy,18.4,6,8,3.85,17,0.5
2025-05-17 14:00:00,Saturday,14,1,0,Windy,19.4,5,8,4.48,7,0.5
2025-05-17 14:15:00,Saturday,14,1,0,Windy,22.8,8,7,4.06,18,0.5
2025-05-17 14:30:00,Saturday,14,1,0,Windy,19.2,9,6,5.82,18,2.18
2025-05-17 14:45:00,Saturday,14,1,0,Windy,21.7,1,7,5.33,2,0.5
2025-05-17 15:00:00,Saturday,15,1,0,Windy,17.5,3,7,5.54,8,0.5
2025-05-17 15:15:00,Saturday,15,1,0,Cloudy,19.4,1,6,6.65,1,0.5
2025-05-17 15:30:00,Saturday,15,1,0,Windy,21.2,5,7,5.27,13,1.8
2025-05-17 15:45:00,Saturday,15,1,0,Windy,17.1,7,7,5.66,14,0.5
2025-05-17 16:00:00,Saturday,16,1,0,Windy,17.3,9,7,5.24,18,5.06
2025-05-17 16:15:00,Saturday,16,1,0,Windy,21.4,11,7,6.93,17,3.83
2025-05-17 16:30:00,Saturday,16,1,0,Windy,18.7,11,8,5.13,23,5.22
2025-05-17 16:45:00,Saturday,16,1,0,Windy,19.5,12,7,4.89,21,7.55
2025-05-17 17:00:00,Saturday,17,1,0,Windy,19.0,9,8,5.57,10,0.75
2025-05-17 17:15:00,Saturday,17,1,0,Windy,21.5,15,7,5.1,28,11.02
2025-05-17 17:30:00,Saturday,17,1,0,Windy,21.0,16,7,5.92,27,6.92
2025-05-17 17:45:00,Saturday,17,1,0,Windy,18.2,16,7,5.29,31,11.75
2025-05-17 18:00:00,Saturday,18,1,0,Windy,18.0,14,7,4.29,28,0.72
2025-05-17 18:15:00,Saturday,18,1,0,Windy,19.7,13,7,6.14,18,8.11
2025-05-17 18:30:00,Saturday,18,1,0,Windy,17.9,19,7,6.85,31,16.7
2025-05-17 18:45:00,Saturday,18,1,0,Windy,21.6,14,7,4.17,29,6.87
2025-05-17 19:00:00,Saturday,19,1,0,Windy,19.2,8,7,6.71,18,4.08
2025-05-17 19:15:00,Saturday,19,1,0,Windy,17.6,17,7,6.49,34,11.28
2025-05-17 19:30:00,Saturday,19,1,0,Windy,21.1,14,8,6.21,24,6.03
2025-05-17 19:45:00,Saturday,19,1,0,Windy,19.8,11,7,4.54,21,1.53
2025-05-17 20:00:00,Saturday,20,1,0,Windy,17.9,17,7,6.64,31,10.42
2025-05-17 20:15:00,Saturday,20,1,0,Cloudy,19.5,8,7,4.45,15,2.92
2025-05-17 20:30:00,Saturday,20,1,0,Windy,20.8,5,6,7.57,12,0.5
2025-05-17 20:45:00,Saturday,20,1,0,Windy,17.0,10,6,6.82,21,8.0
2025-05-17 21:00:00,Saturday,21,1,0,Windy,16.7,10,5,5.24,21,11.35
2025-05-17 21:15:00,Saturday,21,1,0,Windy,20.6,5,6,6.21,9,4.62
2025-05-17 21:30:00,Saturday,21,1,0,Windy,17.0,8,6,5.1,15,0.5
2025-05-17 21:45:00,Saturday,21,1,0,Windy,15.8,3,6,4.76,5,0.5
2025-05-18 08:00:00,Sunday,8,1,0,Sunny,28.8,1,4,4.57,2,0.5
2025-05-18 08:15:00,Sunday,8,1,0,Sunny,30.8,2,5,5.43,5,0.5
2025-05-18 08:30:00,Sunday,8,1,0,Sunny,26.1,4,5,6.3,9,2.44
2025-05-18 08:45:00,Sunday,8,1,0,Rainy,29.2,3,6,6.61,11,0.5
2025-05-18 09:00:00,Sunday,9,1,0,Sunny,30.2,3,7,7.02,7,0.65
2025-05-18 09:15:00,Sunday,9,1,0,Sunny,31.1,3,6,6.49,6,0.5
2025-05-18 09:30:00,Sunday,9,1,0,Sunny,31.1,4,5,6.48,8,0.5
2025-05-18 09:45:00,Sunday,9,1,0,Sunny,32.3,4,6,4.46,6,0.5
2025-05-18 10:00:00,Sunday,10,1,0,Sunny,29.5,7,7,6.45,10,2.82
2025-05-18 10:15:00,Sunday,10,1,0,Sunny,31.5,2,6,8.18,8,0.5
2025-05-18 10:30:00,Sunday,10,1,0,Sunny,30.6,5,6,4.69,12,0.99
2025-05-18 10:45:00,Sunday,10,1,0,Sunny,29.3,12,6,5.92,28,11.52
2025-05-18 11:00:00,Sunday,11,1,0,Sunny,31.2,9,7,3.89,17,1.56
2025-05-18 11:15:00,Sunday,11,1,0,Sunny,31.5,7,7,5.38,13,2.74
2025-05-18 11:30:00,Sunday,11,1,0,Sunny,32.4,10,7,4.91,18,3.93
2025-05-18 11:45:00,Sunday,11,1,0,Sunny,30.8,14,7,5.56,20,9.96
2025-05-18 12:00:00,Sunday,12,1,0,Sunny,28.4,13,7,6.27,28,8.12
2025-05-18 12:15:00,Sunday,12,1,0,Sunny,32.9,17,6,4.87,25,10.08
2025-05-18 12:30:00,Sunday,12,1,0,Sunny,31.7,9,7,4.98,14,2.25
2025-05-18 12:45:00,Sunday,12,1,0,Sunny,29.4,13,7,6.17,20,6.82
2025-05-18 13:00:00,Sunday,13,1,0,Sunny,29.2,15,6,6.29,28,16.05
2025-05-18 13:15:00,Sunday,13,1,0,Sunny,31.3,15,6,5.48,31,11.92
2025-05-18 13:30:00,Sunday,13,1,0,Sunny,29.2,8,7,6.61,17,3.65
2025-05-18 13:45:00,Sunday,13,1,0,Sunny,31.4,16,7,6.08,30,12.89
2025-05-18 14:00:00,Sunday,14,1,0,Sunny,29.3,10,7,6.85,19,7.71
2025-05-18 14:15:00,Sunday,14,1,0,Sunny,30.1,5,5,5.39,10,5.8
2025-05-18 14:30:00,Sunday,14,1,0,Sunny,29.9,7,6,4.92,14,4.13
2025-05-18 14:45:00,Sunday,14,1,0,Sunny,30.3,10,6,3.73,20,4.96
2025-05-18 15:00:00,Sunday,15,1,0,Sunny,32.5,5,6,4.74,9,0.82
2025-05-18 15:15:00,Sunday,15,1,0,Sunny,32.4,9,7,4.09,23,2.99
2025-05-18 15:30:00,Sunday,15,1,0,Sunny,31.5,3,6,4.7,7,0.5
2025-05-18 15:45:00,Sunday,15,1,0,Sunny,31.0,4,6,5.86,10,0.5
2025-05-18 16:00:00,Sunday,16,1,0,Sunny,30.2,8,6,5.49,14,3.16
2025-05-18 16:15:00,Sunday,16,1,0,Sunny,31.8,15,6,4.18,26,5.83
2025-05-18 16:30:00,Sunday,16,1,0,Sunny,31.1,6,7,6.05,10,0.5
2025-05-18 16:45:00,Sunday,16,1,0,Sunny,31.9,11,6,6.06,18,7.11
2025-05-18 17:00:00,Sunday,17,1,0,Sunny,32.3,14,6,5.74,27,14.49
2025-05-18 17:15:00,Sunday,17,1,0,Sunny,31.1,15,7,4.91,29,9.24
2025-05-18 17:30:00,Sunday,17,1,0,Sunny,33.5,20,5,6.23,36,25.03
2025-05-18 17:45:00,Sunday,17,1,0,Sunny,28.8,24,6,6.98,45,32.12
2025-05-18 18:00:00,Sunday,18,1,0,Sunny,28.4,13,6,5.32,23,5.53
2025-05-18 18:15:00,Sunday,18,1,0,Sunny,31.2,13,6,5.51,24,5.76
2025-05-18 18:30:00,Sunday,18,1,0,Sunny,26.0,13,6,5.38,23,9.73
2025-05-18 18:45:00,Sunday,18,1,0,Sunny,31.4,14,5,4.51,33,12.74
2025-05-18 19:00:00,Sunday,19,1,0,Sunny,30.8,17,6,4.71,28,14.51
2025-05-18 19:15:00,Sunday,19,1,0,Sunny,31.6,17,6,5.17,32,15.96
2025-05-18 19:30:00,Sunday,19,1,0,Sunny,29.8,11,6,5.64,19,7.99
2025-05-18 19:45:00,Sunday,19,1,0,Sunny,29.7,12,6,4.94,29,6.94
2025-05-18 20:00:00,Sunday,20,1,0,Sunny,30.3,12,6,4.48,19,4.82
2025-05-18 20:15:00,Sunday,20,1,0,Sunny,32.3,6,5,5.55,9,1.26
2025-05-18 20:30:00,Sunday,20,1,0,Sunny,29.3,7,5,4.52,12,6.26
2025-05-18 20:45:00,Sunday,20,1,0,Sunny,30.9,12,4,6.36,19,14.61
2025-05-18 21:00:00,Sunday,21,1,0,Sunny,29.7,11,4,5.39,24,17.5
2025-05-18 21:15:00,Sunday,21,1,0,Sunny,30.2,13,5,3.89,23,8.45
2025-05-18 21:30:00,Sunday,21,1,0,Sunny,29.7,7,5,6.13,13,8.17
2025-05-18 21:45:00,Sunday,21,1,0,Sunny,32.1,4,5,6.06,3,2.24
2025-05-19 08:00:00,Monday,8,0,0,Cloudy,25.2,3,1,6.48,2,21.49
2025-05-19 08:15:00,Monday,8,0,0,Cloudy,24.3,1,2,6.52,9,1.79
2025-05-19 08:30:00,Monday,8,0,0,Cloudy,25.2,5,2,4.67,13,13.32
2025-05-19 08:45:00,Monday,8,0,0,Cloudy,24.3,3,2,7.52,8,12.58
2025-05-19 09:00:00,Monday,9,0,0,Cloudy,21.6,1,3,4.84,0,0.5
2025-05-19 09:15:00,Monday,9,0,0,Cloudy,26.5,0,3,5.51,3,0.5
2025-05-19 09:30:00,Monday,9,0,0,Cloudy,24.2,4,3,5.72,10,2.96
2025-05-19 09:45:00,Monday,9,0,0,Cloudy,24.8,2,3,5.4,3,3.62
2025-05-19 10:00:00,Monday,10,0,0,Cloudy,26.5,2,3,5.19,0,0.61
2025-05-19 10:15:00,Monday,10,0,0,Cloudy,25.8,0,3,4.54,0,0.5
2025-05-19 10:30:00,Monday,10,0,0,Cloudy,23.3,11,3,6.84,25,27.62
2025-05-19 10:45:00,Monday,10,0,0,Cloudy,25.4,5,3,3.69,9,0.84
2025-05-19 11:00:00,Monday,11,0,0,Cloudy,29.8,10,4,6.0,19,14.47
2025-05-19 11:15:00,Monday,11,0,0,Cloudy,23.8,10,4,6.37,18,14.29
2025-05-19 11:30:00,Monday,11,0,0,Cloudy,26.7,8,4,6.62,15,11.16
2025-05-19 11:45:00,Monday,11,0,0,Cloudy,21.9,10,4,5.39,17,13.21
2025-05-19 12:00:00,Monday,12,0,0,Cloudy,26.6,14,4,5.66,34,18.77
2025-05-19 12:15:00,Monday,12,0,0,Cloudy,27.9,14,3,6.62,22,34.87
2025-05-19 12:30:00,Monday,12,0,0,Cloudy,24.0,9,4,4.69,19,8.25
2025-05-19 12:45:00,Monday,12,0,0,Cloudy,26.1,7,5,6.01,18,4.37
2025-05-19 13:00:00,Monday,13,0,0,Cloudy,24.9,9,4,6.54,21,14.44
2025-05-19 13:15:00,Monday,13,0,0,Cloudy,26.0,13,4,5.01,23,15.92
2025-05-19 13:30:00,Monday,13,0,0,Cloudy,27.1,8,4,5.53,15,9.69
2025-05-19 13:45:00,Monday,13,0,0,Cloudy,26.0,3,4,4.75,7,0.5
2025-05-19 14:00:00,Monday,14,0,0,Cloudy,25.5,2,4,5.39,1,0.5
2025-05-19 14:15:00,Monday,14,0,0,Cloudy,26.5,5,4,6.56,8,5.15
2025-05-19 14:30:00,Monday,14,0,0,Cloudy,28.1,3,3,5.15,7,0.5
2025-05-19 14:45:00,Monday,14,0,0,Cloudy,26.4,5,3,5.25,10,4.71
2025-05-19 15:00:00,Monday,15,0,0,Cloudy,23.6,1,3,3.02,0,0.5
2025-05-19 15:15:00,Monday,15,0,0,Cloudy,27.4,3,3,6.27,4,6.78
2025-05-19 15:30:00,Monday,15,0,0,Cloudy,26.1,4,2,5.53,8,11.07
2025-05-19 15:45:00,Monday,15,0,0,Cloudy,24.4,4,3,4.44,6,0.5
2025-05-19 16:00:00,Monday,16,0,0,Cloudy,23.9,3,2,5.26,4,7.96
2025-05-19 16:15:00,Monday,16,0,0,Cloudy,22.7,2,3,3.66,6,0.5
2025-05-19 16:30:00,Monday,16,0,0,Cloudy,25.5,11,3,6.17,24,25.19
2025-05-19 16:45:00,Monday,16,0,0,Cloudy,26.5,5,3,5.87,10,7.78
2025-05-19 17:00:00,Monday,17,0,0,Cloudy,26.5,5,3,4.8,13,4.83
2025-05-19 17:15:00,Monday,17,0,0,Cloudy,27.4,10,3,7.48,24,23.49
2025-05-19 17:30:00,Monday,17,0,0,Cloudy,26.5,10,4,6.51,20,16.33
2025-05-19 17:45:00,Monday,17,0,0,Cloudy,24.9,11,4,4.94,24,12.58
2025-05-19 18:00:00,Monday,18,0,0,Cloudy,26.6,11,3,5.68,24,24.17
2025-05-19 18:15:00,Monday,18,0,0,Cloudy,27.4,9,3,4.54,19,14.16
2025-05-19 18:30:00,Monday,18,0,0,Cloudy,23.5,14,3,6.8,30,32.38
2025-05-19 18:45:00,Monday,18,0,0,Cloudy,25.3,12,3,5.01,29,19.72
2025-05-19 19:00:00,Monday,19,0,0,Cloudy,26.5,6,4,5.6,12,4.15
2025-05-19 19:15:00,Monday,19,0,0,Cloudy,26.9,10,3,6.35,19,22.68
2025-05-19 19:30:00,Monday,19,0,0,Cloudy,25.9,8,3,6.05,19,15.62
2025-05-19 19:45:00,Monday,19,0,0,Cloudy,23.4,16,2,6.6,31,59.16
2025-05-19 20:00:00,Monday,20,0,0,Cloudy,26.8,4,3,5.79,8,4.34
2025-05-19 20:15:00,Monday,20,0,0,Cloudy,27.3,7,2,5.45,13,18.2
2025-05-19 20:30:00,Monday,20,0,0,Cloudy,24.4,14,2,5.55,26,38.17
2025-05-19 20:45:00,Monday,20,0,0,Cloudy,22.3,10,2,6.02,19,32.53
2025-05-19 21:00:00,Monday,21,0,0,Cloudy,26.3,7,2,4.67,10,15.71
2025-05-19 21:15:00,Monday,21,0,0,Cloudy,24.4,2,1,4.3,2,12.84
2025-05-19 21:30:00,Monday,21,0,0,Cloudy,23.2,7,2,5.09,11,20.24
2025-05-19 21:45:00,Monday,21,0,0,Cloudy,23.1,4,3,4.57,2,3.19
2025-05-20 08:00:00,Tuesday,8,0,0,Windy,24.4,2,3,5.86,0,0.5
2025-05-20 08:15:00,Tuesday,8,0,0,Windy,26.1,1,3,4.86,2,1.49
2025-05-20 08:30:00,Tuesday,8,0,0,Windy,23.2,1,3,4.83,2,1.87
2025-05-20 08:45:00,Tuesday,8,0,0,Windy,22.6,4,3,6.6,7,5.4
2025-05-20 09:00:00,Tuesday,9,0,0,Windy,23.9,1,4,7.02,0,0.5
2025-05-20 09:15:00,Tuesday,9,0,0,Windy,24.1,3,3,7.6,8,5.71
2025-05-20 09:30:00,Tuesday,9,0,0,Windy,20.5,2,5,5.18,2,0.5
2025-05-20 09:45:00,Tuesday,9,0,0,Windy,23.9,4,4,4.8,5,2.03
2025-05-20 10:00:00,Tuesday,10,0,0,Windy,25.6,3,4,5.88,6,0.5
2025-05-20 10:15:00,Tuesday,10,0,0,Windy,24.4,4,5,5.31,8,0.98
2025-05-20 10:30:00,Tuesday,10,0,0,Windy,26.5,7,3,5.97,17,16.62
2025-05-20 10:45:00,Tuesday,10,0,0,Windy,24.5,11,3,5.96,23,17.75
2025-05-20 11:00:00,Tuesday,11,0,0,Windy,25.4,7,6,4.27,13,0.5
2025-05-20 11:15:00,Tuesday,11,0,0,Windy,24.0,14,5,6.22,23,9.71
2025-05-20 11:30:00,Tuesday,11,0,0,Windy,22.2,6,5,5.91,11,4.37
2025-05-20 11:45:00,Tuesday,11,0,0,Windy,27.4,11,4,5.41,18,14.43
2025-05-20 12:00:00,Tuesday,12,0,0,Windy,23.2,19,5,6.04,37,24.87
2025-05-20 12:15:00,Tuesday,12,0,0,Windy,25.4,9,5,6.54,16,3.36
2025-05-20 12:30:00,Tuesday,12,0,0,Windy,25.2,12,5,4.72,24,4.9
2025-05-20 12:45:00,Tuesday,12,0,0,Windy,29.3,12,5,6.06,24,14.87
2025-05-20 13:00:00,Tuesday,13,0,0,Windy,25.1,8,6,5.52,15,1.07
2025-05-20 13:15:00,Tuesday,13,0,0,Windy,24.6,8,5,5.42,12,3.63
2025-05-20 13:30:00,Tuesday,13,0,0,Windy,24.8,9,4,7.54,16,11.81
2025-05-20 13:45:00,Tuesday,13,0,0,Cloudy,23.7,6,5,4.87,13,0.5
2025-05-20 14:00:00,Tuesday,14,0,0,Rainy,27.7,3,5,6.81,8,1.89
2025-05-20 14:15:00,Tuesday,14,0,0,Windy,26.5,5,5,5.67,12,4.0
2025-05-20 14:30:00,Tuesday,14,0,0,Windy,27.0,12,4,5.97,22,16.44
2025-05-20 14:45:00,Tuesday,14,0,0,Windy,22.3,0,4,6.51,0,0.5
2025-05-20 15:00:00,Tuesday,15,0,0,Windy,28.0,8,4,4.9,8,6.08
2025-05-20 15:15:00,Tuesday,15,0,0,Windy,25.6,4,5,4.98,7,0.5
2025-05-20 15:30:00,Tuesday,15,0,0,Windy,23.6,4,4,5.34,8,4.9
2025-05-20 15:45:00,Tuesday,15,0,0,Windy,26.7,4,4,4.13,5,0.5
2025-05-20 16:00:00,Tuesday,16,0,0,Windy,21.5,7,4,6.26,11,4.61
2025-05-20 16:15:00,Tuesday,16,0,0,Windy,27.8,9,3,4.79,15,14.58
2025-05-20 16:30:00,Tuesday,16,0,0,Windy,24.6,11,4,4.81,24,16.15
2025-05-20 16:45:00,Tuesday,16,0,0,Windy,25.9,5,4,6.02,8,3.27
2025-05-20 17:00:00,Tuesday,17,0,0,Windy,22.5,5,3,4.65,10,3.7
2025-05-20 17:15:00,Tuesday,17,0,0,Windy,23.4,10,5,6.06,17,4.41
2025-05-20 17:30:00,Tuesday,17,0,0,Windy,25.9,11,3,6.43,21,24.07
2025-05-20 17:45:00,Tuesday,17,0,0,Windy,23.9,15,5,5.1,28,16.49
2025-05-20 18:00:00,Tuesday,18,0,0,Windy,24.4,14,4,5.25,29,16.68
2025-05-20 18:15:00,Tuesday,18,0,0,Windy,24.8,9,4,5.43,19,17.98
2025-05-20 18:30:00,Tuesday,18,0,0,Windy,23.8,8,5,5.46,16,3.7
2025-05-20 18:45:00,Tuesday,18,0,0,Windy,24.4,12,4,6.1,23,15.7
2025-05-20 19:00:00,Tuesday,19,0,0,Stormy,24.0,9,4,6.41,16,15.54
2025-05-20 19:15:00,Tuesday,19,0,0,Windy,24.8,20,4,6.72,36,33.02
2025-05-20 19:30:00,Tuesday,19,0,0,Windy,25.4,14,3,6.74,26,29.64
2025-05-20 19:45:00,Tuesday,19,0,0,Windy,20.4,7,4,4.87,13,6.13
2025-05-20 20:00:00,Tuesday,20,0,0,Windy,25.0,5,4,5.46,11,6.96
2025-05-20 20:15:00,Tuesday,20,0,0,Sunny,24.4,10,3,5.73,17,16.61
2025-05-20 20:30:00,Tuesday,20,0,0,Windy,25.7,12,3,7.28,24,31.64
2025-05-20 20:45:00,Tuesday,20,0,0,Windy,22.7,13,3,7.65,26,32.2
2025-05-20 21:00:00,Tuesday,21,0,0,Windy,21.6,9,3,6.22,19,12.26
2025-05-20 21:15:00,Tuesday,21,0,0,Windy,22.8,5,3,5.51,12,8.61
2025-05-20 21:30:00,Tuesday,21,0,0,Windy,25.0,6,4,4.41,10,1.89
2025-05-20 21:45:00,Tuesday,21,0,0,Windy,23.6,2,4,5.14,6,0.5
2025-05-21 08:00:00,Wednesday,8,0,0,Rainy,17.5,1,1,6.31,3,7.81
2025-05-21 08:15:00,Wednesday,8,0,0,Rainy,18.4,0,2,4.77,1,4.03
2025-05-21 08:30:00,Wednesday,8,0,0,Rainy,15.9,4,2,5.29,6,8.16
2025-05-21 08:45:00,Wednesday,8,0,0,Rainy,16.7,3,2,5.61,2,7.07
2025-05-21 09:00:00,Wednesday,9,0,0,Rainy,19.7,1,4,4.59,1,0.5
2025-05-21 09:15:00,Wednesday,9,0,0,Rainy,17.2,2,3,6.24,4,1.35
2025-05-21 09:30:00,Wednesday,9,0,0,Rainy,16.7,0,3,5.37,0,0.5
2025-05-21 09:45:00,Wednesday,9,0,0,Rainy,18.3,1,3,6.6,4,0.5
2025-05-21 10:00:00,Wednesday,10,0,0,Rainy,15.9,1,3,5.15,3,1.1
2025-05-21 10:15:00,Wednesday,10,0,0,Rainy,16.5,1,3,5.74,3,0.5
2025-05-21 10:30:00,Wednesday,10,0,0,Rainy,19.8,1,3,7.46,0,1.74
2025-05-21 10:45:00,Wednesday,10,0,0,Rainy,15.7,4,3,4.26,9,1.02
2025-05-21 11:00:00,Wednesday,11,0,0,Rainy,18.1,10,4,5.06,21,12.7
2025-05-21 11:15:00,Wednesday,11,0,0,Rainy,17.7,7,4,5.11,16,8.94
2025-05-21 11:30:00,Wednesday,11,0,0,Rainy,16.9,6,4,6.24,11,6.46
2025-05-21 11:45:00,Wednesday,11,0,0,Cloudy,14.6,6,4,5.54,8,5.86
2025-05-21 12:00:00,Wednesday,12,0,0,Rainy,17.0,6,4,4.18,13,4.37
2025-05-21 12:15:00,Wednesday,12,0,0,Rainy,16.2,11,4,5.89,19,19.94
2025-05-21 12:30:00,Wednesday,12,0,0,Rainy,12.2,7,4,5.43,14,9.8
2025-05-21 12:45:00,Wednesday,12,0,0,Cloudy,20.4,10,4,4.18,17,6.8
2025-05-21 13:00:00,Wednesday,13,0,0,Windy,19.2,8,4,5.82,11,9.94
2025-05-21 13:15:00,Wednesday,13,0,0,Sunny,17.3,12,4,5.46,18,17.78
2025-05-21 13:30:00,Wednesday,13,0,0,Rainy,20.0,5,4,5.44,11,4.81
2025-05-21 13:45:00,Wednesday,13,0,0,Rainy,19.3,5,4,6.15,9,4.27
2025-05-21 14:00:00,Wednesday,14,0,0,Rainy,17.5,7,4,4.74,12,9.27
2025-05-21 14:15:00,Wednesday,14,0,0,Sunny,17.0,2,3,3.73,6,0.5
2025-05-21 14:30:00,Wednesday,14,0,0,Rainy,20.0,8,3,5.03,16,15.53
2025-05-21 14:45:00,Wednesday,14,0,0,Rainy,20.2,0,3,6.97,0,0.5
2025-05-21 15:00:00,Wednesday,15,0,0,Rainy,17.9,8,3,5.93,14,13.2
2025-05-21 15:15:00,Wednesday,15,0,0,Rainy,19.5,6,3,6.25,12,11.0
2025-05-21 15:30:00,Wednesday,15,0,0,Rainy,18.1,5,3,6.84,9,10.0
2025-05-21 15:45:00,Wednesday,15,0,0,Rainy,18.7,8,3,5.75,14,16.52
2025-05-21 16:00:00,Wednesday,16,0,0,Rainy,17.7,2,3,5.71,6,0.98
2025-05-21 16:15:00,Wednesday,16,0,0,Rainy,18.6,6,3,6.83,12,14.75
2025-05-21 16:30:00,Wednesday,16,0,0,Rainy,18.0,6,3,4.21,16,12.59
2025-05-21 16:45:00,Wednesday,16,0,0,Rainy,19.9,9,3,6.45,20,22.05
2025-05-21 17:00:00,Wednesday,17,0,0,Rainy,17.7,7,3,6.38,11,13.36
2025-05-21 17:15:00,Wednesday,17,0,0,Rainy,17.9,6,2,4.17,11,15.57
2025-05-21 17:30:00,Wednesday,17,0,0,Rainy,19.2,5,3,5.32,10,11.06
2025-05-21 17:45:00,Wednesday,17,0,0,Rainy,17.2,9,2,5.46,18,26.31
2025-05-21 18:00:00,Wednesday,18,0,0,Rainy,19.3,6,4,5.39,11,6.96
2025-05-21 18:15:00,Wednesday,18,0,0,Rainy,16.6,13,3,6.83,26,30.27
2025-05-21 18:30:00,Wednesday,18,0,0,Rainy,17.7,9,3,4.92,17,17.78
2025-05-21 18:45:00,Wednesday,18,0,0,Rainy,17.1,6,3,5.19,10,10.77
2025-05-21 19:00:00,Wednesday,19,0,0,Rainy,16.6,8,3,5.13,20,17.28
2025-05-21 19:15:00,Wednesday,19,0,0,Rainy,16.0,4,3,4.77,12,4.28
2025-05-21 19:30:00,Wednesday,19,0,0,Rainy,17.5,8,4,6.08,17,8.94
2025-05-21 19:45:00,Wednesday,19,0,0,Rainy,15.6,5,3,4.25,11,10.55
2025-05-21 20:00:00,Wednesday,20,0,0,Rainy,17.3,12,3,6.28,22,32.48
2025-05-21 20:15:00,Wednesday,20,0,0,Rainy,16.1,6,1,7.17,15,45.11
2025-05-21 20:30:00,Wednesday,20,0,0,Rainy,15.9,7,1,7.43,15,56.8
2025-05-21 20:45:00,Wednesday,20,0,0,Rainy,19.1,5,2,4.41,8,9.78
2025-05-21 21:00:00,Wednesday,21,0,0,Rainy,18.1,7,2,4.85,13,20.1
2025-05-21 21:15:00,Wednesday,21,0,0,Rainy,16.5,3,1,4.93,10,20.12
2025-05-21 21:30:00,Wednesday,21,0,0,Rainy,17.5,8,1,8.03,17,64.96
2025-05-21 21:45:00,Wednesday,21,0,0,Rainy,16.3,2,2,5.96,5,7.8
2025-05-22 08:00:00,Thursday,8,0,0,Cloudy,22.9,1,4,6.27,0,0.5
2025-05-22 08:15:00,Thursday,8,0,0,Cloudy,19.7,0,4,5.33,0,0.5
2025-05-22 08:30:00,Thursday,8,0,0,Cloudy,20.8,2,3,6.59,3,2.62
2025-05-22 08:45:00,Thursday,8,0,0,Cloudy,19.9,4,4,4.54,9,0.5
2025-05-22 09:00:00,Thursday,9,0,0,Cloudy,19.5,0,4,4.97,4,0.5
2025-05-22 09:15:00,Thursday,9,0,0,Cloudy,21.4,2,4,5.98,6,1.43
2025-05-22 09:30:00,Thursday,9,0,0,Cloudy,20.6,1,4,5.06,3,0.5
2025-05-22 09:45:00,Thursday,9,0,0,Cloudy,19.3,3,4,5.61,4,2.82
2025-05-22 10:00:00,Thursday,10,0,0,Cloudy,19.3,3,5,5.21,7,0.5
2025-05-22 10:15:00,Thursday,10,0,0,Cloudy,21.2,4,4,4.73,7,3.62
2025-05-22 10:30:00,Thursday,10,0,0,Cloudy,22.9,11,3,5.05,21,21.57
2025-05-22 10:45:00,Thursday,10,0,0,Cloudy,17.0,1,4,5.47,0,0.5
2025-05-22 11:00:00,Thursday,11,0,0,Cloudy,22.5,10,5,6.39,17,8.87
2025-05-22 11:15:00,Thursday,11,0,0,Cloudy,20.1,11,5,5.83,22,5.75
2025-05-22 11:30:00,Thursday,11,0,0,Cloudy,19.8,7,6,5.3,14,0.5
2025-05-22 11:45:00,Thursday,11,0,0,Cloudy,20.5,4,5,5.6,4,0.5
2025-05-22 12:00:00,Thursday,12,0,0,Cloudy,19.8,9,5,4.39,18,2.9
2025-05-22 12:15:00,Thursday,12,0,0,Cloudy,18.6,7,5,4.68,16,1.9
2025-05-22 12:30:00,Thursday,12,0,0,Cloudy,21.5,10,6,5.26,20,7.52
2025-05-22 12:45:00,Thursday,12,0,0,Cloudy,20.7,8,6,6.47,16,5.55
2025-05-22 13:00:00,Thursday,13,0,0,Cloudy,21.0,11,5,5.03,25,5.48
2025-05-22 13:15:00,Thursday,13,0,0,Cloudy,20.4,12,5,5.52,26,12.87
2025-05-22 13:30:00,Thursday,13,0,0,Cloudy,21.8,9,5,4.88,18,1.84
2025-05-22 13:45:00,Thursday,13,0,0,Sunny,21.3,10,5,6.02,17,8.28
2025-05-22 14:00:00,Thursday,14,0,0,Cloudy,22.1,11,6,7.35,18,11.38
2025-05-22 14:15:00,Thursday,14,0,0,Cloudy,19.4,11,5,5.47,19,6.62
2025-05-22 14:30:00,Thursday,14,0,0,Cloudy,19.5,7,4,4.22,14,6.65
2025-05-22 14:45:00,Thursday,14,0,0,Cloudy,20.6,9,3,7.34,22,19.65
2025-05-22 15:00:00,Thursday,15,0,0,Cloudy,19.6,5,4,5.74,11,2.43
2025-05-22 15:15:00,Thursday,15,0,0,Cloudy,21.4,5,4,7.17,7,1.89
2025-05-22 15:30:00,Thursday,15,0,0,Cloudy,20.1,6,4,7.71,8,7.99
2025-05-22 15:45:00,Thursday,15,0,0,Cloudy,24.4,5,3,4.91,9,3.29
2025-05-22 16:00:00,Thursday,16,0,0,Cloudy,21.8,6,3,5.92,10,10.85
2025-05-22 16:15:00,Thursday,16,0,0,Cloudy,21.4,5,4,6.12,9,5.68
2025-05-22 16:30:00,Thursday,16,0,0,Cloudy,19.9,12,4,5.96,17,17.58
2025-05-22 16:45:00,Thursday,16,0,0,Cloudy,21.4,8,4,5.49,16,11.51
2025-05-22 17:00:00,Thursday,17,0,0,Sunny,21.0,5,4,4.87,8,2.48
2025-05-22 17:15:00,Thursday,17,0,0,Cloudy,21.4,12,4,6.07,22,15.02
2025-05-22 17:30:00,Thursday,17,0,0,Cloudy,22.3,16,4,4.95,36,17.3
2025-05-22 17:45:00,Thursday,17,0,0,Cloudy,24.2,10,4,6.36,15,10.99
2025-05-22 18:00:00,Thursday,18,0,0,Cloudy,20.9,18,4,6.38,32,25.5
2025-05-22 18:15:00,Thursday,18,0,0,Cloudy,21.0,10,4,6.61,17,15.31
2025-05-22 18:30:00,Thursday,18,0,0,Cloudy,20.9,20,4,6.19,36,29.16
2025-05-22 18:45:00,Thursday,18,0,0,Cloudy,16.3,11,4,5.28,17,13.65
2025-05-22 19:00:00,Thursday,19,0,0,Cloudy,20.5,6,4,4.49,11,5.48
2025-05-22 19:15:00,Thursday,19,0,0,Cloudy,23.6,7,4,5.49,9,4.13
2025-05-22 19:30:00,Thursday,19,0,0,Cloudy,21.5,8,4,5.73,16,11.07
2025-05-22 19:45:00,Thursday,19,0,0,Cloudy,20.8,8,4,5.78,18,8.89
2025-05-22 20:00:00,Thursday,20,0,0,Cloudy,23.1,6,4,5.05,12,0.5
2025-05-22 20:15:00,Thursday,20,0,0,Cloudy,20.5,13,3,6.62,26,27.63
2025-05-22 20:30:00,Thursday,20,0,0,Cloudy,20.6,11,3,7.01,23,25.23
2025-05-22 20:45:00,Thursday,20,0,0,Cloudy,21.5,9,3,4.95,13,13.99
2025-05-22 21:00:00,Thursday,21,0,0,Cloudy,19.1,3,3,5.74,7,3.59
2025-05-22 21:15:00,Thursday,21,0,0,Cloudy,19.8,1,3,4.28,3,0.5
2025-05-22 21:30:00,Thursday,21,0,0,Cloudy,18.7,5,3,4.16,8,2.78
2025-05-22 21:45:00,Thursday,21,0,0,Cloudy,21.6,1,2,5.08,2,0.5
2025-05-23 08:00:00,Friday,8,0,0,Cloudy,25.2,3,3,6.22,5,5.42
2025-05-23 08:15:00,Friday,8,0,0,Cloudy,24.4,3,4,4.25,5,2.5
2025-05-23 08:30:00,Friday,8,0,0,Cloudy,25.4,4,3,5.49,3,5.57
2025-05-23 08:45:00,Friday,8,0,0,Cloudy,23.9,1,3,5.24,2,0.5
2025-05-23 09:00:00,Friday,9,0,0,Cloudy,23.9,3,4,6.75,8,1.19
2025-05-23 09:15:00,Friday,9,0,0,Cloudy,24.5,3,4,5.74,7,2.22
2025-05-23 09:30:00,Friday,9,0,0,Cloudy,21.1,2,4,5.68,2,0.5
2025-05-23 09:45:00,Friday,9,0,0,Cloudy,23.3,2,4,5.59,4,0.5
2025-05-23 10:00:00,Friday,10,0,0,Cloudy,23.0,1,4,5.85,0,0.5
2025-05-23 10:15:00,Friday,10,0,0,Cloudy,24.0,3,4,5.18,7,5.68
2025-05-23 10:30:00,Friday,10,0,0,Cloudy,23.1,3,3,5.1,5,0.5
2025-05-23 10:45:00,Friday,10,0,0,Cloudy,26.5,6,4,6.05,14,7.64
2025-05-23 11:00:00,Friday,11,0,0,Cloudy,24.8,9,4,5.86,18,11.3
2025-05-23 11:15:00,Friday,11,0,0,Cloudy,26.4,8,5,5.15,14,4.63
2025-05-23 11:30:00,Friday,11,0,0,Cloudy,25.8,7,5,4.65,10,3.52
2025-05-23 11:45:00,Friday,11,0,0,Cloudy,23.1,8,5,4.99,17,1.8
2025-05-23 12:00:00,Friday,12,0,0,Cloudy,26.1,15,5,5.43,30,13.54
2025-05-23 12:15:00,Friday,12,0,0,Cloudy,23.3,11,5,4.65,24,11.57
2025-05-23 12:30:00,Friday,12,0,0,Cloudy,22.6,11,5,6.84,19,8.84
2025-05-23 12:45:00,Friday,12,0,0,Cloudy,23.9,8,5,5.57,14,0.5
2025-05-23 13:00:00,Friday,13,0,0,Cloudy,27.1,11,5,4.95,27,6.77
2025-05-23 13:15:00,Friday,13,0,0,Cloudy,23.8,3,5,5.8,5,1.25
2025-05-23 13:30:00,Friday,13,0,0,Cloudy,25.0,11,5,6.26,21,13.24
2025-05-23 13:45:00,Friday,13,0,0,Cloudy,26.9,10,5,4.91,18,6.5
2025-05-23 14:00:00,Friday,14,0,0,Cloudy,24.5,9,5,6.55,15,14.25
2025-05-23 14:15:00,Friday,14,0,0,Cloudy,24.3,8,3,5.54,14,12.49
2025-05-23 14:30:00,Friday,14,0,0,Cloudy,20.5,3,4,5.73,8,1.08
2025-05-23 14:45:00,Friday,14,0,0,Cloudy,25.2,7,4,5.77,12,7.97
2025-05-23 15:00:00,Friday,15,0,0,Cloudy,23.3,4,4,5.88,7,4.74
2025-05-23 15:15:00,Friday,15,0,0,Cloudy,23.5,6,4,5.37,13,5.17
2025-05-23 15:30:00,Friday,15,0,0,Cloudy,24.1,6,4,6.42,11,3.73
2025-05-23 15:45:00,Friday,15,0,0,Cloudy,24.8,10,4,5.44,22,9.0
2025-05-23 16:00:00,Friday,16,0,0,Windy,23.4,8,4,4.75,17,6.33
2025-05-23 16:15:00,Friday,16,0,0,Cloudy,23.6,3,4,5.8,3,0.5
2025-05-23 16:30:00,Friday,16,0,0,Cloudy,24.6,5,4,5.7,10,3.24
2025-05-23 16:45:00,Friday,16,0,0,Cloudy,23.4,8,4,5.74,19,13.27
2025-05-23 17:00:00,Friday,17,0,0,Cloudy,27.7,11,5,5.17,17,5.89
2025-05-23 17:15:00,Friday,17,0,0,Cloudy,23.1,8,3,6.35,16,18.09
2025-05-23 17:30:00,Friday,17,0,0,Cloudy,22.5,11,4,7.95,19,17.36
2025-05-23 17:45:00,Friday,17,0,0,Cloudy,21.9,7,4,5.3,16,5.89
2025-05-23 18:00:00,Friday,18,0,0,Sunny,22.3,15,5,5.25,21,13.9
2025-05-23 18:15:00,Friday,18,0,0,Cloudy,24.5,7,4,4.61,17,5.33
2025-05-23 18:30:00,Friday,18,0,0,Cloudy,24.3,10,5,4.43,17,1.91
2025-05-23 18:45:00,Friday,18,0,0,Cloudy,23.4,14,4,5.72,21,18.26
2025-05-23 19:00:00,Friday,19,0,0,Cloudy,25.3,12,4,7.64,26,26.64
2025-05-23 19:15:00,Friday,19,0,0,Cloudy,22.3,11,4,6.48,22,22.86
2025-05-23 19:30:00,Friday,19,0,0,Cloudy,26.0,15,4,5.43,26,18.32
2025-05-23 19:45:00,Friday,19,0,0,Cloudy,25.6,11,4,4.93,22,13.79
2025-05-23 20:00:00,Friday,20,0,0,Cloudy,25.8,8,4,6.44,16,10.17
2025-05-23 20:15:00,Friday,20,0,0,Cloudy,25.5,8,3,6.33,19,19.52
2025-05-23 20:30:00,Friday,20,0,0,Cloudy,25.2,5,3,6.69,10,4.51
2025-05-23 20:45:00,Friday,20,0,0,Cloudy,23.8,6,3,5.69,17,11.8
2025-05-23 21:00:00,Friday,21,0,0,Cloudy,24.4,8,3,6.47,14,13.57
2025-05-23 21:15:00,Friday,21,0,0,Cloudy,24.1,6,2,6.15,12,16.64
2025-05-23 21:30:00,Friday,21,0,0,Cloudy,22.3,5,4,4.94,10,0.5
2025-05-23 21:45:00,Friday,21,0,0,Rainy,25.5,2,3,6.91,4,2.07
2025-05-24 08:00:00,Saturday,8,1,0,Sunny,24.0,1,4,5.97,1,0.5
2025-05-24 08:15:00,Saturday,8,1,0,Sunny,22.8,2,4,4.27,5,0.5
2025-05-24 08:30:00,Saturday,8,1,0,Sunny,24.9,2,5,5.94,4,0.5
2025-05-24 08:45:00,Saturday,8,1,0,Sunny,21.7,2,4,4.39,5,2.29
2025-05-24 09:00:00,Saturday,9,1,0,Sunny,25.7,3,6,5.42,6,0.5
2025-05-24 09:15:00,Saturday,9,1,0,Sunny,24.1,1,5,6.03,4,0.5
2025-05-24 09:30:00,Saturday,9,1,0,Sunny,22.3,2,5,4.26,4,0.5
2025-05-24 09:45:00,Saturday,9,1,0,Sunny,22.5,5,5,5.22,8,6.27
2025-05-24 10:00:00,Saturday,10,1,0,Sunny,23.3,8,5,5.65,14,11.62
2025-05-24 10:15:00,Saturday,10,1,0,Sunny,20.9,4,5,5.11,7,0.77
2025-05-24 10:30:00,Saturday,10,1,0,Sunny,25.4,7,5,3.83,12,5.05
2025-05-24 10:45:00,Saturday,10,1,0,Sunny,22.7,6,5,5.05,9,3.34
2025-05-24 11:00:00,Saturday,11,1,0,Sunny,24.5,5,6,4.98,12,0.5
2025-05-24 11:15:00,Saturday,11,1,0,Sunny,22.4,9,6,5.81,18,1.52
2025-05-24 11:30:00,Saturday,11,1,0,Sunny,22.6,7,6,7.13,8,4.07
2025-05-24 11:45:00,Saturday,11,1,0,Windy,25.5,14,6,5.02,27,7.28
2025-05-24 12:00:00,Saturday,12,1,0,Sunny,24.0,13,6,6.37,22,12.48
2025-05-24 12:15:00,Saturday,12,1,0,Sunny,24.9,17,5,7.13,32,24.49
2025-05-24 12:30:00,Saturday,12,1,0,Sunny,22.7,18,6,5.04,38,15.57
2025-05-24 12:45:00,Saturday,12,1,0,Sunny,20.9,10,6,4.76,20,2.88
2025-05-24 13:00:00,Saturday,13,1,0,Sunny,25.0,12,6,4.5,16,4.04
2025-05-24 13:15:00,Saturday,13,1,0,Sunny,24.9,9,6,5.88,13,5.6
2025-05-24 13:30:00,Saturday,13,1,0,Sunny,22.1,13,5,6.17,29,17.24
2025-05-24 13:45:00,Saturday,13,1,0,Sunny,22.9,8,6,5.84,13,2.41
2025-05-24 14:00:00,Saturday,14,1,0,Sunny,22.6,11,7,5.57,21,6.41
2025-05-24 14:15:00,Saturday,14,1,0,Sunny,23.1,7,5,6.24,13,2.64
2025-05-24 14:30:00,Saturday,14,1,0,Sunny,23.6,7,5,6.55,10,6.99
2025-05-24 14:45:00,Saturday,14,1,0,Sunny,26.0,11,5,5.96,19,11.12
2025-05-24 15:00:00,Saturday,15,1,0,Sunny,22.8,12,5,4.83,22,3.42
2025-05-24 15:15:00,Saturday,15,1,0,Sunny,22.7,2,6,3.81,6,0.5
2025-05-24 15:30:00,Saturday,15,1,0,Sunny,23.4,9,5,6.68,20,13.67
2025-05-24 15:45:00,Saturday,15,1,0,Sunny,23.9,5,6,7.28,8,2.06
2025-05-24 16:00:00,Saturday,16,1,0,Rainy,25.4,5,5,4.43,10,2.69
2025-05-24 16:15:00,Saturday,16,1,0,Rainy,22.9,10,5,6.23,16,11.45
2025-05-24 16:30:00,Saturday,16,1,0,Sunny,26.0,10,5,5.19,22,10.04
2025-05-24 16:45:00,Saturday,16,1,0,Sunny,23.9,15,5,5.96,34,22.01
2025-05-24 17:00:00,Saturday,17,1,0,Sunny,24.7,9,5,4.84,17,6.08
2025-05-24 17:15:00,Saturday,17,1,0,Rainy,23.8,4,4,6.11,5,2.68
2025-05-24 17:30:00,Saturday,17,1,0,Sunny,22.1,14,6,4.19,23,12.94
2025-05-24 17:45:00,Saturday,17,1,0,Sunny,22.5,12,5,6.87,23,19.18
2025-05-24 18:00:00,Saturday,18,1,0,Sunny,20.8,13,5,5.24,28,9.88
2025-05-24 18:15:00,Saturday,18,1,0,Sunny,23.1,14,5,5.84,28,14.77
2025-05-24 18:30:00,Saturday,18,1,0,Sunny,20.7,12,4,6.31,25,23.15
2025-05-24 18:45:00,Saturday,18,1,0,Sunny,24.2,13,5,5.27,24,11.53
2025-05-24 19:00:00,Saturday,19,1,0,Sunny,21.5,17,5,6.33,28,19.71
2025-05-24 19:15:00,Saturday,19,1,0,Sunny,25.1,15,5,5.39,27,9.35
2025-05-24 19:30:00,Saturday,19,1,0,Cloudy,24.7,9,5,6.2,18,12.13
2025-05-24 19:45:00,Saturday,19,1,0,Sunny,25.2,13,6,5.65,19,9.05
2025-05-24 20:00:00,Saturday,20,1,0,Sunny,21.7,8,4,5.75,14,8.76
2025-05-24 20:15:00,Saturday,20,1,0,Sunny,23.5,9,4,4.57,20,9.29
2025-05-24 20:30:00,Saturday,20,1,0,Sunny,20.0,9,4,6.65,14,11.61
2025-05-24 20:45:00,Saturday,20,1,0,Sunny,23.0,9,4,4.95,18,8.42
2025-05-24 21:00:00,Saturday,21,1,0,Sunny,21.9,9,4,5.19,14,13.82
2025-05-24 21:15:00,Saturday,21,1,0,Sunny,22.3,6,3,5.87,14,10.17
2025-05-24 21:30:00,Saturday,21,1,0,Sunny,19.6,8,4,5.6,11,6.95
2025-05-24 21:45:00,Saturday,21,1,0,Sunny,23.3,8,4,5.53,16,12.21
2025-05-25 08:00:00,Sunday,8,1,0,Sunny,29.1,4,4,3.81,9,0.5
2025-05-25 08:15:00,Sunday,8,1,0,Sunny,28.4,3,4,4.67,4,0.5
2025-05-25 08:30:00,Sunday,8,1,0,Sunny,25.6,1,3,6.1,4,3.03
2025-05-25 08:45:00,Sunday,8,1,0,Sunny,29.0,2,4,6.05,5,2.99
2025-05-25 09:00:00,Sunday,9,1,0,Sunny,27.7,7,5,5.38,14,0.5
2025-05-25 09:15:00,Sunday,9,1,0,Rainy,30.0,2,5,5.63,2,0.67
2025-05-25 09:30:00,Sunday,9,1,0,Sunny,29.2,1,5,5.61,3,0.5
2025-05-25 09:45:00,Sunday,9,1,0,Sunny,27.2,2,5,7.13,6,0.5
2025-05-25 10:00:00,Sunday,10,1,0,Sunny,29.1,5,6,4.32,11,0.5
2025-05-25 10:15:00,Sunday,10,1,0,Windy,32.6,5,5,6.06,9,2.75
2025-05-25 10:30:00,Sunday,10,1,0,Sunny,29.2,8,5,6.79,12,10.84
2025-05-25 10:45:00,Sunday,10,1,0,Sunny,29.0,7,5,4.59,9,2.22
2025-05-25 11:00:00,Sunday,11,1,0,Sunny,28.9,7,6,4.94,15,3.62
2025-05-25 11:15:00,Sunday,11,1,0,Sunny,29.4,14,6,5.93,23,10.74
2025-05-25 11:30:00,Sunday,11,1,0,Sunny,29.5,5,5,4.24,8,1.12
2025-05-25 11:45:00,Sunday,11,1,0,Sunny,27.2,12,6,5.93,24,10.66
2025-05-25 12:00:00,Sunday,12,1,0,Sunny,29.1,10,6,4.99,19,6.41
2025-05-25 12:15:00,Sunday,12,1,0,Sunny,30.3,10,6,4.42,19,6.26
2025-05-25 12:30:00,Sunday,12,1,0,Sunny,31.0,9,6,5.2,21,6.87
2025-05-25 12:45:00,Sunday,12,1,0,Sunny,31.9,12,6,5.33,23,10.68
2025-05-25 13:00:00,Sunday,13,1,0,Sunny,28.5,16,6,5.64,27,14.59
2025-05-25 13:15:00,Sunday,13,1,0,Sunny,32.6,10,6,5.61,21,8.34
2025-05-25 13:30:00,Sunday,13,1,0,Windy,28.6,10,6,5.99,16,10.86
2025-05-25 13:45:00,Sunday,13,1,0,Sunny,30.7,16,5,5.99,31,18.87
2025-05-25 14:00:00,Sunday,14,1,0,Sunny,29.2,7,6,6.04,14,1.88
2025-05-25 14:15:00,Sunday,14,1,0,Sunny,30.2,9,4,6.44,18,11.69
2025-05-25 14:30:00,Sunday,14,1,0,Sunny,31.6,7,5,5.18,12,3.68
2025-05-25 14:45:00,Sunday,14,1,0,Sunny,28.3,5,5,3.7,10,4.79
2025-05-25 15:00:00,Sunday,15,1,0,Sunny,29.0,7,5,6.73,13,8.54
2025-05-25 15:15:00,Sunday,15,1,0,Sunny,31.2,5,5,5.48,10,5.85
2025-05-25 15:30:00,Sunday,15,1,0,Sunny,30.4,17,5,5.63,35,23.26
2025-05-25 15:45:00,Sunday,15,1,0,Sunny,31.1,8,4,5.91,15,8.52
2025-05-25 16:00:00,Sunday,16,1,0,Sunny,30.9,8,5,4.22,18,2.42
2025-05-25 16:15:00,Sunday,16,1,0,Sunny,27.9,8,5,5.44,14,3.9
2025-05-25 16:30:00,Sunday,16,1,0,Sunny,30.0,10,5,5.04,17,10.74
2025-05-25 16:45:00,Sunday,16,1,0,Sunny,32.1,8,5,6.17,19,6.95
2025-05-25 17:00:00,Sunday,17,1,0,Sunny,29.2,8,5,6.06,15,4.92
2025-05-25 17:15:00,Sunday,17,1,0,Sunny,29.4,19,5,6.39,28,23.73
2025-05-25 17:30:00,Sunday,17,1,0,Sunny,29.3,12,5,3.75,26,9.84
2025-05-25 17:45:00,Sunday,17,1,0,Sunny,28.6,20,5,5.95,40,24.74
2025-05-25 18:00:00,Sunday,18,1,0,Sunny,30.1,15,5,5.53,29,14.14
2025-05-25 18:15:00,Sunday,18,1,0,Sunny,29.8,20,5,6.24,44,26.31
2025-05-25 18:30:00,Sunday,18,1,0,Sunny,28.7,14,5,5.53,23,16.44
2025-05-25 18:45:00,Sunday,18,1,0,Sunny,30.3,20,5,4.98,45,18.64
2025-05-25 19:00:00,Sunday,19,1,0,Sunny,27.6,18,5,4.59,34,15.18
2025-05-25 19:15:00,Sunday,19,1,0,Sunny,27.9,20,6,6.21,40,18.25
2025-05-25 19:30:00,Sunday,19,1,0,Sunny,29.3,20,5,5.95,40,23.95
2025-05-25 19:45:00,Sunday,19,1,0,Sunny,31.6,17,4,6.36,34,29.86
2025-05-25 20:00:00,Sunday,20,1,0,Sunny,28.2,13,5,5.53,28,17.66
2025-05-25 20:15:00,Sunday,20,1,0,Sunny,28.3,13,4,4.19,25,13.35
2025-05-25 20:30:00,Sunday,20,1,0,Sunny,28.2,7,4,6.49,12,8.27
2025-05-25 20:45:00,Sunday,20,1,0,Sunny,28.6,7,4,4.09,10,7.13
2025-05-25 21:00:00,Sunday,21,1,0,Sunny,30.6,9,4,5.73,14,13.21
2025-05-25 21:15:00,Sunday,21,1,0,Sunny,26.5,11,4,5.73,20,12.3
2025-05-25 21:30:00,Sunday,21,1,0,Sunny,29.3,8,3,5.78,13,14.44
2025-05-25 21:45:00,Sunday,21,1,0,Sunny,29.4,6,4,5.79,15,8.27
2025-05-26 08:00:00,Monday,8,0,0,Sunny,27.3,6,3,5.56,14,8.69
2025-05-26 08:15:00,Monday,8,0,0,Sunny,24.7,2,2,5.19,0,0.5
2025-05-26 08:30:00,Monday,8,0,0,Sunny,29.4,2,3,5.99,5,0.5
2025-05-26 08:45:00,Monday,8,0,0,Sunny,27.2,0,3,5.62,0,0.5
2025-05-26 09:00:00,Monday,9,0,0,Cloudy,28.1,0,3,4.97,0,0.5
2025-05-26 09:15:00,Monday,9,0,0,Sunny,28.0,3,3,4.92,9,7.13
2025-05-26 09:30:00,Monday,9,0,0,Sunny,27.0,5,3,6.15,8,7.2
2025-05-26 09:45:00,Monday,9,0,0,Sunny,28.6,1,2,5.64,5,6.93
2025-05-26 10:00:00,Monday,10,0,0,Rainy,26.1,2,2,4.97,3,8.26
2025-05-26 10:15:00,Monday,10,0,0,Sunny,29.6,5,4,4.04,13,1.95
2025-05-26 10:30:00,Monday,10,0,0,Sunny,29.1,3,4,3.54,6,0.5
2025-05-26 10:45:00,Monday,10,0,0,Sunny,28.5,4,4,4.88,7,5.17
2025-05-26 11:00:00,Monday,11,0,0,Sunny,29.1,3,4,4.87,5,0.56
2025-05-26 11:15:00,Monday,11,0,0,Sunny,27.8,11,4,6.26,22,14.7
2025-05-26 11:30:00,Monday,11,0,0,Sunny,25.8,6,4,4.8,14,1.99
2025-05-26 11:45:00,Monday,11,0,0,Sunny,26.6,8,4,4.94,14,6.27
2025-05-26 12:00:00,Monday,12,0,0,Sunny,29.1,9,4,5.31,19,9.3
2025-05-26 12:15:00,Monday,12,0,0,Sunny,27.2,10,5,4.85,17,7.4
2025-05-26 12:30:00,Monday,12,0,0,Sunny,25.8,7,4,5.79,16,8.45
2025-05-26 12:45:00,Monday,12,0,0,Sunny,27.4,12,4,5.56,26,16.18
2025-05-26 13:00:00,Monday,13,0,0,Sunny,25.5,15,4,5.7,29,20.42
2025-05-26 13:15:00,Monday,13,0,0,Sunny,28.7,11,4,5.1,23,12.33
2025-05-26 13:30:00,Monday,13,0,0,Sunny,27.8,8,5,5.99,15,7.35
2025-05-26 13:45:00,Monday,13,0,0,Sunny,29.0,6,4,6.18,14,7.47
2025-05-26 14:00:00,Monday,14,0,0,Sunny,29.3,8,4,7.38,20,15.71
2025-05-26 14:15:00,Monday,14,0,0,Sunny,28.1,4,3,4.72,11,3.27
2025-05-26 14:30:00,Monday,14,0,0,Sunny,28.5,4,3,4.41,7,2.41
2025-05-26 14:45:00,Monday,14,0,0,Sunny,26.8,6,3,4.48,7,5.61
2025-05-26 15:00:00,Monday,15,0,0,Cloudy,29.9,5,4,4.95,12,1.88
2025-05-26 15:15:00,Monday,15,0,0,Sunny,27.7,4,3,6.44,11,8.0
2025-05-26 15:30:00,Monday,15,0,0,Sunny,30.6,3,3,5.64,10,2.71
2025-05-26 15:45:00,Monday,15,0,0,Sunny,28.2,7,3,7.04,13,14.65
2025-05-26 16:00:00,Monday,16,0,0,Sunny,29.2,2,2,5.46,3,3.59
2025-05-26 16:15:00,Monday,16,0,0,Sunny,29.4,8,3,6.15,16,15.34
2025-05-26 16:30:00,Monday,16,0,0,Sunny,29.1,7,3,5.82,13,7.79
2025-05-26 16:45:00,Monday,16,0,0,Sunny,29.7,12,3,6.34,20,22.7
2025-05-26 17:00:00,Monday,17,0,0,Sunny,29.0,10,3,6.29,23,19.46
2025-05-26 17:15:00,Monday,17,0,0,Sunny,27.5,8,3,6.36,13,13.5
2025-05-26 17:30:00,Monday,17,0,0,Cloudy,26.6,12,2,6.36,27,42.63
2025-05-26 17:45:00,Monday,17,0,0,Sunny,26.2,8,3,5.91,16,13.21
2025-05-26 18:00:00,Monday,18,0,0,Sunny,26.5,7,3,5.92,9,12.27
2025-05-26 18:15:00,Monday,18,0,0,Sunny,29.3,13,3,7.15,25,30.44
2025-05-26 18:30:00,Monday,18,0,0,Sunny,30.7,20,4,7.07,38,38.29
2025-05-26 18:45:00,Monday,18,0,0,Stormy,25.6,8,2,5.73,16,27.55
2025-05-26 19:00:00,Monday,19,0,0,Sunny,27.2,13,3,8.35,19,37.66
2025-05-26 19:15:00,Monday,19,0,0,Cloudy,28.7,9,3,6.56,18,19.21
2025-05-26 19:30:00,Monday,19,0,0,Sunny,26.6,13,3,6.95,23,25.21
2025-05-26 19:45:00,Monday,19,0,0,Sunny,26.9,5,3,5.79,11,8.38
2025-05-26 20:00:00,Monday,20,0,0,Sunny,29.0,9,3,6.12,17,19.56
2025-05-26 20:15:00,Monday,20,0,0,Sunny,28.3,8,2,6.79,14,26.43
2025-05-26 20:30:00,Monday,20,0,0,Sunny,26.8,1,3,4.99,0,0.5
2025-05-26 20:45:00,Monday,20,0,0,Sunny,27.0,7,2,7.09,16,26.01
2025-05-26 21:00:00,Monday,21,0,0,Sunny,30.8,7,2,4.96,12,19.53
2025-05-26 21:15:00,Monday,21,0,0,Sunny,27.3,3,2,5.17,5,7.02
2025-05-26 21:30:00,Monday,21,0,0,Sunny,28.8,5,2,5.47,8,13.94
2025-05-26 21:45:00,Monday,21,0,0,Sunny,30.4,4,2,4.63,8,8.03
2025-05-27 08:00:00,Tuesday,8,0,0,Rainy,18.4,0,2,4.75,3,0.5
2025-05-27 08:15:00,Tuesday,8,0,0,Sunny,19.1,1,2,7.29,4,4.92
2025-05-27 08:30:00,Tuesday,8,0,0,Rainy,15.6,0,2,5.62,0,0.55
2025-05-27 08:45:00,Tuesday,8,0,0,Windy,16.6,5,2,6.23,9,12.25
2025-05-27 09:00:00,Tuesday,9,0,0,Rainy,19.8,2,3,6.74,4,5.72
2025-05-27 09:15:00,Tuesday,9,0,0,Rainy,19.0,2,3,6.0,2,1.16
2025-05-27 09:30:00,Tuesday,9,0,0,Rainy,17.5,3,3,5.4,8,2.8
2025-05-27 09:45:00,Tuesday,9,0,0,Rainy,18.7,5,4,6.26,11,6.17
2025-05-27 10:00:00,Tuesday,10,0,0,Rainy,20.9,4,3,4.8,7,8.81
2025-05-27 10:15:00,Tuesday,10,0,0,Rainy,14.8,0,3,4.71,1,0.5
2025-05-27 10:30:00,Tuesday,10,0,0,Rainy,17.8,3,3,5.16,7,4.99
2025-05-27 10:45:00,Tuesday,10,0,0,Rainy,16.7,3,3,4.82,5,2.9
2025-05-27 11:00:00,Tuesday,11,0,0,Rainy,17.0,3,4,5.37,6,0.5
2025-05-27 11:15:00,Tuesday,11,0,0,Rainy,18.3,12,4,6.2,22,18.3
2025-05-27 11:30:00,Tuesday,11,0,0,Rainy,16.7,7,5,4.58,13,5.83
2025-05-27 11:45:00,Tuesday,11,0,0,Rainy,18.1,4,4,5.94,10,4.13
2025-05-27 12:00:00,Tuesday,12,0,0,Cloudy,20.0,10,3,5.98,23,18.54
2025-05-27 12:15:00,Tuesday,12,0,0,Rainy,20.1,6,4,7.64,11,5.65
2025-05-27 12:30:00,Tuesday,12,0,0,Rainy,19.0,12,3,6.18,19,25.25
2025-05-27 12:45:00,Tuesday,12,0,0,Rainy,19.1,3,5,5.44,2,2.45
2025-05-27 13:00:00,Tuesday,13,0,0,Rainy,20.1,9,4,5.68,17,12.76
2025-05-27 13:15:00,Tuesday,13,0,0,Rainy,19.7,5,4,5.33,10,9.49
2025-05-27 13:30:00,Tuesday,13,0,0,Sunny,18.0,4,4,4.62,5,0.5
2025-05-27 13:45:00,Tuesday,13,0,0,Rainy,15.8,7,4,4.99,15,4.42
2025-05-27 14:00:00,Tuesday,14,0,0,Rainy,18.5,5,4,5.24,9,8.63
2025-05-27 14:15:00,Tuesday,14,0,0,Rainy,18.9,6,3,5.96,12,7.45
2025-05-27 14:30:00,Tuesday,14,0,0,Rainy,20.4,1,3,7.22,1,2.15
2025-05-27 14:45:00,Tuesday,14,0,0,Rainy,20.8,3,3,3.99,6,6.42
2025-05-27 15:00:00,Tuesday,15,0,0,Rainy,18.0,3,3,4.23,4,6.8
2025-05-27 15:15:00,Tuesday,15,0,0,Rainy,19.9,1,3,5.53,3,1.25
2025-05-27 15:30:00,Tuesday,15,0,0,Rainy,19.9,2,3,4.96,6,7.61
2025-05-27 15:45:00,Tuesday,15,0,0,Rainy,21.5,1,3,6.16,3,4.09
2025-05-27 16:00:00,Tuesday,16,0,0,Rainy,20.2,4,3,4.97,11,7.79
2025-05-27 16:15:00,Tuesday,16,0,0,Rainy,15.9,4,3,5.76,7,5.02
2025-05-27 16:30:00,Tuesday,16,0,0,Rainy,17.6,1,3,6.15,3,1.38
2025-05-27 16:45:00,Tuesday,16,0,0,Rainy,18.6,6,3,8.24,13,19.68
2025-05-27 17:00:00,Tuesday,17,0,0,Rainy,18.6,6,3,6.16,9,8.85
2025-05-27 17:15:00,Tuesday,17,0,0,Rainy,17.3,5,3,5.75,10,7.71
2025-05-27 17:30:00,Tuesday,17,0,0,Rainy,19.2,7,3,5.14,10,14.1
2025-05-27 17:45:00,Tuesday,17,0,0,Rainy,19.3,10,3,5.58,14,23.46
2025-05-27 18:00:00,Tuesday,18,0,0,Rainy,19.8,11,3,4.98,19,19.96
2025-05-27 18:15:00,Tuesday,18,0,0,Rainy,16.7,10,4,5.3,21,17.02
2025-05-27 18:30:00,Tuesday,18,0,0,Rainy,18.8,10,3,6.89,17,23.75
2025-05-27 18:45:00,Tuesday,18,0,0,Rainy,15.4,13,3,5.95,29,28.23
2025-05-27 19:00:00,Tuesday,19,0,0,Rainy,19.1,10,3,5.79,16,21.62
2025-05-27 19:15:00,Tuesday,19,0,0,Rainy,15.3,8,3,6.08,12,13.03
2025-05-27 19:30:00,Tuesday,19,0,0,Rainy,18.6,6,4,4.9,9,3.62
2025-05-27 19:45:00,Tuesday,19,0,0,Rainy,20.0,9,3,6.4,18,19.09
2025-05-27 20:00:00,Tuesday,20,0,0,Rainy,21.4,9,3,6.46,17,21.82
2025-05-27 20:15:00,Tuesday,20,0,0,Rainy,14.5,8,2,6.44,15,31.1
2025-05-27 20:30:00,Tuesday,20,0,0,Rainy,16.0,5,2,3.92,10,15.06
2025-05-27 20:45:00,Tuesday,20,0,0,Rainy,18.2,6,2,6.39,14,25.75
2025-05-27 21:00:00,Tuesday,21,0,0,Rainy,16.1,7,2,6.48,9,21.18
2025-05-27 21:15:00,Tuesday,21,0,0,Rainy,18.2,6,2,5.05,11,14.33
2025-05-27 21:30:00,Tuesday,21,0,0,Rainy,20.2,2,2,5.2,0,5.98
2025-05-27 21:45:00,Tuesday,21,0,0,Rainy,17.5,1,2,7.04,0,1.44
2025-05-28 08:00:00,Wednesday,8,0,0,Rainy,22.7,1,4,5.13,0,0.5
2025-05-28 08:15:00,Wednesday,8,0,0,Sunny,19.4,2,4,6.12,2,0.5
2025-05-28 08:30:00,Wednesday,8,0,0,Rainy,23.9,2,4,5.06,6,0.5
2025-05-28 08:45:00,Wednesday,8,0,0,Rainy,19.7,1,4,5.11,3,1.1
2025-05-28 09:00:00,Wednesday,9,0,0,Rainy,22.6,1,5,5.78,1,0.5
2025-05-28 09:15:00,Wednesday,9,0,0,Rainy,21.5,0,5,5.98,0,4.34
2025-05-28 09:30:00,Wednesday,9,0,0,Rainy,21.5,2,5,5.46,6,0.5
2025-05-28 09:45:00,Wednesday,9,0,0,Rainy,22.7,3,5,6.03,4,0.5
2025-05-28 10:00:00,Wednesday,10,0,0,Sunny,21.0,5,5,6.39,9,0.5
2025-05-28 10:15:00,Wednesday,10,0,0,Rainy,20.0,2,5,5.5,3,0.5
2025-05-28 10:30:00,Wednesday,10,0,0,Rainy,22.1,1,5,5.48,0,0.5
2025-05-28 10:45:00,Wednesday,10,0,0,Rainy,23.5,2,5,3.76,3,0.5
2025-05-28 11:00:00,Wednesday,11,0,0,Rainy,19.2,3,6,4.75,3,0.5
2025-05-28 11:15:00,Wednesday,11,0,0,Rainy,21.1,11,5,6.46,17,13.06
2025-05-28 11:30:00,Wednesday,11,0,0,Rainy,22.3,10,6,5.58,16,8.0
2025-05-28 11:45:00,Wednesday,11,0,0,Rainy,22.3,8,6,4.32,15,0.86
2025-05-28 12:00:00,Wednesday,12,0,0,Rainy,20.9,14,6,5.3,25,9.13
2025-05-28 12:15:00,Wednesday,12,0,0,Rainy,22.5,9,6,5.28,16,7.9
2025-05-28 12:30:00,Wednesday,12,0,0,Rainy,20.3,3,6,5.14,6,0.5
2025-05-28 12:45:00,Wednesday,12,0,0,Rainy,25.1,5,6,5.64,6,1.2
2025-05-28 13:00:00,Wednesday,13,0,0,Rainy,19.8,5,6,5.18,7,1.11
2025-05-28 13:15:00,Wednesday,13,0,0,Rainy,21.3,10,6,5.65,23,8.22
2025-05-28 13:30:00,Wednesday,13,0,0,Rainy,17.9,10,6,4.58,21,6.63
2025-05-28 13:45:00,Wednesday,13,0,0,Rainy,22.4,4,6,5.57,9,2.29
2025-05-28 14:00:00,Wednesday,14,0,0,Rainy,23.6,4,6,5.53,6,0.5
2025-05-28 14:15:00,Wednesday,14,0,0,Rainy,21.4,2,5,6.52,8,2.27
2025-05-28 14:30:00,Wednesday,14,0,0,Rainy,25.0,6,5,4.97,13,2.75
2025-05-28 14:45:00,Wednesday,14,0,0,Rainy,23.0,3,5,5.92,5,0.5
2025-05-28 15:00:00,Wednesday,15,0,0,Rainy,22.3,5,5,5.08,8,5.46
2025-05-28 15:15:00,Wednesday,15,0,0,Rainy,20.9,2,6,5.5,0,0.5
2025-05-28 15:30:00,Wednesday,15,0,0,Rainy,24.0,6,5,5.61,12,0.91
2025-05-28 15:45:00,Wednesday,15,0,0,Rainy,21.6,4,5,5.26,6,0.5
2025-05-28 16:00:00,Wednesday,16,0,0,Rainy,22.3,2,5,4.57,6,0.5
2025-05-28 16:15:00,Wednesday,16,0,0,Rainy,22.5,2,5,4.27,1,0.5
2025-05-28 16:30:00,Wednesday,16,0,0,Rainy,19.9,1,5,4.12,2,0.5
2025-05-28 16:45:00,Wednesday,16,0,0,Cloudy,22.2,12,4,6.91,25,17.44
2025-05-28 17:00:00,Wednesday,17,0,0,Rainy,23.1,8,5,5.47,16,8.32
2025-05-28 17:15:00,Wednesday,17,0,0,Rainy,23.2,8,5,4.39,13,4.68
2025-05-28 17:30:00,Wednesday,17,0,0,Rainy,20.5,5,5,3.66,8,0.5
2025-05-28 17:45:00,Wednesday,17,0,0,Rainy,23.8,8,6,5.39,13,6.66
2025-05-28 18:00:00,Wednesday,18,0,0,Sunny,21.4,10,6,4.98,22,0.5
2025-05-28 18:15:00,Wednesday,18,0,0,Rainy,22.2,8,5,5.55,14,6.83
2025-05-28 18:30:00,Wednesday,18,0,0,Rainy,20.1,13,5,5.2,24,15.4
2025-05-28 18:45:00,Wednesday,18,0,0,Rainy,21.7,6,5,5.3,10,6.09
2025-05-28 19:00:00,Wednesday,19,0,0,Rainy,21.0,12,5,6.34,21,12.59
2025-05-28 19:15:00,Wednesday,19,0,0,Rainy,23.0,9,4,5.09,18,9.15
2025-05-28 19:30:00,Wednesday,19,0,0,Rainy,20.6,7,5,4.47,15,9.48
2025-05-28 19:45:00,Wednesday,19,0,0,Rainy,19.6,8,5,4.44,14,1.87
2025-05-28 20:00:00,Wednesday,20,0,0,Rainy,22.3,4,5,5.41,8,0.5
2025-05-28 20:15:00,Wednesday,20,0,0,Rainy,22.5,3,5,4.34,5,2.93
2025-05-28 20:30:00,Wednesday,20,0,0,Rainy,24.2,13,4,6.3,26,18.25
2025-05-28 20:45:00,Wednesday,20,0,0,Rainy,22.7,7,4,4.48,11,6.76
2025-05-28 21:00:00,Wednesday,21,0,0,Rainy,22.3,5,4,4.2,9,4.58
2025-05-28 21:15:00,Wednesday,21,0,0,Rainy,22.5,7,3,6.88,15,17.72
2025-05-28 21:30:00,Wednesday,21,0,0,Rainy,25.0,3,4,5.87,6,0.5
2025-05-28 21:45:00,Wednesday,21,0,0,Rainy,22.5,2,4,6.12,2,4.48
2025-05-29 08:00:00,Thursday,8,0,0,Sunny,29.1,2,3,5.37,2,0.5
2025-05-29 08:15:00,Thursday,8,0,0,Sunny,27.7,2,3,5.02,2,0.5
2025-05-29 08:30:00,Thursday,8,0,0,Sunny,28.3,4,3,6.32,9,5.5
2025-05-29 08:45:00,Thursday,8,0,0,Sunny,28.4,1,4,5.29,0,0.5
2025-05-29 09:00:00,Thursday,9,0,0,Sunny,31.1,1,5,5.86,3,0.5
2025-05-29 09:15:00,Thursday,9,0,0,Sunny,26.7,3,4,4.21,10,0.5
2025-05-29 09:30:00,Thursday,9,0,0,Sunny,27.9,0,4,5.23,1,0.5
2025-05-29 09:45:00,Thursday,9,0,0,Sunny,27.2,1,4,6.0,1,0.5
2025-05-29 10:00:00,Thursday,10,0,0,Sunny,28.4,4,4,5.35,5,0.5
2025-05-29 10:15:00,Thursday,10,0,0,Sunny,29.0,3,5,5.37,9,0.5
2025-05-29 10:30:00,Thursday,10,0,0,Sunny,27.3,2,4,7.31,5,0.5
2025-05-29 10:45:00,Thursday,10,0,0,Sunny,26.5,5,5,4.47,8,1.25
2025-05-29 11:00:00,Thursday,11,0,0,Sunny,30.9,6,6,5.09,13,2.68
2025-05-29 11:15:00,Thursday,11,0,0,Sunny,29.6,7,5,6.03,14,6.93
2025-05-29 11:30:00,Thursday,11,0,0,Sunny,27.4,7,5,4.37,11,2.82
2025-05-29 11:45:00,Thursday,11,0,0,Sunny,28.9,6,5,4.99,16,4.59
2025-05-29 12:00:00,Thursday,12,0,0,Sunny,29.7,10,5,5.06,22,2.55
2025-05-29 12:15:00,Thursday,12,0,0,Sunny,28.2,12,5,5.98,19,14.51
2025-05-29 12:30:00,Thursday,12,0,0,Sunny,25.4,14,5,6.18,26,17.37
2025-05-29 12:45:00,Thursday,12,0,0,Sunny,28.1,11,6,5.16,22,5.91
2025-05-29 13:00:00,Thursday,13,0,0,Sunny,28.1,10,5,4.83,24,4.32
2025-05-29 13:15:00,Thursday,13,0,0,Sunny,26.8,9,5,6.18,16,7.36
2025-05-29 13:30:00,Thursday,13,0,0,Sunny,30.6,8,5,5.83,17,5.52
2025-05-29 13:45:00,Thursday,13,0,0,Sunny,29.9,6,5,4.9,13,4.06
2025-05-29 14:00:00,Thursday,14,0,0,Sunny,27.9,6,4,5.47,15,7.39
2025-05-29 14:15:00,Thursday,14,0,0,Sunny,27.7,10,5,5.77,23,9.14
2025-05-29 14:30:00,Thursday,14,0,0,Sunny,25.6,6,4,4.8,13,3.19
2025-05-29 14:45:00,Thursday,14,0,0,Sunny,28.4,5,4,7.01,11,5.98
2025-05-29 15:00:00,Thursday,15,0,0,Sunny,28.8,7,4,4.67,13,6.45
2025-05-29 15:15:00,Thursday,15,0,0,Sunny,27.0,7,3,5.76,10,14.37
2025-05-29 15:30:00,Thursday,15,0,0,Sunny,30.1,4,3,4.59,12,0.5
2025-05-29 15:45:00,Thursday,15,0,0,Sunny,28.6,4,4,7.79,10,5.64
2025-05-29 16:00:00,Thursday,16,0,0,Sunny,26.1,5,4,6.45,5,0.5
2025-05-29 16:15:00,Thursday,16,0,0,Sunny,28.3,15,4,5.75,24,18.25
2025-05-29 16:30:00,Thursday,16,0,0,Cloudy,32.4,5,4,5.67,9,0.5
2025-05-29 16:45:00,Thursday,16,0,0,Sunny,28.1,7,4,7.31,11,7.33
2025-05-29 17:00:00,Thursday,17,0,0,Sunny,26.5,8,5,4.84,14,5.16
2025-05-29 17:15:00,Thursday,17,0,0,Sunny,28.3,5,4,6.39,9,4.94
2025-05-29 17:30:00,Thursday,17,0,0,Sunny,27.8,14,4,5.82,31,21.56
2025-05-29 17:45:00,Thursday,17,0,0,Sunny,27.4,12,4,6.92,31,19.09
2025-05-29 18:00:00,Thursday,18,0,0,Sunny,28.2,16,4,7.41,31,31.74
2025-05-29 18:15:00,Thursday,18,0,0,Sunny,28.2,12,4,5.89,27,16.41
2025-05-29 18:30:00,Thursday,18,0,0,Sunny,29.8,10,4,5.58,19,10.61
2025-05-29 18:45:00,Thursday,18,0,0,Sunny,29.1,11,4,5.14,17,11.15
2025-05-29 19:00:00,Thursday,19,0,0,Sunny,27.9,9,3,5.94,15,16.14
2025-05-29 19:15:00,Thursday,19,0,0,Sunny,29.9,12,4,4.73,20,14.03
2025-05-29 19:30:00,Thursday,19,0,0,Sunny,28.6,8,3,5.87,20,16.2
2025-05-29 19:45:00,Thursday,19,0,0,Sunny,29.4,7,4,5.48,15,5.73
2025-05-29 20:00:00,Thursday,20,0,0,Sunny,29.0,6,4,4.47,11,1.62
2025-05-29 20:15:00,Thursday,20,0,0,Sunny,29.6,11,3,6.52,18,16.2
2025-05-29 20:30:00,Thursday,20,0,0,Sunny,27.1,7,3,5.49,17,7.12
2025-05-29 20:45:00,Thursday,20,0,0,Sunny,26.6,7,3,4.84,16,5.8
2025-05-29 21:00:00,Thursday,21,0,0,Sunny,29.0,10,3,7.32,17,25.72
2025-05-29 21:15:00,Thursday,21,0,0,Sunny,30.4,1,3,5.93,0,4.05
2025-05-29 21:30:00,Thursday,21,0,0,Sunny,26.3,2,3,5.13,3,0.5
2025-05-29 21:45:00,Thursday,21,0,0,Sunny,28.0,3,3,4.77,7,1.14
2025-05-30 08:00:00,Friday,8,0,0,Cloudy,23.6,2,4,5.21,1,0.5
2025-05-30 08:15:00,Friday,8,0,0,Cloudy,24.5,1,4,6.07,5,0.5
2025-05-30 08:30:00,Friday,8,0,0,Cloudy,19.6,0,4,5.37,2,0.5
2025-05-30 08:45:00,Friday,8,0,0,Cloudy,20.7,1,4,5.81,5,0.5
2025-05-30 09:00:00,Friday,9,0,0,Cloudy,22.5,0,5,5.97,0,0.5
2025-05-30 09:15:00,Friday,9,0,0,Cloudy,20.7,4,4,5.36,6,0.5
2025-05-30 09:30:00,Friday,9,0,0,Cloudy,22.6,0,5,6.28,0,0.5
2025-05-30 09:45:00,Friday,9,0,0,Sunny,22.1,2,5,6.14,2,0.8
2025-05-30 10:00:00,Friday,10,0,0,Cloudy,22.3,3,5,5.8,5,0.5
2025-05-30 10:15:00,Friday,10,0,0,Cloudy,22.1,3,5,6.11,9,1.95
2025-05-30 10:30:00,Friday,10,0,0,Cloudy,24.9,4,5,4.59,11,3.26
2025-05-30 10:45:00,Friday,10,0,0,Cloudy,23.0,9,4,6.34,23,12.68
2025-05-30 11:00:00,Friday,11,0,0,Cloudy,21.4,4,6,5.29,9,0.5
2025-05-30 11:15:00,Friday,11,0,0,Cloudy,24.0,8,6,5.96,12,0.84
2025-05-30 11:30:00,Friday,11,0,0,Cloudy,22.0,8,6,4.13,14,0.5
2025-05-30 11:45:00,Friday,11,0,0,Cloudy,20.1,4,7,5.86,10,0.5
2025-05-30 12:00:00,Friday,12,0,0,Cloudy,21.6,12,5,5.3,27,16.66
2025-05-30 12:15:00,Friday,12,0,0,Cloudy,21.7,10,6,6.76,19,8.75
2025-05-30 12:30:00,Friday,12,0,0,Cloudy,23.8,11,6,4.68,23,5.54
2025-05-30 12:45:00,Friday,12,0,0,Cloudy,21.0,9,6,5.59,18,2.02
2025-05-30 13:00:00,Friday,13,0,0,Cloudy,22.6,9,5,4.84,16,4.73
2025-05-30 13:15:00,Friday,13,0,0,Windy,21.8,10,6,6.53,20,9.83
2025-05-30 13:30:00,Friday,13,0,0,Cloudy,22.9,7,6,3.64,17,0.5
2025-05-30 13:45:00,Friday,13,0,0,Cloudy,20.4,11,5,3.86,21,5.58
2025-05-30 14:00:00,Friday,14,0,0,Cloudy,19.8,10,6,6.25,18,2.4
2025-05-30 14:15:00,Friday,14,0,0,Cloudy,21.2,6,5,4.47,7,0.9
2025-05-30 14:30:00,Friday,14,0,0,Cloudy,21.2,10,5,6.37,19,7.42
2025-05-30 14:45:00,Friday,14,0,0,Cloudy,20.7,9,5,5.3,19,5.44
2025-05-30 15:00:00,Friday,15,0,0,Cloudy,21.2,5,5,4.59,9,1.87
2025-05-30 15:15:00,Friday,15,0,0,Cloudy,22.0,7,5,3.44,10,1.48
2025-05-30 15:30:00,Friday,15,0,0,Cloudy,21.7,3,5,6.39,9,0.5
2025-05-30 15:45:00,Friday,15,0,0,Cloudy,19.5,6,5,5.41,12,3.18
2025-05-30 16:00:00,Friday,16,0,0,Cloudy,21.8,6,5,5.46,9,0.6
2025-05-30 16:15:00,Friday,16,0,0,Cloudy,20.2,8,5,4.42,15,2.9
2025-05-30 16:30:00,Friday,16,0,0,Cloudy,24.4,4,5,5.52,5,0.5
2025-05-30 16:45:00,Friday,16,0,0,Sunny,22.5,8,5,5.06,15,3.7
2025-05-30 17:00:00,Friday,17,0,0,Cloudy,22.5,10,4,4.7,17,10.44
2025-05-30 17:15:00,Friday,17,0,0,Cloudy,20.3,9,5,4.83,18,5.45
2025-05-30 17:30:00,Friday,17,0,0,Cloudy,23.5,17,6,5.79,29,11.01
2025-05-30 17:45:00,Friday,17,0,0,Cloudy,25.4,8,5,5.33,14,6.95
2025-05-30 18:00:00,Friday,18,0,0,Cloudy,24.8,12,5,7.01,20,14.23
2025-05-30 18:15:00,Friday,18,0,0,Cloudy,20.6,9,5,4.17,15,5.63
2025-05-30 18:30:00,Friday,18,0,0,Cloudy,20.0,8,5,6.31,17,9.69
2025-05-30 18:45:00,Friday,18,0,0,Cloudy,26.5,12,5,4.98,23,8.57
2025-05-30 19:00:00,Friday,19,0,0,Cloudy,19.3,11,5,6.37,22,10.0
2025-05-30 19:15:00,Friday,19,0,0,Cloudy,21.8,9,5,5.36,15,1.63
2025-05-30 19:30:00,Friday,19,0,0,Sunny,22.8,9,5,5.46,15,7.44
2025-05-30 19:45:00,Friday,19,0,0,Cloudy,20.2,9,5,5.96,16,7.23
2025-05-30 20:00:00,Friday,20,0,0,Rainy,23.0,9,5,4.64,17,9.33
2025-05-30 20:15:00,Friday,20,0,0,Cloudy,22.0,6,4,5.23,10,4.2
2025-05-30 20:30:00,Friday,20,0,0,Cloudy,20.4,5,5,6.07,6,2.44
2025-05-30 20:45:00,Friday,20,0,0,Cloudy,24.3,4,3,7.2,5,3.92
2025-05-30 21:00:00,Friday,21,0,0,Cloudy,19.9,2,4,4.63,4,0.5
2025-05-30 21:15:00,Friday,21,0,0,Cloudy,20.3,4,4,5.51,7,3.43
2025-05-30 21:30:00,Friday,21,0,0,Cloudy,20.4,4,4,4.57,8,0.5
2025-05-30 21:45:00,Friday,21,0,0,Cloudy,20.3,7,3,6.37,11,17.44
2025-05-31 08:00:00,Saturday,8,1,0,Rainy,27.2,2,5,5.15,3,4.06
2025-05-31 08:15:00,Saturday,8,1,0,Sunny,28.6,2,5,5.65,3,0.5
2025-05-31 08:30:00,Saturday,8,1,0,Sunny,26.0,4,5,4.78,9,0.5
2025-05-31 08:45:00,Saturday,8,1,0,Sunny,30.4,1,5,4.49,2,0.5
2025-05-31 09:00:00,Saturday,9,1,0,Sunny,29.9,3,5,5.94,10,0.5
2025-05-31 09:15:00,Saturday,9,1,0,Sunny,31.7,2,6,5.32,6,0.5
2025-05-31 09:30:00,Saturday,9,1,0,Sunny,26.6,2,6,6.88,2,0.5
2025-05-31 09:45:00,Saturday,9,1,0,Sunny,30.3,2,6,5.26,4,0.5
2025-05-31 10:00:00,Saturday,10,1,0,Sunny,30.9,6,6,6.88,13,4.48
2025-05-31 10:15:00,Saturday,10,1,0,Sunny,27.3,4,6,5.73,8,0.5
2025-05-31 10:30:00,Saturday,10,1,0,Sunny,28.6,7,6,5.12,14,2.56
2025-05-31 10:45:00,Saturday,10,1,0,Sunny,27.4,2,7,5.65,4,0.5
2025-05-31 11:00:00,Saturday,11,1,0,Sunny,29.1,10,7,5.28,16,1.58
2025-05-31 11:15:00,Saturday,11,1,0,Sunny,28.7,10,7,5.86,15,1.59
2025-05-31 11:30:00,Saturday,11,1,0,Sunny,28.4,9,6,4.39,16,0.86
2025-05-31 11:45:00,Saturday,11,1,0,Sunny,29.9,18,7,5.02,31,10.76
2025-05-31 12:00:00,Saturday,12,1,0,Sunny,30.3,16,7,3.63,34,4.99
2025-05-31 12:15:00,Saturday,12,1,0,Sunny,26.4,12,7,6.23,23,5.19
2025-05-31 12:30:00,Saturday,12,1,0,Sunny,29.8,15,7,4.34,27,6.08
2025-05-31 12:45:00,Saturday,12,1,0,Sunny,28.8,6,7,4.62,13,0.5
2025-05-31 13:00:00,Saturday,13,1,0,Sunny,26.2,25,7,4.98,52,19.41
2025-05-31 13:15:00,Saturday,13,1,0,Sunny,28.9,13,7,6.07,25,8.1
2025-05-31 13:30:00,Saturday,13,1,0,Sunny,28.8,13,7,4.93,25,7.8
2025-05-31 13:45:00,Saturday,13,1,0,Sunny,29.7,12,7,5.88,22,7.68
2025-05-31 14:00:00,Saturday,14,1,0,Sunny,31.8,5,7,5.08,8,0.5
2025-05-31 14:15:00,Saturday,14,1,0,Sunny,32.7,10,6,6.64,14,7.74
2025-05-31 14:30:00,Saturday,14,1,0,Cloudy,30.0,7,6,5.37,16,2.2
2025-05-31 14:45:00,Saturday,14,1,0,Sunny,29.8,6,6,6.4,9,0.5
2025-05-31 15:00:00,Saturday,15,1,0,Sunny,28.1,7,6,5.57,12,1.38
2025-05-31 15:15:00,Saturday,15,1,0,Sunny,30.3,8,6,5.56,16,8.42
2025-05-31 15:30:00,Saturday,15,1,0,Windy,31.9,7,6,5.76,12,3.04
2025-05-31 15:45:00,Saturday,15,1,0,Sunny,31.5,8,6,5.13,21,9.19
2025-05-31 16:00:00,Saturday,16,1,0,Sunny,30.0,14,7,3.56,26,0.5
2025-05-31 16:15:00,Saturday,16,1,0,Sunny,26.8,9,6,5.65,17,6.38
2025-05-31 16:30:00,Saturday,16,1,0,Sunny,30.3,19,6,6.61,42,21.23
2025-05-31 16:45:00,Saturday,16,1,0,Rainy,30.2,8,5,4.84,16,12.79
2025-05-31 17:00:00,Saturday,17,1,0,Sunny,27.9,7,6,5.77,10,1.25
2025-05-31 17:15:00,Saturday,17,1,0,Sunny,33.0,17,6,4.47,36,13.31
2025-05-31 17:30:00,Saturday,17,1,0,Sunny,29.3,18,6,7.06,32,23.2
2025-05-31 17:45:00,Saturday,17,1,0,Sunny,28.5,15,6,5.94,30,11.89
2025-05-31 18:00:00,Saturday,18,1,0,Sunny,29.9,9,7,6.39,16,4.83
2025-05-31 18:15:00,Saturday,18,1,0,Sunny,29.3,16,6,7.29,26,17.21
2025-05-31 18:30:00,Saturday,18,1,0,Sunny,26.7,25,5,5.97,49,34.72
2025-05-31 18:45:00,Saturday,18,1,0,Sunny,25.7,26,6,6.24,44,26.44
2025-05-31 19:00:00,Saturday,19,1,0,Sunny,27.0,20,6,5.07,39,18.07
2025-05-31 19:15:00,Saturday,19,1,0,Sunny,28.6,11,6,3.89,20,3.42
2025-05-31 19:30:00,Saturday,19,1,0,Sunny,30.1,16,6,6.61,29,13.94
2025-05-31 19:45:00,Saturday,19,1,0,Windy,27.5,19,6,5.23,41,15.68
2025-05-31 20:00:00,Saturday,20,1,0,Sunny,28.2,16,6,5.88,30,11.58
2025-05-31 20:15:00,Saturday,20,1,0,Sunny,30.3,11,6,4.45,20,6.86
2025-05-31 20:30:00,Saturday,20,1,0,Sunny,26.9,12,5,4.78,24,8.02
2025-05-31 20:45:00,Saturday,20,1,0,Sunny,26.6,10,5,5.07,19,9.79
2025-05-31 21:00:00,Saturday,21,1,0,Sunny,29.3,2,5,4.86,3,0.5
2025-05-31 21:15:00,Saturday,21,1,0,Sunny,31.0,11,5,5.32,23,9.45
2025-05-31 21:30:00,Saturday,21,1,0,Sunny,30.6,3,6,3.65,6,0.5
2025-05-31 21:45:00,Saturday,21,1,0,Sunny,28.7,8,4,6.14,21,12.89
2025-06-01 08:00:00,Sunday,8,1,0,Sunny,25.6,0,3,6.96,1,0.5
2025-06-01 08:15:00,Sunday,8,1,0,Sunny,30.1,2,4,4.98,5,0.5
2025-06-01 08:30:00,Sunday,8,1,0,Sunny,30.5,3,4,4.35,7,0.72
2025-06-01 08:45:00,Sunday,8,1,0,Sunny,26.4,1,3,5.42,3,0.5
2025-06-01 09:00:00,Sunday,9,1,0,Sunny,30.1,3,3,5.16,4,0.5
2025-06-01 09:15:00,Sunday,9,1,0,Sunny,32.1,3,4,5.13,8,1.99
2025-06-01 09:30:00,Sunday,9,1,0,Sunny,28.1,4,4,4.96,10,10.08
2025-06-01 09:45:00,Sunday,9,1,0,Sunny,27.9,4,4,5.74,6,4.31
2025-06-01 10:00:00,Sunday,10,1,0,Sunny,28.0,5,3,6.86,9,9.21
2025-06-01 10:15:00,Sunday,10,1,0,Sunny,29.2,6,4,4.84,10,6.33
2025-06-01 10:30:00,Sunday,10,1,0,Sunny,28.4,13,4,6.57,29,24.45
2025-06-01 10:45:00,Sunday,10,1,0,Sunny,30.1,3,3,5.18,6,8.27
2025-06-01 11:00:00,Sunday,11,1,0,Sunny,29.7,11,5,4.86,25,11.11
2025-06-01 11:15:00,Sunday,11,1,0,Sunny,28.4,8,5,6.66,13,7.18
2025-06-01 11:30:00,Sunday,11,1,0,Rainy,33.6,3,5,7.3,9,1.88
2025-06-01 11:45:00,Sunday,11,1,0,Sunny,29.6,13,5,5.13,24,10.57
2025-06-01 12:00:00,Sunday,12,1,0,Rainy,30.5,9,5,5.49,18,12.78
2025-06-01 12:15:00,Sunday,12,1,0,Sunny,30.2,13,5,5.65,26,13.45
2025-06-01 12:30:00,Sunday,12,1,0,Cloudy,30.3,18,5,5.91,28,21.51
2025-06-01 12:45:00,Sunday,12,1,0,Sunny,28.1,11,5,5.96,22,10.13
2025-06-01 13:00:00,Sunday,13,1,0,Rainy,28.1,9,5,5.53,14,7.82
2025-06-01 13:15:00,Sunday,13,1,0,Sunny,31.1,10,5,5.96,23,11.93
2025-06-01 13:30:00,Sunday,13,1,0,Sunny,30.3,7,5,5.12,16,0.98
2025-06-01 13:45:00,Sunday,13,1,0,Sunny,29.4,7,6,6.27,16,5.68
2025-06-01 14:00:00,Sunday,14,1,0,Sunny,26.9,10,5,5.8,21,9.14
2025-06-01 14:15:00,Sunday,14,1,0,Sunny,28.1,8,4,5.24,15,14.02
2025-06-01 14:30:00,Sunday,14,1,0,Sunny,32.1,7,4,5.34,9,9.11
2025-06-01 14:45:00,Sunday,14,1,0,Sunny,29.1,7,4,5.62,16,10.39
2025-06-01 15:00:00,Sunday,15,1,0,Sunny,27.8,7,5,5.68,12,4.27
2025-06-01 15:15:00,Sunday,15,1,0,Sunny,27.8,6,4,4.72,11,2.92
2025-06-01 15:30:00,Sunday,15,1,0,Sunny,27.8,9,4,6.36,19,13.01
2025-06-01 15:45:00,Sunday,15,1,0,Sunny,29.0,8,4,5.38,15,9.54
2025-06-01 16:00:00,Sunday,16,1,0,Sunny,29.7,8,4,5.15,15,7.5
2025-06-01 16:15:00,Sunday,16,1,0,Sunny,28.8,6,4,6.48,11,7.83
2025-06-01 16:30:00,Sunday,16,1,0,Sunny,30.3,10,4,5.43,15,10.51
2025-06-01 16:45:00,Sunday,16,1,0,Sunny,30.6,12,4,5.86,22,20.16
2025-06-01 17:00:00,Sunday,17,1,0,Sunny,31.0,12,5,7.64,20,14.86
2025-06-01 17:15:00,Sunday,17,1,0,Sunny,29.4,17,4,7.42,30,29.4
2025-06-01 17:30:00,Sunday,17,1,0,Sunny,26.0,17,4,6.02,26,27.99
2025-06-01 17:45:00,Sunday,17,1,0,Sunny,30.0,17,4,4.68,35,19.83
2025-06-01 18:00:00,Sunday,18,1,0,Sunny,30.5,16,4,5.78,33,26.84
2025-06-01 18:15:00,Sunday,18,1,0,Sunny,29.5,14,4,6.22,20,17.25
2025-06-01 18:30:00,Sunday,18,1,0,Sunny,30.6,11,4,6.73,18,15.12
2025-06-01 18:45:00,Sunday,18,1,0,Sunny,29.4,11,4,6.81,24,16.61
2025-06-01 19:00:00,Sunday,19,1,0,Sunny,28.1,21,4,5.31,39,26.93
2025-06-01 19:15:00,Sunday,19,1,0,Sunny,30.7,16,4,6.33,33,23.24
2025-06-01 19:30:00,Sunday,19,1,0,Sunny,31.0,16,4,6.56,33,30.83
2025-06-01 19:45:00,Sunday,19,1,0,Cloudy,27.9,13,3,4.7,24,23.61
2025-06-01 20:00:00,Sunday,20,1,0,Sunny,28.2,13,5,6.0,22,11.96
2025-06-01 20:15:00,Sunday,20,1,0,Sunny,28.6,15,3,6.84,31,37.07
2025-06-01 20:30:00,Sunday,20,1,0,Sunny,30.3,10,3,5.76,24,19.36
2025-06-01 20:45:00,Sunday,20,1,0,Sunny,28.4,11,3,6.61,22,27.35
2025-06-01 21:00:00,Sunday,21,1,0,Rainy,27.3,3,3,6.61,3,9.84
2025-06-01 21:15:00,Sunday,21,1,0,Sunny,28.5,9,3,6.53,17,15.32
2025-06-01 21:30:00,Sunday,21,1,0,Sunny,29.0,8,3,6.49,12,20.68
2025-06-01 21:45:00,Sunday,21,1,0,Sunny,28.8,8,3,6.61,17,17.31
2025-06-02 08:00:00,Monday,8,0,0,Sunny,22.3,2,2,4.44,4,0.5
2025-06-02 08:15:00,Monday,8,0,0,Cloudy,23.4,1,2,4.45,4,0.5
2025-06-02 08:30:00,Monday,8,0,0,Cloudy,21.1,2,2,4.74,0,4.04
2025-06-02 08:45:00,Monday,8,0,0,Cloudy,21.8,4,2,4.02,8,6.74
2025-06-02 09:00:00,Monday,9,0,0,Cloudy,23.0,2,3,4.38,6,0.5
2025-06-02 09:15:00,Monday,9,0,0,Cloudy,23.5,4,3,7.02,8,6.54
2025-06-02 09:30:00,Monday,9,0,0,Cloudy,24.6,0,3,5.19,2,0.5
2025-06-02 09:45:00,Monday,9,0,0,Cloudy,21.4,2,3,5.9,4,0.5
2025-06-02 10:00:00,Monday,10,0,0,Cloudy,25.5,5,2,4.3,11,10.87
2025-06-02 10:15:00,Monday,10,0,0,Cloudy,22.4,1,3,5.91,0,0.5
2025-06-02 10:30:00,Monday,10,0,0,Cloudy,22.5,7,3,6.12,14,10.61
2025-06-02 10:45:00,Monday,10,0,0,Cloudy,24.5,8,2,7.84,12,31.41
2025-06-02 11:00:00,Monday,11,0,0,Cloudy,20.1,5,4,4.75,7,6.08
2025-06-02 11:15:00,Monday,11,0,0,Cloudy,22.6,7,4,6.28,11,9.46
2025-06-02 11:30:00,Monday,11,0,0,Cloudy,24.2,5,4,6.04,12,2.64
2025-06-02 11:45:00,Monday,11,0,0,Cloudy,20.8,9,4,7.0,20,15.06
2025-06-02 12:00:00,Monday,12,0,0,Cloudy,25.6,13,4,6.03,25,17.74
2025-06-02 12:15:00,Monday,12,0,0,Cloudy,23.4,11,4,5.79,22,11.46
2025-06-02 12:30:00,Monday,12,0,0,Cloudy,24.7,16,4,5.2,32,19.09
2025-06-02 12:45:00,Monday,12,0,0,Cloudy,26.2,13,3,6.24,24,24.54
2025-06-02 13:00:00,Monday,13,0,0,Cloudy,21.5,11,4,5.02,21,16.88
2025-06-02 13:15:00,Monday,13,0,0,Cloudy,23.9,5,4,6.95,9,4.78
2025-06-02 13:30:00,Monday,13,0,0,Cloudy,25.0,4,4,6.52,6,7.86
2025-06-02 13:45:00,Monday,13,0,0,Cloudy,23.8,7,4,5.68,16,6.68
2025-06-02 14:00:00,Monday,14,0,0,Cloudy,24.3,7,4,5.19,13,7.82
2025-06-02 14:15:00,Monday,14,0,0,Cloudy,25.0,5,3,5.63,7,5.38
2025-06-02 14:30:00,Monday,14,0,0,Cloudy,24.6,6,4,6.72,10,4.59
2025-06-02 14:45:00,Monday,14,0,0,Cloudy,22.5,1,3,5.6,4,0.5
2025-06-02 15:00:00,Monday,15,0,0,Cloudy,23.9,4,3,5.37,4,7.58
2025-06-02 15:15:00,Monday,15,0,0,Cloudy,23.8,7,3,4.5,14,16.35
2025-06-02 15:30:00,Monday,15,0,0,Cloudy,21.0,4,4,4.56,11,2.13
2025-06-02 15:45:00,Monday,15,0,0,Cloudy,21.9,3,3,7.38,7,0.79
2025-06-02 16:00:00,Monday,16,0,0,Cloudy,23.3,4,3,3.37,9,1.57
2025-06-02 16:15:00,Monday,16,0,0,Cloudy,22.3,13,3,6.05,21,29.48
2025-06-02 16:30:00,Monday,16,0,0,Sunny,23.1,4,3,4.81,8,5.64
2025-06-02 16:45:00,Monday,16,0,0,Cloudy,23.2,7,3,5.94,13,10.44
2025-06-02 17:00:00,Monday,17,0,0,Cloudy,23.6,12,3,6.43,24,23.46
2025-06-02 17:15:00,Monday,17,0,0,Cloudy,24.1,5,3,5.19,9,2.02
2025-06-02 17:30:00,Monday,17,0,0,Cloudy,24.4,14,3,7.72,25,35.27
2025-06-02 17:45:00,Monday,17,0,0,Cloudy,22.0,12,4,5.01,24,13.78
2025-06-02 18:00:00,Monday,18,0,0,Cloudy,22.1,14,3,6.47,26,28.01
2025-06-02 18:15:00,Monday,18,0,0,Cloudy,23.5,16,2,8.12,32,65.28
2025-06-02 18:30:00,Monday,18,0,0,Cloudy,23.3,17,3,6.44,24,39.78
2025-06-02 18:45:00,Monday,18,0,0,Cloudy,25.0,12,3,5.62,26,20.09
2025-06-02 19:00:00,Monday,19,0,0,Cloudy,23.1,13,4,6.65,27,24.16
2025-06-02 19:15:00,Monday,19,0,0,Cloudy,22.3,12,3,6.34,18,20.65
2025-06-02 19:30:00,Monday,19,0,0,Cloudy,22.8,5,3,4.98,8,4.86
2025-06-02 19:45:00,Monday,19,0,0,Cloudy,21.2,9,3,5.13,14,12.31
2025-06-02 20:00:00,Monday,20,0,0,Cloudy,20.3,8,3,5.26,18,10.57
2025-06-02 20:15:00,Monday,20,0,0,Cloudy,21.5,16,1,10.68,28,177.5
2025-06-02 20:30:00,Monday,20,0,0,Cloudy,21.0,7,2,5.34,16,18.94
2025-06-02 20:45:00,Monday,20,0,0,Cloudy,22.7,5,1,6.07,11,26.45
2025-06-02 21:00:00,Monday,21,0,0,Cloudy,22.0,3,2,5.07,7,4.71
2025-06-02 21:15:00,Monday,21,0,0,Cloudy,20.3,4,1,6.6,8,28.14
2025-06-02 21:30:00,Monday,21,0,0,Cloudy,23.9,2,2,5.4,7,6.81
2025-06-02 21:45:00,Monday,21,0,0,Cloudy,24.0,4,2,6.62,10,9.65
2025-06-03 08:00:00,Tuesday,8,0,0,Rainy,19.7,3,3,5.05,8,5.76
2025-06-03 08:15:00,Tuesday,8,0,0,Rainy,18.0,1,3,4.54,6,0.5
2025-06-03 08:30:00,Tuesday,8,0,0,Rainy,16.8,1,4,4.86,0,0.5
2025-06-03 08:45:00,Tuesday,8,0,0,Rainy,18.9,1,3,5.32,2,0.5
2025-06-03 09:00:00,Tuesday,9,0,0,Stormy,16.3,4,4,4.87,7,1.06
2025-06-03 09:15:00,Tuesday,9,0,0,Rainy,15.3,1,4,5.64,1,0.56
2025-06-03 09:30:00,Tuesday,9,0,0,Rainy,20.1,0,4,6.89,3,0.5
2025-06-03 09:45:00,Tuesday,9,0,0,Rainy,16.5,0,4,7.04,0,1.23
2025-06-03 10:00:00,Tuesday,10,0,0,Rainy,15.7,2,3,6.32,4,2.8
2025-06-03 10:15:00,Tuesday,10,0,0,Rainy,18.6,0,4,4.34,0,0.5
2025-06-03 10:30:00,Tuesday,10,0,0,Rainy,18.0,8,5,5.96,17,7.58
2025-06-03 10:45:00,Tuesday,10,0,0,Rainy,16.5,0,4,6.95,0,0.5
2025-06-03 11:00:00,Tuesday,11,0,0,Rainy,17.5,2,5,6.12,5,0.5
2025-06-03 11:15:00,Tuesday,11,0,0,Rainy,20.6,5,5,6.09,5,2.38
2025-06-03 11:30:00,Tuesday,11,0,0,Rainy,17.7,2,5,5.61,0,0.5
2025-06-03 11:45:00,Tuesday,11,0,0,Rainy,19.4,5,5,5.63,9,2.22
2025-06-03 12:00:00,Tuesday,12,0,0,Rainy,19.6,8,4,5.78,15,11.16
2025-06-03 12:15:00,Tuesday,12,0,0,Rainy,16.3,6,5,5.69,11,4.15
2025-06-03 12:30:00,Tuesday,12,0,0,Rainy,19.6,5,5,4.1,10,2.26
2025-06-03 12:45:00,Tuesday,12,0,0,Rainy,17.6,7,5,6.18,13,8.5
2025-06-03 13:00:00,Tuesday,13,0,0,Rainy,20.5,7,5,5.57,15,6.49
2025-06-03 13:15:00,Tuesday,13,0,0,Rainy,17.2,9,4,5.43,15,13.69
2025-06-03 13:30:00,Tuesday,13,0,0,Rainy,19.4,7,5,5.67,12,2.55
2025-06-03 13:45:00,Tuesday,13,0,0,Rainy,20.8,8,5,5.94,15,8.3
2025-06-03 14:00:00,Tuesday,14,0,0,Rainy,19.2,4,5,6.24,11,1.82
2025-06-03 14:15:00,Tuesday,14,0,0,Rainy,19.9,3,4,5.26,5,1.92
2025-06-03 14:30:00,Tuesday,14,0,0,Rainy,18.7,4,5,5.58,12,2.39
2025-06-03 14:45:00,Tuesday,14,0,0,Rainy,19.3,0,4,5.66,0,0.5
2025-06-03 15:00:00,Tuesday,15,0,0,Rainy,19.3,1,4,4.53,2,0.5
2025-06-03 15:15:00,Tuesday,15,0,0,Rainy,16.9,6,5,5.05,12,4.48
2025-06-03 15:30:00,Tuesday,15,0,0,Rainy,19.8,3,5,5.5,4,0.5
2025-06-03 15:45:00,Tuesday,15,0,0,Rainy,17.5,2,4,6.02,3,1.4
2025-06-03 16:00:00,Tuesday,16,0,0,Rainy,18.4,6,4,3.99,14,4.21
2025-06-03 16:15:00,Tuesday,16,0,0,Rainy,18.9,7,4,6.36,11,10.04
2025-06-03 16:30:00,Tuesday,16,0,0,Rainy,18.4,7,3,5.97,11,14.49
2025-06-03 16:45:00,Tuesday,16,0,0,Rainy,16.3,5,4,4.73,8,1.43
2025-06-03 17:00:00,Tuesday,17,0,0,Rainy,19.3,3,4,5.11,6,0.63
2025-06-03 17:15:00,Tuesday,17,0,0,Rainy,16.4,7,4,6.38,13,10.57
2025-06-03 17:30:00,Tuesday,17,0,0,Rainy,18.2,8,4,6.74,17,17.08
2025-06-03 17:45:00,Tuesday,17,0,0,Rainy,20.1,7,3,5.98,15,11.44
2025-06-03 18:00:00,Tuesday,18,0,0,Rainy,15.5,7,4,5.0,12,10.09
2025-06-03 18:15:00,Tuesday,18,0,0,Rainy,21.5,10,5,5.85,22,6.54
2025-06-03 18:30:00,Tuesday,18,0,0,Rainy,19.9,8,4,5.62,12,14.81
2025-06-03 18:45:00,Tuesday,18,0,0,Rainy,19.0,12,4,5.64,21,14.9
2025-06-03 19:00:00,Tuesday,19,0,0,Rainy,18.8,8,4,5.49,17,11.5
2025-06-03 19:15:00,Tuesday,19,0,0,Rainy,18.0,7,5,4.83,11,0.5
2025-06-03 19:30:00,Tuesday,19,0,0,Rainy,19.0,7,3,6.71,15,16.65
2025-06-03 19:45:00,Tuesday,19,0,0,Rainy,19.9,4,3,5.7,5,9.31
2025-06-03 20:00:00,Tuesday,20,0,0,Rainy,18.3,13,5,4.42,18,11.18
2025-06-03 20:15:00,Tuesday,20,0,0,Rainy,18.6,8,3,4.72,13,12.4
2025-06-03 20:30:00,Tuesday,20,0,0,Rainy,21.1,5,3,6.83,8,10.7
2025-06-03 20:45:00,Tuesday,20,0,0,Rainy,17.5,6,3,5.01,17,10.1
2025-06-03 21:00:00,Tuesday,21,0,0,Rainy,18.3,4,3,5.25,8,4.83
2025-06-03 21:15:00,Tuesday,21,0,0,Rainy,16.3,4,3,6.14,2,4.23
2025-06-03 21:30:00,Tuesday,21,0,0,Rainy,16.0,3,3,6.0,3,8.38
2025-06-03 21:45:00,Tuesday,21,0,0,Sunny,16.4,5,3,5.76,12,8.4
2025-06-04 08:00:00,Wednesday,8,0,0,Sunny,35.8,1,2,5.74,4,1.24
2025-06-04 08:15:00,Wednesday,8,0,0,Sunny,34.5,2,1,5.07,6,11.95
2025-06-04 08:30:00,Wednesday,8,0,0,Sunny,31.0,2,2,5.85,1,5.0
2025-06-04 08:45:00,Wednesday,8,0,0,Sunny,32.7,3,2,5.93,7,6.85
2025-06-04 09:00:00,Wednesday,9,0,0,Sunny,31.6,2,3,7.75,3,0.5
2025-06-04 09:15:00,Wednesday,9,0,0,Sunny,34.6,3,2,5.61,6,8.41
2025-06-04 09:30:00,Wednesday,9,0,0,Sunny,35.0,2,3,5.48,1,0.5
2025-06-04 09:45:00,Wednesday,9,0,0,Sunny,35.2,6,3,6.1,12,5.51
2025-06-04 10:00:00,Wednesday,10,0,0,Sunny,31.6,3,3,6.42,3,4.07
2025-06-04 10:15:00,Wednesday,10,0,0,Sunny,33.3,6,3,5.21,10,11.62
2025-06-04 10:30:00,Wednesday,10,0,0,Sunny,33.5,5,2,5.21,11,9.62
2025-06-04 10:45:00,Wednesday,10,0,0,Sunny,36.0,8,3,6.38,15,14.68
2025-06-04 11:00:00,Wednesday,11,0,0,Sunny,32.4,6,4,6.04,15,5.71
2025-06-04 11:15:00,Wednesday,11,0,0,Sunny,35.7,9,4,6.57,10,9.32
2025-06-04 11:30:00,Wednesday,11,0,0,Sunny,30.2,11,4,7.65,22,16.59
2025-06-04 11:45:00,Wednesday,11,0,0,Sunny,33.9,10,3,7.27,18,25.68
2025-06-04 12:00:00,Wednesday,12,0,0,Sunny,34.6,9,4,4.17,21,5.22
2025-06-04 12:15:00,Wednesday,12,0,0,Sunny,35.0,10,3,5.36,15,15.87
2025-06-04 12:30:00,Wednesday,12,0,0,Sunny,32.7,11,4,3.98,19,4.96
2025-06-04 12:45:00,Wednesday,12,0,0,Sunny,33.5,9,4,5.55,19,9.72
2025-06-04 13:00:00,Wednesday,13,0,0,Sunny,34.7,11,4,5.29,21,13.36
2025-06-04 13:15:00,Wednesday,13,0,0,Sunny,34.8,11,4,5.81,20,14.29
2025-06-04 13:30:00,Wednesday,13,0,0,Sunny,33.9,9,3,5.88,16,17.99
2025-06-04 13:45:00,Wednesday,13,0,0,Sunny,31.7,7,4,5.66,15,5.21
2025-06-04 14:00:00,Wednesday,14,0,0,Sunny,34.5,5,4,5.06,10,2.11
2025-06-04 14:15:00,Wednesday,14,0,0,Sunny,33.9,5,2,6.77,12,17.32
2025-06-04 14:30:00,Wednesday,14,0,0,Sunny,35.0,6,3,5.16,9,14.27
2025-06-04 14:45:00,Wednesday,14,0,0,Sunny,38.0,4,3,5.84,3,1.89
2025-06-04 15:00:00,Wednesday,15,0,0,Sunny,34.8,4,3,6.32,7,8.56
2025-06-04 15:15:00,Wednesday,15,0,0,Sunny,36.5,1,3,5.64,1,5.95
2025-06-04 15:30:00,Wednesday,15,0,0,Sunny,33.0,5,3,4.73,5,3.67
2025-06-04 15:45:00,Wednesday,15,0,0,Sunny,33.1,5,3,5.14,12,12.25
2025-06-04 16:00:00,Wednesday,16,0,0,Sunny,34.3,11,2,5.74,20,32.05
2025-06-04 16:15:00,Wednesday,16,0,0,Sunny,34.5,6,3,5.53,9,6.05
2025-06-04 16:30:00,Wednesday,16,0,0,Sunny,34.9,12,3,5.85,20,23.28
2025-06-04 16:45:00,Wednesday,16,0,0,Sunny,34.2,5,3,5.69,9,5.21
2025-06-04 17:00:00,Wednesday,17,0,0,Sunny,36.1,4,2,4.9,6,8.72
2025-06-04 17:15:00,Wednesday,17,0,0,Sunny,37.7,5,3,5.94,9,8.49
2025-06-04 17:30:00,Wednesday,17,0,0,Sunny,32.3,12,3,6.88,21,27.46
2025-06-04 17:45:00,Wednesday,17,0,0,Sunny,36.0,8,3,7.56,14,17.51
2025-06-04 18:00:00,Wednesday,18,0,0,Sunny,33.1,11,3,6.74,17,16.94
2025-06-04 18:15:00,Wednesday,18,0,0,Sunny,34.1,11,4,5.46,21,17.45
2025-06-04 18:30:00,Wednesday,18,0,0,Sunny,33.6,10,2,5.45,15,33.3
2025-06-04 18:45:00,Wednesday,18,0,0,Sunny,32.4,19,3,6.56,33,40.6
2025-06-04 19:00:00,Wednesday,19,0,0,Sunny,32.2,18,3,7.3,35,43.99
2025-06-04 19:15:00,Wednesday,19,0,0,Sunny,32.6,12,3,7.56,16,28.62
2025-06-04 19:30:00,Wednesday,19,0,0,Sunny,34.8,18,3,6.54,31,40.02
2025-06-04 19:45:00,Wednesday,19,0,0,Sunny,33.6,14,3,6.29,25,28.1
2025-06-04 20:00:00,Wednesday,20,0,0,Sunny,32.0,5,3,5.86,12,7.83
2025-06-04 20:15:00,Wednesday,20,0,0,Sunny,35.6,7,2,6.63,13,24.18
2025-06-04 20:30:00,Wednesday,20,0,0,Sunny,30.5,8,2,7.26,12,27.17
2025-06-04 20:45:00,Wednesday,20,0,0,Sunny,32.1,5,2,6.26,12,16.02
2025-06-04 21:00:00,Wednesday,21,0,0,Sunny,31.2,3,2,5.74,6,6.9
2025-06-04 21:15:00,Wednesday,21,0,0,Sunny,31.8,1,2,3.72,3,0.5
2025-06-04 21:30:00,Wednesday,21,0,0,Sunny,33.8,5,2,5.55,11,14.37
2025-06-04 21:45:00,Wednesday,21,0,0,Sunny,35.8,4,1,6.66,8,29.33
2025-06-05 08:00:00,Thursday,8,0,0,Sunny,36.0,5,4,8.0,10,5.56
2025-06-05 08:15:00,Thursday,8,0,0,Sunny,35.2,0,4,5.3,0,0.5
2025-06-05 08:30:00,Thursday,8,0,0,Windy,33.5,2,4,3.94,3,0.63
2025-06-05 08:45:00,Thursday,8,0,0,Sunny,36.0,3,4,5.46,5,0.5
2025-06-05 09:00:00,Thursday,9,0,0,Sunny,34.0,0,5,4.93,2,0.5
2025-06-05 09:15:00,Thursday,9,0,0,Sunny,34.6,2,5,4.62,6,0.5
2025-06-05 09:30:00,Thursday,9,0,0,Sunny,35.8,1,5,4.65,2,0.5
2025-06-05 09:45:00,Thursday,9,0,0,Sunny,33.4,4,5,4.18,7,0.5
2025-06-05 10:00:00,Thursday,10,0,0,Sunny,35.5,2,5,5.95,3,0.5
2025-06-05 10:15:00,Thursday,10,0,0,Sunny,35.1,4,5,5.88,9,2.96
2025-06-05 10:30:00,Thursday,10,0,0,Sunny,36.1,4,4,5.89,13,11.88
2025-06-05 10:45:00,Thursday,10,0,0,Sunny,36.4,5,5,4.98,7,0.5
2025-06-05 11:00:00,Thursday,11,0,0,Sunny,33.6,3,6,5.47,7,0.5
2025-06-05 11:15:00,Thursday,11,0,0,Sunny,33.7,6,7,6.27,14,1.07
2025-06-05 11:30:00,Thursday,11,0,0,Sunny,34.0,6,6,4.71,15,2.09
2025-06-05 11:45:00,Thursday,11,0,0,Sunny,35.0,11,6,5.79,25,10.87
2025-06-05 12:00:00,Thursday,12,0,0,Sunny,31.7,9,6,5.03,15,2.25
2025-06-05 12:15:00,Thursday,12,0,0,Sunny,33.7,11,6,4.91,21,3.63
2025-06-05 12:30:00,Thursday,12,0,0,Sunny,33.2,7,6,5.24,13,1.39
2025-06-05 12:45:00,Thursday,12,0,0,Sunny,37.0,9,6,5.65,15,5.92
2025-06-05 13:00:00,Thursday,13,0,0,Sunny,34.1,9,6,6.47,15,5.97
2025-06-05 13:15:00,Thursday,13,0,0,Sunny,35.9,8,5,5.62,19,7.75
2025-06-05 13:30:00,Thursday,13,0,0,Sunny,34.5,7,5,6.58,17,9.6
2025-06-05 13:45:00,Thursday,13,0,0,Sunny,31.1,15,6,7.08,30,8.06
2025-06-05 14:00:00,Thursday,14,0,0,Sunny,37.7,11,5,5.11,18,12.18
2025-06-05 14:15:00,Thursday,14,0,0,Sunny,36.7,4,5,5.74,9,0.58
2025-06-05 14:30:00,Thursday,14,0,0,Sunny,33.8,6,4,5.77,9,8.28
2025-06-05 14:45:00,Thursday,14,0,0,Sunny,35.0,8,5,6.2,15,3.66
2025-06-05 15:00:00,Thursday,15,0,0,Sunny,33.9,2,5,4.77,4,0.5
2025-06-05 15:15:00,Thursday,15,0,0,Sunny,35.3,1,5,4.93,3,0.5
2025-06-05 15:30:00,Thursday,15,0,0,Sunny,33.9,5,5,4.1,7,0.5
2025-06-05 15:45:00,Thursday,15,0,0,Sunny,32.6,3,5,5.87,4,0.5
2025-06-05 16:00:00,Thursday,16,0,0,Sunny,36.9,5,5,5.48,8,5.97
2025-06-05 16:15:00,Thursday,16,0,0,Sunny,36.6,2,6,3.58,3,0.5
2025-06-05 16:30:00,Thursday,16,0,0,Sunny,35.1,9,6,6.29,21,2.47
2025-06-05 16:45:00,Thursday,16,0,0,Sunny,35.3,9,6,7.55,17,5.95
2025-06-05 17:00:00,Thursday,17,0,0,Sunny,34.2,12,5,3.96,24,9.34
2025-06-05 17:15:00,Thursday,17,0,0,Sunny,35.3,7,5,5.21,15,3.49
2025-06-05 17:30:00,Thursday,17,0,0,Sunny,33.9,8,5,4.92,18,5.26
2025-06-05 17:45:00,Thursday,17,0,0,Sunny,35.0,14,5,6.03,27,14.14
2025-06-05 18:00:00,Thursday,18,0,0,Sunny,34.6,15,4,4.97,33,17.9
2025-06-05 18:15:00,Thursday,18,0,0,Sunny,31.6,16,5,6.73,31,17.41
2025-06-05 18:30:00,Thursday,18,0,0,Sunny,33.0,14,5,6.37,22,15.67
2025-06-05 18:45:00,Thursday,18,0,0,Sunny,32.7,11,5,6.17,19,12.88
2025-06-05 19:00:00,Thursday,19,0,0,Sunny,36.0,16,5,4.76,29,17.21
2025-06-05 19:15:00,Thursday,19,0,0,Sunny,34.9,12,5,5.7,21,7.52
2025-06-05 19:30:00,Thursday,19,0,0,Sunny,32.6,10,5,3.28,23,9.09
2025-06-05 19:45:00,Thursday,19,0,0,Sunny,33.5,11,5,6.51,19,12.45
2025-06-05 20:00:00,Thursday,20,0,0,Sunny,35.0,10,4,5.92,16,8.28
2025-06-05 20:15:00,Thursday,20,0,0,Windy,32.5,10,4,6.32,25,18.05
2025-06-05 20:30:00,Thursday,20,0,0,Sunny,36.8,9,4,6.62,15,8.37
2025-06-05 20:45:00,Thursday,20,0,0,Sunny,35.5,4,5,5.23,6,0.5
2025-06-05 21:00:00,Thursday,21,0,0,Sunny,34.2,4,4,6.13,6,3.03
2025-06-05 21:15:00,Thursday,21,0,0,Sunny,32.3,11,3,5.07,25,18.89
2025-06-05 21:30:00,Thursday,21,0,0,Sunny,34.5,4,4,5.32,8,2.56
2025-06-05 21:45:00,Thursday,21,0,0,Sunny,34.0,5,4,4.42,6,0.5
2025-06-06 08:00:00,Friday,8,0,0,Stormy,13.0,0,2,6.57,0,6.15
2025-06-06 08:15:00,Friday,8,0,0,Stormy,15.3,1,3,5.0,4,0.96
2025-06-06 08:30:00,Friday,8,0,0,Stormy,15.1,3,2,5.15,5,6.11
2025-06-06 08:45:00,Friday,8,0,0,Stormy,15.5,2,1,4.91,5,15.96
2025-06-06 09:00:00,Friday,9,0,0,Stormy,16.9,0,4,5.87,0,0.5
2025-06-06 09:15:00,Friday,9,0,0,Stormy,14.7,0,3,5.6,1,0.5
2025-06-06 09:30:00,Friday,9,0,0,Stormy,12.4,2,3,5.46,4,4.55
2025-06-06 09:45:00,Friday,9,0,0,Stormy,14.1,1,2,6.46,0,2.22
2025-06-06 10:00:00,Friday,10,0,0,Stormy,14.5,2,3,5.28,0,3.49
2025-06-06 10:15:00,Friday,10,0,0,Cloudy,14.1,3,3,4.37,7,0.5
2025-06-06 10:30:00,Friday,10,0,0,Stormy,17.2,3,3,7.43,4,8.37
2025-06-06 10:45:00,Friday,10,0,0,Stormy,16.6,2,3,6.04,4,5.05
2025-06-06 11:00:00,Friday,11,0,0,Rainy,16.7,3,5,5.11,5,4.06
2025-06-06 11:15:00,Friday,11,0,0,Stormy,13.9,2,4,4.81,0,0.5
2025-06-06 11:30:00,Friday,11,0,0,Stormy,15.6,5,4,6.66,5,6.72
2025-06-06 11:45:00,Friday,11,0,0,Stormy,14.3,9,4,7.24,20,17.63
2025-06-06 12:00:00,Friday,12,0,0,Stormy,13.8,8,4,7.02,14,11.47
2025-06-06 12:15:00,Friday,12,0,0,Stormy,13.5,6,4,6.34,10,11.71
2025-06-06 12:30:00,Friday,12,0,0,Cloudy,12.9,9,4,4.74,20,10.39
2025-06-06 12:45:00,Friday,12,0,0,Stormy,15.4,9,5,6.0,16,5.47
2025-06-06 13:00:00,Friday,13,0,0,Stormy,13.8,8,4,5.77,16,13.04
2025-06-06 13:15:00,Friday,13,0,0,Rainy,15.5,5,4,5.16,8,6.79
2025-06-06 13:30:00,Friday,13,0,0,Stormy,17.9,5,4,5.48,9,3.84
2025-06-06 13:45:00,Friday,13,0,0,Stormy,13.1,4,4,5.08,9,1.86
2025-06-06 14:00:00,Friday,14,0,0,Stormy,16.0,7,4,5.23,11,7.49
2025-06-06 14:15:00,Friday,14,0,0,Stormy,16.2,2,3,6.3,6,3.19
2025-06-06 14:30:00,Friday,14,0,0,Stormy,15.3,4,4,4.86,10,3.15
2025-06-06 14:45:00,Friday,14,0,0,Stormy,13.4,4,2,6.09,10,11.69
2025-06-06 15:00:00,Friday,15,0,0,Stormy,16.3,5,3,4.37,13,8.71
2025-06-06 15:15:00,Friday,15,0,0,Stormy,16.5,4,3,6.23,7,12.08
2025-06-06 15:30:00,Friday,15,0,0,Stormy,16.9,5,3,6.05,14,8.57
2025-06-06 15:45:00,Friday,15,0,0,Stormy,17.5,5,3,5.84,10,9.07
2025-06-06 16:00:00,Friday,16,0,0,Stormy,15.8,1,3,6.44,1,2.19
2025-06-06 16:15:00,Friday,16,0,0,Stormy,13.5,9,3,5.22,18,16.82
2025-06-06 16:30:00,Friday,16,0,0,Stormy,19.4,7,3,5.68,12,17.57
2025-06-06 16:45:00,Friday,16,0,0,Stormy,17.3,8,3,5.58,13,19.62
2025-06-06 17:00:00,Friday,17,0,0,Stormy,14.9,6,3,6.43,15,13.77
2025-06-06 17:15:00,Friday,17,0,0,Stormy,14.8,9,3,6.81,16,20.53
2025-06-06 17:30:00,Friday,17,0,0,Stormy,15.4,7,3,5.42,12,10.02
2025-06-06 17:45:00,Friday,17,0,0,Stormy,15.2,8,3,6.16,14,17.15
2025-06-06 18:00:00,Friday,18,0,0,Cloudy,14.4,16,3,7.02,27,37.04
2025-06-06 18:15:00,Friday,18,0,0,Cloudy,14.1,12,2,7.12,22,44.01
2025-06-06 18:30:00,Friday,18,0,0,Stormy,12.9,8,2,6.78,13,29.54
2025-06-06 18:45:00,Friday,18,0,0,Stormy,14.6,8,2,6.92,17,31.58
2025-06-06 19:00:00,Friday,19,0,0,Stormy,14.2,4,3,5.13,9,7.63
2025-06-06 19:15:00,Friday,19,0,0,Stormy,17.8,5,2,6.66,11,17.74
2025-06-06 19:30:00,Friday,19,0,0,Stormy,17.8,6,3,6.24,13,12.28
2025-06-06 19:45:00,Friday,19,0,0,Stormy,15.0,6,3,6.91,13,17.46
2025-06-06 20:00:00,Friday,20,0,0,Stormy,13.1,9,3,7.02,20,17.97
2025-06-06 20:15:00,Friday,20,0,0,Sunny,18.2,14,2,6.86,28,50.49
2025-06-06 20:30:00,Friday,20,0,0,Stormy,15.7,3,2,6.88,8,8.35
2025-06-06 20:45:00,Friday,20,0,0,Stormy,15.2,9,2,7.09,21,30.46
2025-06-06 21:00:00,Friday,21,0,0,Stormy,12.9,4,1,7.87,4,32.5
2025-06-06 21:15:00,Friday,21,0,0,Stormy,14.3,3,3,5.61,6,1.38
2025-06-06 21:30:00,Friday,21,0,0,Stormy,13.0,2,2,6.2,3,9.23
2025-06-06 21:45:00,Friday,21,0,0,Stormy,14.6,4,2,5.32,9,5.8
2025-06-07 08:00:00,Saturday,8,1,0,Rainy,20.3,2,5,5.83,7,3.7
2025-06-07 08:15:00,Saturday,8,1,0,Rainy,20.5,1,5,5.81,0,2.03
2025-06-07 08:30:00,Saturday,8,1,0,Rainy,19.1,1,5,3.93,0,0.5
2025-06-07 08:45:00,Saturday,8,1,0,Rainy,16.9,4,6,5.97,8,0.81
2025-06-07 09:00:00,Saturday,9,1,0,Rainy,17.5,3,7,5.59,6,0.5
2025-06-07 09:15:00,Saturday,9,1,0,Rainy,20.3,6,6,6.03,14,2.83
2025-06-07 09:30:00,Saturday,9,1,0,Rainy,22.6,4,7,4.99,5,0.5
2025-06-07 09:45:00,Saturday,9,1,0,Rainy,18.1,7,5,6.32,12,5.37
2025-06-07 10:00:00,Saturday,10,1,0,Rainy,20.8,2,6,6.23,4,0.5
2025-06-07 10:15:00,Saturday,10,1,0,Rainy,21.0,5,6,6.27,13,4.91
2025-06-07 10:30:00,Saturday,10,1,0,Rainy,18.5,7,6,7.5,6,4.49
2025-06-07 10:45:00,Saturday,10,1,0,Rainy,21.1,3,6,3.97,5,0.5
2025-06-07 11:00:00,Saturday,11,1,0,Rainy,19.4,5,7,6.24,9,1.76
2025-06-07 11:15:00,Saturday,11,1,0,Rainy,20.1,8,7,4.41,16,0.5
2025-06-07 11:30:00,Saturday,11,1,0,Rainy,18.8,13,7,6.2,26,12.96
2025-06-07 11:45:00,Saturday,11,1,0,Rainy,17.9,8,8,5.57,17,0.5
2025-06-07 12:00:00,Saturday,12,1,0,Rainy,19.0,7,7,4.79,15,0.5
2025-06-07 12:15:00,Saturday,12,1,0,Rainy,20.8,15,7,6.53,29,13.58
2025-06-07 12:30:00,Saturday,12,1,0,Rainy,20.7,14,7,5.83,27,11.62
2025-06-07 12:45:00,Saturday,12,1,0,Rainy,21.2,13,6,5.28,23,10.64
2025-06-07 13:00:00,Saturday,13,1,0,Rainy,17.9,8,7,4.49,18,0.5
2025-06-07 13:15:00,Saturday,13,1,0,Rainy,18.6,11,7,5.63,19,9.37
2025-06-07 13:30:00,Saturday,13,1,0,Rainy,18.7,11,7,5.53,22,7.72
2025-06-07 13:45:00,Saturday,13,1,0,Rainy,20.6,9,7,4.82,19,5.64
2025-06-07 14:00:00,Saturday,14,1,0,Rainy,21.4,6,7,6.86,12,1.76
2025-06-07 14:15:00,Saturday,14,1,0,Rainy,19.9,2,6,6.4,5,0.5
2025-06-07 14:30:00,Saturday,14,1,0,Rainy,19.0,9,5,5.38,19,5.06
2025-06-07 14:45:00,Saturday,14,1,0,Rainy,21.9,7,6,6.09,13,6.56
2025-06-07 15:00:00,Saturday,15,1,0,Rainy,18.2,6,7,4.72,13,0.5
2025-06-07 15:15:00,Saturday,15,1,0,Rainy,19.6,4,6,4.63,8,2.9
2025-06-07 15:30:00,Saturday,15,1,0,Rainy,20.4,4,6,5.52,11,0.5
2025-06-07 15:45:00,Saturday,15,1,0,Rainy,17.7,7,6,4.7,14,5.24
2025-06-07 16:00:00,Saturday,16,1,0,Rainy,20.1,4,5,6.77,6,2.95
2025-06-07 16:15:00,Saturday,16,1,0,Rainy,18.5,7,6,4.94,14,4.0
2025-06-07 16:30:00,Saturday,16,1,0,Rainy,19.9,4,6,4.71,6,2.08
2025-06-07 16:45:00,Saturday,16,1,0,Rainy,21.9,16,6,6.0,27,16.9
2025-06-07 17:00:00,Saturday,17,1,0,Rainy,18.8,7,6,5.96,10,7.26
2025-06-07 17:15:00,Saturday,17,1,0,Rainy,21.1,15,6,5.82,28,9.58
2025-06-07 17:30:00,Saturday,17,1,0,Rainy,18.0,10,6,5.48,17,6.51
2025-06-07 17:45:00,Saturday,17,1,0,Rainy,20.9,9,6,6.23,18,6.52
2025-06-07 18:00:00,Saturday,18,1,0,Rainy,18.9,17,6,4.73,36,16.52
2025-06-07 18:15:00,Saturday,18,1,0,Rainy,16.2,14,6,6.27,30,14.97
2025-06-07 18:30:00,Saturday,18,1,0,Rainy,19.9,14,7,6.33,28,8.0
2025-06-07 18:45:00,Saturday,18,1,0,Rainy,21.1,11,6,6.4,23,10.41
2025-06-07 19:00:00,Saturday,19,1,0,Rainy,19.4,11,6,5.9,23,13.91
2025-06-07 19:15:00,Saturday,19,1,0,Rainy,19.8,10,6,5.24,20,8.57
2025-06-07 19:30:00,Saturday,19,1,0,Rainy,19.8,11,6,4.86,17,12.3
2025-06-07 19:45:00,Saturday,19,1,0,Rainy,22.0,12,6,6.15,23,9.03
2025-06-07 20:00:00,Saturday,20,1,0,Rainy,18.8,15,6,5.38,27,16.02
2025-06-07 20:15:00,Saturday,20,1,0,Rainy,19.9,6,6,5.38,13,0.5
2025-06-07 20:30:00,Saturday,20,1,0,Rainy,19.1,12,5,6.12,23,18.11
2025-06-07 20:45:00,Saturday,20,1,0,Rainy,21.9,13,5,5.27,24,16.9
2025-06-07 21:00:00,Saturday,21,1,0,Rainy,19.1,3,6,6.49,5,0.5
2025-06-07 21:15:00,Saturday,21,1,0,Rainy,18.6,6,5,5.31,9,10.06
2025-06-07 21:30:00,Saturday,21,1,0,Rainy,20.7,2,6,5.02,4,0.5
2025-06-07 21:45:00,Saturday,21,1,0,Rainy,16.2,3,5,4.63,7,0.5
2025-06-08 08:00:00,Sunday,8,1,0,Sunny,28.8,3,5,5.5,3,0.54
2025-06-08 08:15:00,Sunday,8,1,0,Sunny,28.0,3,5,5.15,5,1.4
2025-06-08 08:30:00,Sunday,8,1,0,Sunny,29.6,2,5,4.9,2,0.5
2025-06-08 08:45:00,Sunday,8,1,0,Sunny,29.0,2,5,7.82,5,0.79
2025-06-08 09:00:00,Sunday,9,1,0,Sunny,30.3,4,6,4.4,9,3.28
2025-06-08 09:15:00,Sunday,9,1,0,Sunny,29.5,3,6,5.56,7,4.06
2025-06-08 09:30:00,Sunday,9,1,0,Sunny,30.2,3,6,6.08,6,0.63
2025-06-08 09:45:00,Sunday,9,1,0,Sunny,32.5,3,6,5.34,7,0.5
2025-06-08 10:00:00,Sunday,10,1,0,Sunny,29.9,4,7,5.44,6,0.5
2025-06-08 10:15:00,Sunday,10,1,0,Sunny,28.9,8,6,6.49,14,5.66
2025-06-08 10:30:00,Sunday,10,1,0,Sunny,28.6,6,6,5.51,13,0.5
2025-06-08 10:45:00,Sunday,10,1,0,Sunny,28.3,7,5,5.52,12,2.29
2025-06-08 11:00:00,Sunday,11,1,0,Sunny,29.7,4,7,5.7,7,0.5
2025-06-08 11:15:00,Sunday,11,1,0,Sunny,29.8,17,6,6.12,39,18.0
2025-06-08 11:30:00,Sunday,11,1,0,Sunny,27.7,14,7,6.92,30,12.65
2025-06-08 11:45:00,Sunday,11,1,0,Sunny,28.9,14,7,6.18,32,15.79
2025-06-08 12:00:00,Sunday,12,1,0,Sunny,27.4,9,7,6.46,18,3.59
2025-06-08 12:15:00,Sunday,12,1,0,Sunny,29.3,11,7,4.73,18,5.24
2025-06-08 12:30:00,Sunday,12,1,0,Cloudy,29.1,9,7,5.26,11,0.55
2025-06-08 12:45:00,Sunday,12,1,0,Sunny,30.3,15,6,5.51,31,13.09
2025-06-08 13:00:00,Sunday,13,1,0,Sunny,27.1,12,8,5.8,22,1.37
2025-06-08 13:15:00,Sunday,13,1,0,Sunny,30.7,6,7,5.34,10,0.71
2025-06-08 13:30:00,Sunday,13,1,0,Sunny,30.1,9,7,5.52,19,4.18
2025-06-08 13:45:00,Sunday,13,1,0,Sunny,29.3,17,7,6.1,28,10.55
2025-06-08 14:00:00,Sunday,14,1,0,Sunny,29.2,10,7,6.48,24,13.75
2025-06-08 14:15:00,Sunday,14,1,0,Sunny,31.9,11,6,6.09,21,10.05
2025-06-08 14:30:00,Sunday,14,1,0,Sunny,30.1,7,6,6.18,13,6.03
2025-06-08 14:45:00,Sunday,14,1,0,Sunny,33.0,6,6,7.07,14,5.75
2025-06-08 15:00:00,Sunday,15,1,0,Sunny,29.6,7,6,6.73,12,5.35
2025-06-08 15:15:00,Sunday,15,1,0,Sunny,28.3,10,6,5.56,21,8.32
2025-06-08 15:30:00,Sunday,15,1,0,Sunny,29.7,2,6,5.53,4,0.5
2025-06-08 15:45:00,Sunday,15,1,0,Sunny,29.9,7,6,5.36,13,4.04
2025-06-08 16:00:00,Sunday,16,1,0,Sunny,32.2,7,6,5.64,12,0.5
2025-06-08 16:15:00,Sunday,16,1,0,Sunny,29.8,11,7,5.21,20,4.86
2025-06-08 16:30:00,Sunday,16,1,0,Sunny,28.9,12,6,5.79,22,7.75
2025-06-08 16:45:00,Sunday,16,1,0,Sunny,26.0,6,7,4.45,12,2.14
2025-06-08 17:00:00,Sunday,17,1,0,Sunny,28.7,13,6,5.54,28,9.18
2025-06-08 17:15:00,Sunday,17,1,0,Sunny,29.7,11,6,5.13,25,3.73
2025-06-08 17:30:00,Sunday,17,1,0,Sunny,31.3,10,6,5.49,19,7.48
2025-06-08 17:45:00,Sunday,17,1,0,Sunny,29.4,18,6,5.64,38,19.39
2025-06-08 18:00:00,Sunday,18,1,0,Sunny,30.9,15,5,4.32,31,13.66
2025-06-08 18:15:00,Sunday,18,1,0,Sunny,28.0,16,7,6.72,31,9.44
2025-06-08 18:30:00,Sunday,18,1,0,Sunny,30.5,15,6,6.63,29,16.18
2025-06-08 18:45:00,Sunday,18,1,0,Sunny,28.2,12,6,4.99,26,8.61
2025-06-08 19:00:00,Sunday,19,1,0,Sunny,27.8,16,6,5.8,26,11.79
2025-06-08 19:15:00,Sunday,19,1,0,Sunny,32.6,16,6,6.08,31,13.5
2025-06-08 19:30:00,Sunday,19,1,0,Sunny,29.0,17,5,6.37,32,20.64
2025-06-08 19:45:00,Sunday,19,1,0,Sunny,27.9,17,6,5.51,34,11.14
2025-06-08 20:00:00,Sunday,20,1,0,Sunny,29.1,8,6,6.92,15,4.96
2025-06-08 20:15:00,Sunday,20,1,0,Sunny,27.1,12,5,5.07,27,14.32
2025-06-08 20:30:00,Sunday,20,1,0,Sunny,30.2,11,6,6.72,19,12.84
2025-06-08 20:45:00,Sunday,20,1,0,Sunny,30.0,10,6,5.2,17,11.27
2025-06-08 21:00:00,Sunday,21,1,0,Sunny,31.4,7,5,6.2,13,7.72
2025-06-08 21:15:00,Sunday,21,1,0,Rainy,26.7,5,5,5.14,6,3.7
2025-06-08 21:30:00,Sunday,21,1,0,Sunny,28.7,7,4,4.5,15,9.42
2025-06-08 21:45:00,Sunday,21,1,0,Sunny,29.2,5,5,5.07,10,2.76
2025-06-09 08:00:00,Monday,8,0,0,Cloudy,22.2,2,2,8.16,3,3.01
2025-06-09 08:15:00,Monday,8,0,0,Cloudy,25.8,3,2,5.76,5,9.39
2025-06-09 08:30:00,Monday,8,0,0,Cloudy,25.3,3,2,4.62,8,5.42
2025-06-09 08:45:00,Monday,8,0,0,Cloudy,25.4,0,2,6.27,0,0.5
2025-06-09 09:00:00,Monday,9,0,0,Cloudy,24.6,2,3,4.04,2,0.5
2025-06-09 09:15:00,Monday,9,0,0,Cloudy,22.8,2,3,6.29,9,0.5
2025-06-09 09:30:00,Monday,9,0,0,Cloudy,24.8,3,3,6.14,6,5.73
2025-06-09 09:45:00,Monday,9,0,0,Cloudy,23.0,5,3,3.69,6,3.96
2025-06-09 10:00:00,Monday,10,0,0,Cloudy,27.7,3,3,5.26,4,0.5
2025-06-09 10:15:00,Monday,10,0,0,Cloudy,24.3,5,4,5.43,10,5.01
2025-06-09 10:30:00,Monday,10,0,0,Cloudy,22.7,5,4,6.58,8,8.07
2025-06-09 10:45:00,Monday,10,0,0,Cloudy,23.5,2,3,4.62,3,1.31
2025-06-09 11:00:00,Monday,11,0,0,Cloudy,23.3,2,4,3.67,4,0.53
2025-06-09 11:15:00,Monday,11,0,0,Sunny,26.7,9,4,6.42,19,16.7
2025-06-09 11:30:00,Monday,11,0,0,Cloudy,24.6,4,4,5.5,8,0.5
2025-06-09 11:45:00,Monday,11,0,0,Cloudy,25.9,8,3,5.41,16,9.52
2025-06-09 12:00:00,Monday,12,0,0,Cloudy,27.0,14,3,8.37,29,43.07
2025-06-09 12:15:00,Monday,12,0,0,Cloudy,24.9,10,4,5.8,20,11.19
2025-06-09 12:30:00,Monday,12,0,0,Cloudy,26.7,5,4,4.65,10,8.57
2025-06-09 12:45:00,Monday,12,0,0,Cloudy,25.3,5,4,5.6,8,2.04
2025-06-09 13:00:00,Monday,13,0,0,Cloudy,25.0,5,4,4.99,11,4.95
2025-06-09 13:15:00,Monday,13,0,0,Cloudy,27.8,9,4,5.15,15,8.06
2025-06-09 13:30:00,Monday,13,0,0,Rainy,26.6,14,4,6.84,30,24.94
2025-06-09 13:45:00,Monday,13,0,0,Cloudy,27.8,9,4,5.61,13,7.79
2025-06-09 14:00:00,Monday,14,0,0,Cloudy,23.0,10,4,5.53,20,12.35
2025-06-09 14:15:00,Monday,14,0,0,Cloudy,26.6,6,3,4.44,12,0.5
2025-06-09 14:30:00,Monday,14,0,0,Cloudy,25.5,8,3,5.69,15,14.22
2025-06-09 14:45:00,Monday,14,0,0,Stormy,26.1,3,4,5.34,10,3.46
2025-06-09 15:00:00,Monday,15,0,0,Cloudy,24.8,6,2,5.4,11,11.44
2025-06-09 15:15:00,Monday,15,0,0,Cloudy,27.3,6,3,4.92,8,6.59
2025-06-09 15:30:00,Monday,15,0,0,Cloudy,25.1,2,3,3.49,5,0.5
2025-06-09 15:45:00,Monday,15,0,0,Cloudy,25.3,5,3,4.62,10,3.85
2025-06-09 16:00:00,Monday,16,0,0,Cloudy,25.6,6,3,5.77,12,9.37
2025-06-09 16:15:00,Monday,16,0,0,Cloudy,25.6,7,3,5.19,14,8.54
2025-06-09 16:30:00,Monday,16,0,0,Cloudy,25.7,10,3,6.12,23,22.35
2025-06-09 16:45:00,Monday,16,0,0,Cloudy,27.6,9,3,5.33,16,15.64
2025-06-09 17:00:00,Monday,17,0,0,Cloudy,24.7,10,3,4.33,17,13.04
2025-06-09 17:15:00,Monday,17,0,0,Cloudy,25.4,13,3,8.0,29,32.1
2025-06-09 17:30:00,Monday,17,0,0,Cloudy,25.1,11,3,6.34,24,28.0
2025-06-09 17:45:00,Monday,17,0,0,Cloudy,24.1,12,3,6.27,22,24.99
2025-06-09 18:00:00,Monday,18,0,0,Cloudy,27.0,18,4,5.54,30,24.21
2025-06-09 18:15:00,Monday,18,0,0,Cloudy,26.4,13,3,7.17,26,34.51
2025-06-09 18:30:00,Monday,18,0,0,Cloudy,27.4,7,3,6.68,13,17.23
2025-06-09 18:45:00,Monday,18,0,0,Cloudy,24.2,15,3,6.82,26,33.09
2025-06-09 19:00:00,Monday,19,0,0,Cloudy,25.2,14,3,6.83,23,29.56
2025-06-09 19:15:00,Monday,19,0,0,Cloudy,23.2,12,4,6.19,21,12.68
2025-06-09 19:30:00,Monday,19,0,0,Cloudy,23.9,15,3,7.17,32,34.4
2025-06-09 19:45:00,Monday,19,0,0,Cloudy,24.1,9,3,5.76,17,21.05
2025-06-09 20:00:00,Monday,20,0,0,Cloudy,24.8,6,3,5.74,13,10.53
2025-06-09 20:15:00,Monday,20,0,0,Cloudy,26.9,4,2,6.2,5,11.99
2025-06-09 20:30:00,Monday,20,0,0,Cloudy,21.0,3,2,5.68,3,6.8
2025-06-09 20:45:00,Monday,20,0,0,Sunny,23.4,4,2,6.46,2,13.05
2025-06-09 21:00:00,Monday,21,0,0,Cloudy,27.4,4,2,5.2,9,6.59
2025-06-09 21:15:00,Monday,21,0,0,Cloudy,25.4,6,2,5.49,11,17.17
2025-06-09 21:30:00,Monday,21,0,0,Cloudy,24.2,6,2,7.12,14,20.47
2025-06-09 21:45:00,Monday,21,0,0,Stormy,23.8,2,2,5.33,3,2.98
2025-06-10 08:00:00,Tuesday,8,0,0,Sunny,28.1,5,3,5.84,7,7.57
2025-06-10 08:15:00,Tuesday,8,0,0,Sunny,30.3,3,3,6.13,8,9.44
2025-06-10 08:30:00,Tuesday,8,0,0,Sunny,29.1,3,3,4.98,8,0.5
2025-06-10 08:45:00,Tuesday,8,0,0,Cloudy,30.9,1,3,5.91,5,0.5
2025-06-10 09:00:00,Tuesday,9,0,0,Sunny,32.8,4,4,4.84,7,0.5
2025-06-10 09:15:00,Tuesday,9,0,0,Sunny,31.8,3,4,4.46,4,2.12
2025-06-10 09:30:00,Tuesday,9,0,0,Sunny,31.8,1,4,6.11,1,0.5
2025-06-10 09:45:00,Tuesday,9,0,0,Sunny,33.2,3,4,4.75,3,0.5
2025-06-10 10:00:00,Tuesday,10,0,0,Sunny,32.8,2,4,6.31,4,0.5
2025-06-10 10:15:00,Tuesday,10,0,0,Sunny,31.2,4,4,5.25,7,0.5
2025-06-10 10:30:00,Tuesday,10,0,0,Sunny,32.5,2,3,5.65,3,4.97
2025-06-10 10:45:00,Tuesday,10,0,0,Sunny,32.2,6,4,5.12,11,4.68
2025-06-10 11:00:00,Tuesday,11,0,0,Sunny,30.1,3,5,4.97,8,3.03
2025-06-10 11:15:00,Tuesday,11,0,0,Sunny,33.6,6,5,5.49,11,0.5
2025-06-10 11:30:00,Tuesday,11,0,0,Sunny,31.7,3,5,5.42,4,0.5
2025-06-10 11:45:00,Tuesday,11,0,0,Sunny,33.0,7,5,5.39,11,4.98
2025-06-10 12:00:00,Tuesday,12,0,0,Sunny,30.6,7,6,4.51,12,1.12
2025-06-10 12:15:00,Tuesday,12,0,0,Sunny,31.2,7,5,6.64,15,3.72
2025-06-10 12:30:00,Tuesday,12,0,0,Sunny,31.2,12,5,6.8,26,16.22
2025-06-10 12:45:00,Tuesday,12,0,0,Sunny,32.1,9,5,6.21,19,10.4
2025-06-10 13:00:00,Tuesday,13,0,0,Sunny,33.6,9,5,5.2,18,4.84
2025-06-10 13:15:00,Tuesday,13,0,0,Sunny,32.7,10,5,5.58,20,3.55
2025-06-10 13:30:00,Tuesday,13,0,0,Sunny,29.8,11,6,3.87,21,0.5
2025-06-10 13:45:00,Tuesday,13,0,0,Sunny,31.9,10,5,4.14,19,0.82
2025-06-10 14:00:00,Tuesday,14,0,0,Sunny,34.6,4,5,6.53,8,0.5
2025-06-10 14:15:00,Tuesday,14,0,0,Sunny,34.6,8,4,6.21,18,10.18
2025-06-10 14:30:00,Tuesday,14,0,0,Sunny,30.2,5,4,4.77,8,3.47
2025-06-10 14:45:00,Tuesday,14,0,0,Sunny,32.5,3,4,5.58,7,0.57
2025-06-10 15:00:00,Tuesday,15,0,0,Sunny,31.7,11,5,6.26,18,10.8
2025-06-10 15:15:00,Tuesday,15,0,0,Sunny,34.4,4,4,6.51,11,1.87
2025-06-10 15:30:00,Tuesday,15,0,0,Sunny,33.3,4,4,6.18,7,3.19
2025-06-10 15:45:00,Tuesday,15,0,0,Sunny,32.2,5,4,4.68,9,3.42
2025-06-10 16:00:00,Tuesday,16,0,0,Sunny,33.4,2,4,5.89,1,1.42
2025-06-10 16:15:00,Tuesday,16,0,0,Sunny,28.4,7,4,5.03,11,2.34
2025-06-10 16:30:00,Tuesday,16,0,0,Sunny,33.6,10,4,5.82,21,15.11
2025-06-10 16:45:00,Tuesday,16,0,0,Sunny,32.1,9,5,5.91,16,9.73
2025-06-10 17:00:00,Tuesday,17,0,0,Sunny,29.8,10,4,4.92,26,11.65
2025-06-10 17:15:00,Tuesday,17,0,0,Sunny,32.6,9,4,5.24,14,6.25
2025-06-10 17:30:00,Tuesday,17,0,0,Sunny,32.5,8,4,6.19,12,11.79
2025-06-10 17:45:00,Tuesday,17,0,0,Sunny,31.6,8,5,5.92,16,6.15
2025-06-10 18:00:00,Tuesday,18,0,0,Sunny,30.8,13,4,6.43,28,22.32
2025-06-10 18:15:00,Tuesday,18,0,0,Sunny,32.8,14,5,3.86,31,6.45
2025-06-10 18:30:00,Tuesday,18,0,0,Sunny,33.3,15,4,6.02,28,22.02
2025-06-10 18:45:00,Tuesday,18,0,0,Sunny,30.0,8,4,5.18,11,6.44
2025-06-10 19:00:00,Tuesday,19,0,0,Sunny,33.6,10,4,6.02,19,10.46
2025-06-10 19:15:00,Tuesday,19,0,0,Sunny,33.1,14,4,6.23,26,18.27
2025-06-10 19:30:00,Tuesday,19,0,0,Sunny,29.8,12,4,4.62,26,18.7
2025-06-10 19:45:00,Tuesday,19,0,0,Sunny,32.7,13,3,4.63,29,21.18
2025-06-10 20:00:00,Tuesday,20,0,0,Sunny,30.3,8,4,6.21,13,9.9
2025-06-10 20:15:00,Tuesday,20,0,0,Sunny,27.9,10,3,5.35,20,19.36
2025-06-10 20:30:00,Tuesday,20,0,0,Sunny,28.9,10,3,5.65,20,18.03
2025-06-10 20:45:00,Tuesday,20,0,0,Sunny,31.5,10,3,6.93,15,27.32
2025-06-10 21:00:00,Tuesday,21,0,0,Sunny,30.7,6,2,6.28,13,18.76
2025-06-10 21:15:00,Tuesday,21,0,0,Sunny,31.8,4,3,6.11,6,7.12
2025-06-10 21:30:00,Tuesday,21,0,0,Sunny,32.1,8,4,6.55,17,11.42
2025-06-10 21:45:00,Tuesday,21,0,0,Sunny,30.9,1,3,5.44,1,0.5
2025-06-11 08:00:00,Wednesday,8,0,0,Sunny,25.2,2,2,5.06,3,0.5
2025-06-11 08:15:00,Wednesday,8,0,0,Sunny,26.6,4,3,4.29,7,5.35
2025-06-11 08:30:00,Wednesday,8,0,0,Sunny,28.3,4,2,6.71,7,13.1
2025-06-11 08:45:00,Wednesday,8,0,0,Cloudy,24.7,1,2,4.9,0,0.5
2025-06-11 09:00:00,Wednesday,9,0,0,Sunny,24.6,2,3,4.14,6,0.5
2025-06-11 09:15:00,Wednesday,9,0,0,Sunny,28.6,3,3,6.17,2,3.84
2025-06-11 09:30:00,Wednesday,9,0,0,Sunny,25.7,5,3,5.36,10,7.58
2025-06-11 09:45:00,Wednesday,9,0,0,Sunny,26.9,4,3,5.24,4,0.5
2025-06-11 10:00:00,Wednesday,10,0,0,Sunny,24.2,2,3,6.11,3,0.5
2025-06-11 10:15:00,Wednesday,10,0,0,Sunny,25.7,2,3,7.19,5,1.74
2025-06-11 10:30:00,Wednesday,10,0,0,Sunny,26.8,3,4,6.3,7,0.5
2025-06-11 10:45:00,Wednesday,10,0,0,Sunny,26.4,3,2,5.02,9,7.94
2025-06-11 11:00:00,Wednesday,11,0,0,Cloudy,25.6,4,4,7.38,7,4.27
2025-06-11 11:15:00,Wednesday,11,0,0,Sunny,25.9,13,4,7.36,28,20.49
2025-06-11 11:30:00,Wednesday,11,0,0,Sunny,26.8,9,3,6.69,17,19.14
2025-06-11 11:45:00,Wednesday,11,0,0,Sunny,29.6,10,4,6.64,18,15.26
2025-06-11 12:00:00,Wednesday,12,0,0,Sunny,25.9,15,4,4.45,35,21.87
2025-06-11 12:15:00,Wednesday,12,0,0,Cloudy,27.6,12,4,5.32,28,15.96
2025-06-11 12:30:00,Wednesday,12,0,0,Sunny,28.6,11,4,5.46,22,11.11
2025-06-11 12:45:00,Wednesday,12,0,0,Sunny,26.8,10,4,5.96,24,9.92
2025-06-11 13:00:00,Wednesday,13,0,0,Sunny,26.6,9,4,5.64,17,11.0
2025-06-11 13:15:00,Wednesday,13,0,0,Sunny,27.8,8,2,6.61,14,30.28
2025-06-11 13:30:00,Wednesday,13,0,0,Sunny,26.4,5,4,4.46,9,2.22
2025-06-11 13:45:00,Wednesday,13,0,0,Sunny,28.0,8,4,4.95,17,11.38
2025-06-11 14:00:00,Wednesday,14,0,0,Sunny,24.2,7,3,4.69,12,10.11
2025-06-11 14:15:00,Wednesday,14,0,0,Sunny,28.3,7,3,4.95,13,7.91
2025-06-11 14:30:00,Wednesday,14,0,0,Sunny,27.3,5,3,5.55,11,4.81
2025-06-11 14:45:00,Wednesday,14,0,0,Sunny,26.9,0,2,5.27,1,0.5
2025-06-11 15:00:00,Wednesday,15,0,0,Sunny,24.5,1,3,4.8,0,0.5
2025-06-11 15:15:00,Wednesday,15,0,0,Sunny,26.3,8,2,4.61,13,15.2
2025-06-11 15:30:00,Wednesday,15,0,0,Sunny,24.6,2,3,4.11,6,1.94
2025-06-11 15:45:00,Wednesday,15,0,0,Rainy,26.9,2,3,7.05,5,1.68
2025-06-11 16:00:00,Wednesday,16,0,0,Sunny,27.2,6,2,5.27,9,10.63
2025-06-11 16:15:00,Wednesday,16,0,0,Sunny,30.0,10,3,5.61,20,19.33
2025-06-11 16:30:00,Wednesday,16,0,0,Sunny,27.1,10,3,7.17,20,17.11
2025-06-11 16:45:00,Wednesday,16,0,0,Sunny,27.7,9,3,6.77,22,19.6
2025-06-11 17:00:00,Wednesday,17,0,0,Sunny,24.2,13,3,7.25,23,30.29
2025-06-11 17:15:00,Wednesday,17,0,0,Sunny,26.8,13,3,5.31,22,25.21
2025-06-11 17:30:00,Wednesday,17,0,0,Sunny,27.9,11,4,6.11,21,17.97
2025-06-11 17:45:00,Wednesday,17,0,0,Sunny,27.8,8,3,6.19,11,13.25
2025-06-11 18:00:00,Wednesday,18,0,0,Sunny,28.7,12,3,6.3,23,23.1
2025-06-11 18:15:00,Wednesday,18,0,0,Sunny,27.2,11,3,6.38,20,25.75
2025-06-11 18:30:00,Wednesday,18,0,0,Sunny,27.5,11,3,6.61,19,22.42
2025-06-11 18:45:00,Wednesday,18,0,0,Sunny,26.7,10,4,6.45,16,12.55
2025-06-11 19:00:00,Wednesday,19,0,0,Sunny,26.1,9,3,5.76,19,15.39
2025-06-11 19:15:00,Wednesday,19,0,0,Sunny,24.5,12,3,6.56,20,26.54
2025-06-11 19:30:00,Wednesday,19,0,0,Sunny,26.1,10,2,7.77,17,39.15
2025-06-11 19:45:00,Wednesday,19,0,0,Sunny,28.3,9,3,6.45,20,13.76
2025-06-11 20:00:00,Wednesday,20,0,0,Sunny,29.8,14,3,6.65,26,27.35
2025-06-11 20:15:00,Wednesday,20,0,0,Sunny,26.4,5,1,7.64,12,38.73
2025-06-11 20:30:00,Wednesday,20,0,0,Sunny,26.0,7,2,6.33,16,25.41
2025-06-11 20:45:00,Wednesday,20,0,0,Sunny,27.6,3,2,5.82,5,7.24
2025-06-11 21:00:00,Wednesday,21,0,0,Sunny,27.3,6,3,4.65,13,7.45
2025-06-11 21:15:00,Wednesday,21,0,0,Sunny,25.2,13,2,6.53,21,40.19
2025-06-11 21:30:00,Wednesday,21,0,0,Sunny,25.7,2,2,5.84,7,6.33
2025-06-11 21:45:00,Wednesday,21,0,0,Sunny,26.6,4,2,5.44,10,11.91
2025-06-12 08:00:00,Thursday,8,0,0,Cloudy,25.7,2,3,6.47,4,0.8
2025-06-12 08:15:00,Thursday,8,0,0,Cloudy,22.8,0,3,6.71,1,0.5
2025-06-12 08:30:00,Thursday,8,0,0,Cloudy,23.3,2,4,4.22,3,5.07
2025-06-12 08:45:00,Thursday,8,0,0,Cloudy,26.7,1,3,6.53,2,0.66
2025-06-12 09:00:00,Thursday,9,0,0,Cloudy,27.2,1,4,7.41,0,0.5
2025-06-12 09:15:00,Thursday,9,0,0,Cloudy,25.5,1,4,5.01,3,0.5
2025-06-12 09:30:00,Thursday,9,0,0,Cloudy,26.7,2,4,4.39,8,0.5
2025-06-12 09:45:00,Thursday,9,0,0,Cloudy,25.0,3,4,5.31,7,0.5
2025-06-12 10:00:00,Thursday,10,0,0,Cloudy,23.5,2,4,5.63,5,1.24
2025-06-12 10:15:00,Thursday,10,0,0,Cloudy,26.1,2,3,6.86,4,3.74
2025-06-12 10:30:00,Thursday,10,0,0,Cloudy,25.3,3,4,6.22,7,0.5
2025-06-12 10:45:00,Thursday,10,0,0,Sunny,25.2,8,4,4.88,12,6.8
2025-06-12 11:00:00,Thursday,11,0,0,Cloudy,27.2,5,5,5.47,10,1.42
2025-06-12 11:15:00,Thursday,11,0,0,Cloudy,24.6,11,5,5.59,21,11.04
2025-06-12 11:30:00,Thursday,11,0,0,Cloudy,23.8,9,5,5.59,19,4.65
2025-06-12 11:45:00,Thursday,11,0,0,Cloudy,25.6,9,5,3.97,12,3.25
2025-06-12 12:00:00,Thursday,12,0,0,Cloudy,27.5,6,5,7.11,9,2.32
2025-06-12 12:15:00,Thursday,12,0,0,Cloudy,27.1,11,6,4.67,17,7.47
2025-06-12 12:30:00,Thursday,12,0,0,Cloudy,25.6,6,5,5.15,8,1.61
2025-06-12 12:45:00,Thursday,12,0,0,Cloudy,27.6,13,6,3.34,27,8.56
2025-06-12 13:00:00,Thursday,13,0,0,Cloudy,28.3,11,5,5.76,21,10.49
2025-06-12 13:15:00,Thursday,13,0,0,Cloudy,27.3,4,5,5.2,7,0.5
2025-06-12 13:30:00,Thursday,13,0,0,Cloudy,24.4,5,5,5.53,14,0.5
2025-06-12 13:45:00,Thursday,13,0,0,Cloudy,27.8,9,5,4.7,20,12.51
2025-06-12 14:00:00,Thursday,14,0,0,Cloudy,26.0,10,5,4.79,17,8.42
2025-06-12 14:15:00,Thursday,14,0,0,Cloudy,27.7,3,4,3.76,2,0.5
2025-06-12 14:30:00,Thursday,14,0,0,Cloudy,23.6,3,4,5.27,4,2.17
2025-06-12 14:45:00,Thursday,14,0,0,Cloudy,24.8,5,4,5.7,8,5.85
2025-06-12 15:00:00,Thursday,15,0,0,Cloudy,25.9,5,4,6.6,12,3.79
2025-06-12 15:15:00,Thursday,15,0,0,Cloudy,22.3,11,4,4.72,19,11.77
2025-06-12 15:30:00,Thursday,15,0,0,Cloudy,27.2,5,4,5.44,9,6.12
2025-06-12 15:45:00,Thursday,15,0,0,Cloudy,25.9,5,4,4.69,12,2.55
2025-06-12 16:00:00,Thursday,16,0,0,Cloudy,24.9,4,4,5.17,7,2.78
2025-06-12 16:15:00,Thursday,16,0,0,Cloudy,26.1,8,5,7.72,15,8.8
2025-06-12 16:30:00,Thursday,16,0,0,Cloudy,24.8,3,4,5.09,8,6.64
2025-06-12 16:45:00,Thursday,16,0,0,Cloudy,23.7,4,4,5.29,8,7.95
2025-06-12 17:00:00,Thursday,17,0,0,Cloudy,24.1,10,4,6.31,23,15.24
2025-06-12 17:15:00,Thursday,17,0,0,Cloudy,23.7,9,4,4.91,13,9.93
2025-06-12 17:30:00,Thursday,17,0,0,Cloudy,25.1,13,4,6.29,24,17.05
2025-06-12 17:45:00,Thursday,17,0,0,Cloudy,24.8,5,4,5.31,10,10.24
2025-06-12 18:00:00,Thursday,18,0,0,Cloudy,23.9,12,4,5.58,19,15.61
2025-06-12 18:15:00,Thursday,18,0,0,Cloudy,26.4,11,3,5.92,23,21.26
2025-06-12 18:30:00,Thursday,18,0,0,Cloudy,23.4,12,4,6.03,20,13.64
2025-06-12 18:45:00,Thursday,18,0,0,Cloudy,25.1,8,4,4.95,14,9.03
2025-06-12 19:00:00,Thursday,19,0,0,Cloudy,25.6,10,3,5.2,19,19.95
2025-06-12 19:15:00,Thursday,19,0,0,Cloudy,28.9,14,4,7.16,28,20.05
2025-06-12 19:30:00,Thursday,19,0,0,Cloudy,22.5,13,4,6.95,19,19.88
2025-06-12 19:45:00,Thursday,19,0,0,Cloudy,24.9,11,5,5.99,16,5.52
2025-06-12 20:00:00,Thursday,20,0,0,Rainy,23.1,2,5,3.63,4,0.5
2025-06-12 20:15:00,Thursday,20,0,0,Cloudy,25.6,5,3,4.9,12,9.35
2025-06-12 20:30:00,Thursday,20,0,0,Cloudy,22.6,4,3,5.04,7,3.28
2025-06-12 20:45:00,Thursday,20,0,0,Cloudy,24.5,7,3,5.15,14,11.67
2025-06-12 21:00:00,Thursday,21,0,0,Cloudy,23.4,7,3,5.07,10,6.85
2025-06-12 21:15:00,Thursday,21,0,0,Cloudy,22.6,8,3,5.79,20,15.51
2025-06-12 21:30:00,Thursday,21,0,0,Cloudy,25.7,2,4,5.89,6,0.99
2025-06-12 21:45:00,Thursday,21,0,0,Cloudy,24.3,4,3,4.69,5,2.22
2025-06-13 08:00:00,Friday,8,0,0,Sunny,32.3,0,4,4.79,0,0.5
2025-06-13 08:15:00,Friday,8,0,0,Sunny,31.7,1,4,5.75,1,0.5
2025-06-13 08:30:00,Friday,8,0,0,Sunny,28.5,3,4,5.59,5,1.92
2025-06-13 08:45:00,Friday,8,0,0,Sunny,29.5,2,4,4.42,4,0.5
2025-06-13 09:00:00,Friday,9,0,0,Sunny,29.8,2,5,4.97,4,0.5
2025-06-13 09:15:00,Friday,9,0,0,Sunny,27.2,4,5,5.74,7,0.98
2025-06-13 09:30:00,Friday,9,0,0,Sunny,31.4,2,6,5.67,1,0.5
2025-06-13 09:45:00,Friday,9,0,0,Sunny,29.4,4,5,6.93,8,0.5
2025-06-13 10:00:00,Friday,10,0,0,Sunny,30.0,4,4,6.77,9,2.04
2025-06-13 10:15:00,Friday,10,0,0,Sunny,30.2,3,5,5.74,8,0.5
2025-06-13 10:30:00,Friday,10,0,0,Sunny,30.8,3,5,5.58,10,0.5
2025-06-13 10:45:00,Friday,10,0,0,Sunny,29.6,2,5,5.34,4,0.5
2025-06-13 11:00:00,Friday,11,0,0,Sunny,28.1,2,5,4.17,1,0.5
2025-06-13 11:15:00,Friday,11,0,0,Sunny,30.0,8,7,5.21,17,1.99
2025-06-13 11:30:00,Friday,11,0,0,Sunny,29.0,8,7,6.26,19,1.94
2025-06-13 11:45:00,Friday,11,0,0,Sunny,32.1,10,6,6.51,23,12.0
2025-06-13 12:00:00,Friday,12,0,0,Sunny,30.9,10,6,5.31,19,10.17
2025-06-13 12:15:00,Friday,12,0,0,Sunny,29.9,13,6,4.66,24,10.99
2025-06-13 12:30:00,Friday,12,0,0,Sunny,29.6,7,6,4.26,14,0.5
2025-06-13 12:45:00,Friday,12,0,0,Sunny,29.5,11,6,4.44,23,2.91
2025-06-13 13:00:00,Friday,13,0,0,Sunny,27.8,10,7,5.12,17,2.86
2025-06-13 13:15:00,Friday,13,0,0,Sunny,27.3,11,7,5.23,26,2.22
2025-06-13 13:30:00,Friday,13,0,0,Sunny,29.4,10,6,6.02,20,3.62
2025-06-13 13:45:00,Friday,13,0,0,Sunny,30.1,9,6,5.59,20,4.95
2025-06-13 14:00:00,Friday,14,0,0,Sunny,30.5,3,5,5.82,7,0.5
2025-06-13 14:15:00,Friday,14,0,0,Sunny,30.4,4,5,6.05,9,0.93
2025-06-13 14:30:00,Friday,14,0,0,Sunny,29.8,4,5,6.9,10,0.5
2025-06-13 14:45:00,Friday,14,0,0,Sunny,28.8,2,5,5.72,5,0.5
2025-06-13 15:00:00,Friday,15,0,0,Sunny,29.9,7,5,6.9,12,10.02
2025-06-13 15:15:00,Friday,15,0,0,Sunny,27.7,1,5,5.28,5,0.5
2025-06-13 15:30:00,Friday,15,0,0,Sunny,30.1,2,4,4.34,6,0.5
2025-06-13 15:45:00,Friday,15,0,0,Sunny,30.5,2,5,3.87,4,0.5
2025-06-13 16:00:00,Friday,16,0,0,Sunny,29.8,2,5,6.41,3,1.01
2025-06-13 16:15:00,Friday,16,0,0,Sunny,29.0,8,5,5.37,12,2.4
2025-06-13 16:30:00,Friday,16,0,0,Rainy,30.6,3,5,6.87,8,2.5
2025-06-13 16:45:00,Friday,16,0,0,Sunny,29.3,12,5,5.74,30,15.56
2025-06-13 17:00:00,Friday,17,0,0,Cloudy,29.1,12,5,5.78,25,14.4
2025-06-13 17:15:00,Friday,17,0,0,Sunny,29.2,5,5,6.24,11,1.77
2025-06-13 17:30:00,Friday,17,0,0,Sunny,32.4,10,5,5.36,23,13.32
2025-06-13 17:45:00,Friday,17,0,0,Sunny,31.9,13,5,4.62,30,14.59
2025-06-13 18:00:00,Friday,18,0,0,Sunny,30.7,19,5,5.75,31,19.34
2025-06-13 18:15:00,Friday,18,0,0,Sunny,30.9,9,5,4.46,17,5.13
2025-06-13 18:30:00,Friday,18,0,0,Sunny,31.3,18,5,5.33,35,15.78
2025-06-13 18:45:00,Friday,18,0,0,Sunny,29.5,16,5,6.81,33,25.06
2025-06-13 19:00:00,Friday,19,0,0,Sunny,29.9,16,6,6.32,34,17.94
2025-06-13 19:15:00,Friday,19,0,0,Sunny,28.6,11,5,4.89,19,7.99
2025-06-13 19:30:00,Friday,19,0,0,Sunny,27.8,7,5,4.6,17,3.19
2025-06-13 19:45:00,Friday,19,0,0,Sunny,30.7,9,5,4.89,21,4.89
2025-06-13 20:00:00,Friday,20,0,0,Sunny,29.5,8,5,4.75,12,1.05
2025-06-13 20:15:00,Friday,20,0,0,Stormy,30.2,6,4,5.92,13,3.08
2025-06-13 20:30:00,Friday,20,0,0,Sunny,30.8,6,4,3.51,9,2.53
2025-06-13 20:45:00,Friday,20,0,0,Sunny,27.6,5,4,5.43,10,1.28
2025-06-13 21:00:00,Friday,21,0,0,Sunny,26.8,6,4,6.03,14,3.79
2025-06-13 21:15:00,Friday,21,0,0,Sunny,29.3,4,4,5.46,8,4.61
2025-06-13 21:30:00,Friday,21,0,0,Sunny,31.1,3,4,4.77,4,0.5
2025-06-13 21:45:00,Friday,21,0,0,Sunny,29.4,11,4,5.54,21,15.12
2025-06-14 08:00:00,Saturday,8,1,0,Cloudy,21.8,1,4,5.9,3,0.5
2025-06-14 08:15:00,Saturday,8,1,0,Cloudy,21.8,1,4,3.96,0,0.5
2025-06-14 08:30:00,Saturday,8,1,0,Cloudy,23.3,3,4,5.84,5,2.3
2025-06-14 08:45:00,Saturday,8,1,0,Cloudy,23.7,2,4,5.66,4,0.5
2025-06-14 09:00:00,Saturday,9,1,0,Cloudy,23.6,1,6,5.09,3,0.5
2025-06-14 09:15:00,Saturday,9,1,0,Cloudy,26.1,3,6,5.97,4,0.5
2025-06-14 09:30:00,Saturday,9,1,0,Cloudy,23.7,4,5,4.5,12,3.78
2025-06-14 09:45:00,Saturday,9,1,0,Rainy,23.5,6,5,7.27,11,7.93
2025-06-14 10:00:00,Saturday,10,1,0,Cloudy,22.8,1,5,4.52,0,0.5
2025-06-14 10:15:00,Saturday,10,1,0,Cloudy,26.0,10,5,4.76,19,8.3
2025-06-14 10:30:00,Saturday,10,1,0,Cloudy,21.4,7,5,5.3,13,6.83
2025-06-14 10:45:00,Saturday,10,1,0,Cloudy,22.4,10,4,4.97,19,13.4
2025-06-14 11:00:00,Saturday,11,1,0,Cloudy,22.4,7,6,6.1,12,2.45
2025-06-14 11:15:00,Saturday,11,1,0,Cloudy,21.4,5,6,7.66,7,3.72
2025-06-14 11:30:00,Saturday,11,1,0,Cloudy,23.5,11,6,5.58,22,7.39
2025-06-14 11:45:00,Saturday,11,1,0,Cloudy,25.8,15,6,5.63,31,10.23
2025-06-14 12:00:00,Saturday,12,1,0,Cloudy,23.9,19,6,6.5,37,17.46
2025-06-14 12:15:00,Saturday,12,1,0,Cloudy,24.7,17,6,5.46,34,15.49
2025-06-14 12:30:00,Saturday,12,1,0,Cloudy,22.8,14,6,7.16,23,15.78
2025-06-14 12:45:00,Saturday,12,1,0,Cloudy,21.8,14,5,6.47,25,14.01
2025-06-14 13:00:00,Saturday,13,1,0,Cloudy,22.2,15,6,6.63,27,14.12
2025-06-14 13:15:00,Saturday,13,1,0,Cloudy,23.8,16,6,6.38,26,17.07
2025-06-14 13:30:00,Saturday,13,1,0,Cloudy,24.1,17,6,5.03,29,10.93
2025-06-14 13:45:00,Saturday,13,1,0,Cloudy,22.0,7,6,6.81,13,10.02
2025-06-14 14:00:00,Saturday,14,1,0,Cloudy,23.9,4,6,6.67,5,0.5
2025-06-14 14:15:00,Saturday,14,1,0,Cloudy,22.5,5,4,5.81,6,6.15
2025-06-14 14:30:00,Saturday,14,1,0,Cloudy,25.5,5,6,4.36,11,0.5
2025-06-14 14:45:00,Saturday,14,1,0,Cloudy,27.1,5,6,6.55,11,5.04
2025-06-14 15:00:00,Saturday,15,1,0,Cloudy,23.5,8,5,7.45,15,10.69
2025-06-14 15:15:00,Saturday,15,1,0,Cloudy,23.1,5,5,5.11,7,2.68
2025-06-14 15:30:00,Saturday,15,1,0,Cloudy,25.3,9,5,4.81,22,7.58
2025-06-14 15:45:00,Saturday,15,1,0,Cloudy,24.0,11,4,5.29,23,12.16
2025-06-14 16:00:00,Saturday,16,1,0,Cloudy,24.0,10,5,5.46,18,8.31
2025-06-14 16:15:00,Saturday,16,1,0,Cloudy,23.1,12,5,6.42,20,13.3
2025-06-14 16:30:00,Saturday,16,1,0,Cloudy,22.2,8,5,5.47,16,3.54
2025-06-14 16:45:00,Saturday,16,1,0,Cloudy,21.0,11,5,5.12,19,8.69
2025-06-14 17:00:00,Saturday,17,1,0,Cloudy,24.2,9,6,5.61,17,6.29
2025-06-14 17:15:00,Saturday,17,1,0,Cloudy,21.1,19,5,7.45,38,26.34
2025-06-14 17:30:00,Saturday,17,1,0,Cloudy,25.5,7,6,5.59,9,4.81
2025-06-14 17:45:00,Saturday,17,1,0,Cloudy,25.5,18,5,6.18,37,28.15
2025-06-14 18:00:00,Saturday,18,1,0,Cloudy,23.7,23,6,6.04,36,28.64
2025-06-14 18:15:00,Saturday,18,1,0,Cloudy,25.0,18,5,5.71,35,19.7
2025-06-14 18:30:00,Saturday,18,1,0,Cloudy,24.5,20,5,6.75,34,24.91
2025-06-14 18:45:00,Saturday,18,1,0,Cloudy,23.1,16,6,5.03,36,10.01
2025-06-14 19:00:00,Saturday,19,1,0,Sunny,20.9,12,5,5.27,25,8.23
2025-06-14 19:15:00,Saturday,19,1,0,Cloudy,21.4,10,5,6.27,20,19.22
2025-06-14 19:30:00,Saturday,19,1,0,Cloudy,23.4,15,4,6.44,28,23.31
2025-06-14 19:45:00,Saturday,19,1,0,Cloudy,24.0,19,6,7.01,39,21.05
2025-06-14 20:00:00,Saturday,20,1,0,Cloudy,22.3,13,5,5.49,22,14.59
2025-06-14 20:15:00,Saturday,20,1,0,Stormy,25.3,7,3,5.79,13,15.71
2025-06-14 20:30:00,Saturday,20,1,0,Cloudy,24.4,9,4,5.5,18,8.78
2025-06-14 20:45:00,Saturday,20,1,0,Cloudy,22.8,9,3,4.8,20,15.7
2025-06-14 21:00:00,Saturday,21,1,0,Cloudy,22.8,15,4,6.83,25,23.67
2025-06-14 21:15:00,Saturday,21,1,0,Cloudy,21.5,5,4,4.75,6,2.92
2025-06-14 21:30:00,Saturday,21,1,0,Cloudy,25.2,5,5,5.16,10,0.5
2025-06-14 21:45:00,Saturday,21,1,0,Cloudy,20.3,3,4,5.35,8,1.71
2025-06-15 08:00:00,Sunday,8,1,0,Cloudy,19.4,3,4,5.53,5,3.23
2025-06-15 08:15:00,Sunday,8,1,0,Cloudy,19.9,6,4,6.06,12,5.28
2025-06-15 08:30:00,Sunday,8,1,0,Cloudy,19.3,5,4,3.94,9,0.5
2025-06-15 08:45:00,Sunday,8,1,0,Cloudy,20.8,3,3,5.15,3,5.48
2025-06-15 09:00:00,Sunday,9,1,0,Cloudy,21.9,2,5,5.65,5,0.5
2025-06-15 09:15:00,Sunday,9,1,0,Cloudy,20.4,5,5,6.59,8,0.5
2025-06-15 09:30:00,Sunday,9,1,0,Cloudy,20.0,3,5,6.0,7,0.5
2025-06-15 09:45:00,Sunday,9,1,0,Cloudy,19.9,5,5,4.86,3,0.81
2025-06-15 10:00:00,Sunday,10,1,0,Cloudy,17.5,2,5,4.49,6,0.5
2025-06-15 10:15:00,Sunday,10,1,0,Cloudy,20.7,5,5,5.77,10,3.28
2025-06-15 10:30:00,Sunday,10,1,0,Cloudy,20.4,4,5,5.71,6,0.5
2025-06-15 10:45:00,Sunday,10,1,0,Cloudy,21.3,8,5,5.31,13,6.57
2025-06-15 11:00:00,Sunday,11,1,0,Cloudy,22.4,10,6,6.65,19,5.53
2025-06-15 11:15:00,Sunday,11,1,0,Cloudy,19.9,13,7,6.7,28,9.33
2025-06-15 11:30:00,Sunday,11,1,0,Cloudy,19.1,14,6,5.61,26,9.79
2025-06-15 11:45:00,Sunday,11,1,0,Cloudy,20.8,7,6,4.8,14,0.52
2025-06-15 12:00:00,Sunday,12,1,0,Cloudy,20.0,13,6,5.25,25,10.06
2025-06-15 12:15:00,Sunday,12,1,0,Cloudy,17.5,19,6,7.98,36,18.76
2025-06-15 12:30:00,Sunday,12,1,0,Cloudy,23.5,17,5,6.62,33,16.86
2025-06-15 12:45:00,Sunday,12,1,0,Cloudy,21.7,9,6,5.3,18,3.14
2025-06-15 13:00:00,Sunday,13,1,0,Cloudy,21.5,11,6,5.6,17,8.49
2025-06-15 13:15:00,Sunday,13,1,0,Sunny,19.0,9,6,5.94,15,5.1
2025-06-15 13:30:00,Sunday,13,1,0,Cloudy,18.9,12,6,5.06,29,1.63
2025-06-15 13:45:00,Sunday,13,1,0,Cloudy,24.1,14,6,6.81,28,18.86
2025-06-15 14:00:00,Sunday,14,1,0,Cloudy,21.0,7,6,5.0,12,1.43
2025-06-15 14:15:00,Sunday,14,1,0,Cloudy,19.5,6,5,6.88,13,4.93
2025-06-15 14:30:00,Sunday,14,1,0,Cloudy,18.5,8,4,6.82,13,8.72
2025-06-15 14:45:00,Sunday,14,1,0,Cloudy,19.4,6,5,4.86,13,0.5
2025-06-15 15:00:00,Sunday,15,1,0,Cloudy,19.9,5,5,4.12,14,5.49
2025-06-15 15:15:00,Sunday,15,1,0,Cloudy,18.1,5,5,5.43,10,3.28
2025-06-15 15:30:00,Sunday,15,1,0,Windy,18.3,9,4,5.47,13,11.07
2025-06-15 15:45:00,Sunday,15,1,0,Sunny,21.2,5,5,4.72,11,1.85
2025-06-15 16:00:00,Sunday,16,1,0,Cloudy,18.8,9,5,4.4,20,6.59
2025-06-15 16:15:00,Sunday,16,1,0,Cloudy,17.5,13,6,5.55,26,12.63
2025-06-15 16:30:00,Sunday,16,1,0,Cloudy,21.2,11,5,5.37,23,9.37
2025-06-15 16:45:00,Sunday,16,1,0,Cloudy,21.0,10,5,6.14,22,8.49
2025-06-15 17:00:00,Sunday,17,1,0,Cloudy,20.9,19,5,6.87,39,27.84
2025-06-15 17:15:00,Sunday,17,1,0,Sunny,23.4,7,6,5.03,14,2.68
2025-06-15 17:30:00,Sunday,17,1,0,Cloudy,18.8,15,5,5.73,26,16.0
2025-06-15 17:45:00,Sunday,17,1,0,Sunny,20.1,15,5,7.04,27,21.25
2025-06-15 18:00:00,Sunday,18,1,0,Cloudy,19.9,17,4,6.19,33,31.91
2025-06-15 18:15:00,Sunday,18,1,0,Cloudy,21.2,13,5,4.49,25,15.64
2025-06-15 18:30:00,Sunday,18,1,0,Cloudy,21.7,15,5,6.2,27,15.5
2025-06-15 18:45:00,Sunday,18,1,0,Cloudy,20.1,17,5,5.09,31,15.8
2025-06-15 19:00:00,Sunday,19,1,0,Cloudy,20.3,16,5,6.31,34,19.45
2025-06-15 19:15:00,Sunday,19,1,0,Cloudy,19.2,16,4,4.57,29,16.74
2025-06-15 19:30:00,Sunday,19,1,0,Cloudy,19.4,12,6,6.65,19,15.95
2025-06-15 19:45:00,Sunday,19,1,0,Cloudy,18.4,15,5,7.53,22,19.16
2025-06-15 20:00:00,Sunday,20,1,0,Cloudy,21.8,12,5,5.45,27,13.34
2025-06-15 20:15:00,Sunday,20,1,0,Cloudy,17.5,6,4,4.3,14,2.68
2025-06-15 20:30:00,Sunday,20,1,0,Cloudy,20.5,15,4,5.94,31,23.04
2025-06-15 20:45:00,Sunday,20,1,0,Cloudy,20.8,5,4,4.95,13,8.45
2025-06-15 21:00:00,Sunday,21,1,0,Cloudy,18.4,8,4,5.64,18,8.59
2025-06-15 21:15:00,Sunday,21,1,0,Cloudy,21.8,9,4,5.32,18,14.49
2025-06-15 21:30:00,Sunday,21,1,0,Cloudy,19.1,6,4,4.19,12,7.05
2025-06-15 21:45:00,Sunday,21,1,0,Cloudy,18.5,3,4,6.48,9,1.45
2025-06-16 08:00:00,Monday,8,0,0,Rainy,17.4,0,4,4.99,0,0.5
2025-06-16 08:15:00,Monday,8,0,0,Rainy,16.9,2,4,5.06,5,2.67
2025-06-16 08:30:00,Monday,8,0,0,Windy,17.0,2,4,3.85,4,0.5
2025-06-16 08:45:00,Monday,8,0,0,Rainy,18.5,2,4,4.11,7,1.93
2025-06-16 09:00:00,Monday,9,0,0,Rainy,14.7,0,4,5.85,0,0.5
2025-06-16 09:15:00,Monday,9,0,0,Rainy,17.3,0,5,5.94,0,0.5
2025-06-16 09:30:00,Monday,9,0,0,Rainy,18.3,3,4,6.56,7,0.5
2025-06-16 09:45:00,Monday,9,0,0,Rainy,22.1,2,5,5.11,6,0.5
2025-06-16 10:00:00,Monday,10,0,0,Rainy,18.7,1,5,6.23,6,0.5
2025-06-16 10:15:00,Monday,10,0,0,Rainy,15.6,1,4,5.1,4,0.5
2025-06-16 10:30:00,Monday,10,0,0,Rainy,19.2,8,5,5.06,14,6.35
2025-06-16 10:45:00,Monday,10,0,0,Rainy,16.6,4,5,6.29,7,1.03
2025-06-16 11:00:00,Monday,11,0,0,Rainy,17.2,6,6,4.44,13,0.5
2025-06-16 11:15:00,Monday,11,0,0,Rainy,19.5,8,6,5.94,15,1.65
2025-06-16 11:30:00,Monday,11,0,0,Rainy,20.1,5,5,6.7,9,5.67
2025-06-16 11:45:00,Monday,11,0,0,Rainy,18.2,3,6,5.88,6,0.5
2025-06-16 12:00:00,Monday,12,0,0,Rainy,16.7,7,6,4.79,16,2.7
2025-06-16 12:15:00,Monday,12,0,0,Rainy,18.1,12,6,5.47,23,10.9
2025-06-16 12:30:00,Monday,12,0,0,Rainy,20.5,7,6,5.38,12,4.6
2025-06-16 12:45:00,Monday,12,0,0,Rainy,18.6,7,6,5.97,14,8.45
2025-06-16 13:00:00,Monday,13,0,0,Rainy,18.1,5,6,4.7,11,2.51
2025-06-16 13:15:00,Monday,13,0,0,Rainy,18.3,5,6,4.94,10,1.55
2025-06-16 13:30:00,Monday,13,0,0,Cloudy,20.2,8,6,6.5,15,2.03
2025-06-16 13:45:00,Monday,13,0,0,Rainy,18.7,5,6,6.05,9,6.0
2025-06-16 14:00:00,Monday,14,0,0,Rainy,17.5,2,7,5.36,3,0.5
2025-06-16 14:15:00,Monday,14,0,0,Rainy,19.4,5,5,5.26,11,4.62
2025-06-16 14:30:00,Monday,14,0,0,Rainy,16.6,0,5,5.13,2,0.5
2025-06-16 14:45:00,Monday,14,0,0,Rainy,19.2,3,5,5.01,8,0.5
2025-06-16 15:00:00,Monday,15,0,0,Rainy,19.7,2,5,5.31,3,0.5
2025-06-16 15:15:00,Monday,15,0,0,Cloudy,21.5,4,5,4.9,11,4.05
2025-06-16 15:30:00,Monday,15,0,0,Rainy,18.9,0,5,5.69,0,0.5
2025-06-16 15:45:00,Monday,15,0,0,Rainy,19.6,3,5,6.24,5,5.01
2025-06-16 16:00:00,Monday,16,0,0,Rainy,21.7,3,5,5.77,6,0.5
2025-06-16 16:15:00,Monday,16,0,0,Sunny,18.0,10,4,6.24,24,15.24
2025-06-16 16:30:00,Monday,16,0,0,Rainy,19.8,6,5,5.73,10,0.5
2025-06-16 16:45:00,Monday,16,0,0,Rainy,18.2,7,5,4.92,14,5.24
2025-06-16 17:00:00,Monday,17,0,0,Rainy,20.7,14,5,6.38,28,23.83
2025-06-16 17:15:00,Monday,17,0,0,Rainy,18.4,5,4,5.4,8,6.7
2025-06-16 17:30:00,Monday,17,0,0,Rainy,19.3,10,6,6.41,19,4.47
2025-06-16 17:45:00,Monday,17,0,0,Rainy,18.1,12,6,5.79,22,9.55
2025-06-16 18:00:00,Monday,18,0,0,Rainy,20.8,9,5,5.32,20,8.6
2025-06-16 18:15:00,Monday,18,0,0,Rainy,22.3,6,5,3.94,11,5.97
2025-06-16 18:30:00,Monday,18,0,0,Rainy,20.3,13,5,4.86,30,13.93
2025-06-16 18:45:00,Monday,18,0,0,Rainy,19.1,10,5,5.77,19,5.53
2025-06-16 19:00:00,Monday,19,0,0,Rainy,19.4,7,6,6.77,9,6.2
2025-06-16 19:15:00,Monday,19,0,0,Sunny,19.1,11,5,6.36,18,6.75
2025-06-16 19:30:00,Monday,19,0,0,Rainy,20.8,7,5,5.61,12,6.67
2025-06-16 19:45:00,Monday,19,0,0,Rainy,16.8,11,5,7.11,18,13.99
2025-06-16 20:00:00,Monday,20,0,0,Rainy,20.1,7,5,5.96,15,6.48
2025-06-16 20:15:00,Monday,20,0,0,Rainy,19.3,8,4,5.13,16,7.44
2025-06-16 20:30:00,Monday,20,0,0,Rainy,16.4,5,4,5.5,5,2.18
2025-06-16 20:45:00,Monday,20,0,0,Rainy,16.6,4,3,5.93,8,7.4
2025-06-16 21:00:00,Monday,21,0,0,Rainy,18.4,8,4,4.37,18,5.71
2025-06-16 21:15:00,Monday,21,0,0,Rainy,18.8,5,3,5.93,11,6.88
2025-06-16 21:30:00,Monday,21,0,0,Rainy,17.2,4,4,5.63,11,3.15
2025-06-16 21:45:00,Monday,21,0,0,Rainy,15.8,4,4,4.07,10,0.64
2025-06-17 08:00:00,Tuesday,8,0,0,Sunny,25.6,3,3,4.99,5,0.5
2025-06-17 08:15:00,Tuesday,8,0,0,Sunny,30.3,0,4,6.15,1,0.5
2025-06-17 08:30:00,Tuesday,8,0,0,Sunny,29.0,1,4,5.29,0,0.5
2025-06-17 08:45:00,Tuesday,8,0,0,Rainy,25.6,4,5,4.89,9,0.5
2025-06-17 09:00:00,Tuesday,9,0,0,Sunny,31.1,3,5,4.84,7,0.5
2025-06-17 09:15:00,Tuesday,9,0,0,Sunny,29.6,2,5,4.8,2,0.5
2025-06-17 09:30:00,Tuesday,9,0,0,Sunny,30.1,4,5,5.13,6,0.5
2025-06-17 09:45:00,Tuesday,9,0,0,Sunny,25.9,3,5,4.06,6,0.88
2025-06-17 10:00:00,Tuesday,10,0,0,Sunny,28.1,3,4,5.24,7,3.27
2025-06-17 10:15:00,Tuesday,10,0,0,Cloudy,31.0,3,5,6.18,6,0.5
2025-06-17 10:30:00,Tuesday,10,0,0,Sunny,27.0,10,5,4.27,23,7.65
2025-06-17 10:45:00,Tuesday,10,0,0,Sunny,28.9,5,5,7.8,11,2.71
2025-06-17 11:00:00,Tuesday,11,0,0,Sunny,27.0,10,6,6.61,25,1.74
2025-06-17 11:15:00,Tuesday,11,0,0,Sunny,26.5,6,7,6.11,17,0.5
2025-06-17 11:30:00,Tuesday,11,0,0,Rainy,28.5,3,6,5.63,6,0.5
2025-06-17 11:45:00,Tuesday,11,0,0,Sunny,29.5,6,6,5.9,8,0.5
2025-06-17 12:00:00,Tuesday,12,0,0,Sunny,28.6,7,6,6.74,13,2.3
2025-06-17 12:15:00,Tuesday,12,0,0,Sunny,29.2,11,6,4.95,26,2.56
2025-06-17 12:30:00,Tuesday,12,0,0,Sunny,27.4,8,7,6.0,16,7.1
2025-06-17 12:45:00,Tuesday,12,0,0,Sunny,30.2,12,7,5.48,25,7.73
2025-06-17 13:00:00,Tuesday,13,0,0,Sunny,28.0,9,7,6.41,15,0.79
2025-06-17 13:15:00,Tuesday,13,0,0,Sunny,27.4,12,6,6.7,23,12.59
2025-06-17 13:30:00,Tuesday,13,0,0,Sunny,30.2,8,6,5.76,17,4.11
2025-06-17 13:45:00,Tuesday,13,0,0,Sunny,27.6,8,6,5.56,13,5.87
2025-06-17 14:00:00,Tuesday,14,0,0,Sunny,26.8,6,7,6.51,11,0.5
2025-06-17 14:15:00,Tuesday,14,0,0,Sunny,28.2,7,4,6.53,12,10.24
2025-06-17 14:30:00,Tuesday,14,0,0,Sunny,26.9,3,5,4.86,9,0.5
2025-06-17 14:45:00,Tuesday,14,0,0,Sunny,29.9,7,6,4.69,13,0.5
2025-06-17 15:00:00,Tuesday,15,0,0,Sunny,26.9,6,5,5.4,13,6.68
2025-06-17 15:15:00,Tuesday,15,0,0,Cloudy,30.7,4,5,5.91,8,0.5
2025-06-17 15:30:00,Tuesday,15,0,0,Sunny,27.3,6,5,4.32,10,1.37
2025-06-17 15:45:00,Tuesday,15,0,0,Sunny,28.4,8,5,6.4,14,10.76
2025-06-17 16:00:00,Tuesday,16,0,0,Sunny,28.9,5,5,6.23,8,0.5
2025-06-17 16:15:00,Tuesday,16,0,0,Sunny,30.9,6,5,6.56,11,0.82
2025-06-17 16:30:00,Tuesday,16,0,0,Sunny,28.0,6,5,4.75,14,0.5
2025-06-17 16:45:00,Tuesday,16,0,0,Sunny,28.0,7,5,5.15,13,6.31
2025-06-17 17:00:00,Tuesday,17,0,0,Sunny,28.8,13,4,7.52,26,25.4
2025-06-17 17:15:00,Tuesday,17,0,0,Sunny,28.5,12,5,6.08,20,17.02
2025-06-17 17:30:00,Tuesday,17,0,0,Sunny,29.6,8,6,3.84,14,0.5
2025-06-17 17:45:00,Tuesday,17,0,0,Sunny,27.4,12,5,5.09,18,7.62
2025-06-17 18:00:00,Tuesday,18,0,0,Sunny,31.0,12,5,5.97,20,8.9
2025-06-17 18:15:00,Tuesday,18,0,0,Sunny,29.5,5,5,6.48,7,6.75
2025-06-17 18:30:00,Tuesday,18,0,0,Sunny,27.8,15,5,6.0,34,16.12
2025-06-17 18:45:00,Tuesday,18,0,0,Sunny,27.5,8,5,4.28,16,2.27
2025-06-17 19:00:00,Tuesday,19,0,0,Sunny,28.4,16,6,6.02,31,15.0
2025-06-17 19:15:00,Tuesday,19,0,0,Sunny,29.8,16,5,5.32,26,10.47
2025-06-17 19:30:00,Tuesday,19,0,0,Sunny,28.1,11,5,5.76,24,11.32
2025-06-17 19:45:00,Tuesday,19,0,0,Sunny,28.6,12,5,6.22,27,11.99
2025-06-17 20:00:00,Tuesday,20,0,0,Sunny,27.1,5,5,5.22,6,5.87
2025-06-17 20:15:00,Tuesday,20,0,0,Sunny,30.9,11,4,6.41,16,13.66
2025-06-17 20:30:00,Tuesday,20,0,0,Sunny,29.7,8,4,5.19,14,6.22
2025-06-17 20:45:00,Tuesday,20,0,0,Sunny,28.5,3,4,6.14,7,7.45
2025-06-17 21:00:00,Tuesday,21,0,0,Sunny,28.8,2,4,4.48,2,0.5
2025-06-17 21:15:00,Tuesday,21,0,0,Sunny,29.0,3,5,6.27,6,0.5
2025-06-17 21:30:00,Tuesday,21,0,0,Sunny,25.3,6,4,5.19,11,7.42
2025-06-17 21:45:00,Tuesday,21,0,0,Sunny,28.7,1,4,5.98,3,0.5
2025-06-18 08:00:00,Wednesday,8,0,0,Cloudy,23.0,3,3,5.66,6,1.15
2025-06-18 08:15:00,Wednesday,8,0,0,Cloudy,23.3,2,3,6.05,4,2.82
2025-06-18 08:30:00,Wednesday,8,0,0,Cloudy,25.9,2,3,5.23,2,0.5
2025-06-18 08:45:00,Wednesday,8,0,0,Cloudy,26.4,3,3,4.06,6,0.5
2025-06-18 09:00:00,Wednesday,9,0,0,Cloudy,25.2,4,4,6.42,10,4.51
2025-06-18 09:15:00,Wednesday,9,0,0,Cloudy,25.5,3,4,5.03,2,0.5
2025-06-18 09:30:00,Wednesday,9,0,0,Cloudy,26.0,3,4,5.84,5,0.5
2025-06-18 09:45:00,Wednesday,9,0,0,Cloudy,26.0,0,4,3.93,0,0.5
2025-06-18 10:00:00,Wednesday,10,0,0,Cloudy,22.7,3,4,4.5,8,1.0
2025-06-18 10:15:00,Wednesday,10,0,0,Cloudy,22.9,5,5,5.09,9,2.61
2025-06-18 10:30:00,Wednesday,10,0,0,Cloudy,23.4,6,4,6.32,11,1.7
2025-06-18 10:45:00,Wednesday,10,0,0,Cloudy,26.8,10,4,4.32,20,9.42
2025-06-18 11:00:00,Wednesday,11,0,0,Cloudy,27.1,7,5,6.4,13,6.13
2025-06-18 11:15:00,Wednesday,11,0,0,Cloudy,23.7,10,5,5.41,16,10.91
2025-06-18 11:30:00,Wednesday,11,0,0,Cloudy,25.3,7,5,5.36,9,2.57
2025-06-18 11:45:00,Wednesday,11,0,0,Cloudy,25.7,5,5,5.81,11,0.5
2025-06-18 12:00:00,Wednesday,12,0,0,Cloudy,23.4,12,5,5.87,25,11.3
2025-06-18 12:15:00,Wednesday,12,0,0,Cloudy,25.6,8,5,6.22,16,6.45
2025-06-18 12:30:00,Wednesday,12,0,0,Cloudy,24.7,11,5,6.77,20,8.31
2025-06-18 12:45:00,Wednesday,12,0,0,Cloudy,26.5,8,6,5.32,17,0.5
2025-06-18 13:00:00,Wednesday,13,0,0,Cloudy,23.4,10,5,4.47,20,2.4
2025-06-18 13:15:00,Wednesday,13,0,0,Cloudy,28.3,8,6,4.45,15,0.5
2025-06-18 13:30:00,Wednesday,13,0,0,Cloudy,25.1,10,4,6.22,22,15.05
2025-06-18 13:45:00,Wednesday,13,0,0,Cloudy,25.2,9,4,5.46,18,9.74
2025-06-18 14:00:00,Wednesday,14,0,0,Cloudy,26.1,14,5,5.95,28,14.09
2025-06-18 14:15:00,Wednesday,14,0,0,Sunny,26.1,2,5,5.49,3,0.5
2025-06-18 14:30:00,Wednesday,14,0,0,Cloudy,26.3,5,4,5.36,13,6.03
2025-06-18 14:45:00,Wednesday,14,0,0,Cloudy,29.0,4,4,4.63,6,3.13
2025-06-18 15:00:00,Wednesday,15,0,0,Cloudy,25.0,1,4,4.89,1,0.5
2025-06-18 15:15:00,Wednesday,15,0,0,Cloudy,25.8,4,4,6.51,7,4.87
2025-06-18 15:30:00,Wednesday,15,0,0,Cloudy,25.6,6,4,4.55,7,2.25
2025-06-18 15:45:00,Wednesday,15,0,0,Cloudy,25.5,4,4,4.81,7,2.14
2025-06-18 16:00:00,Wednesday,16,0,0,Cloudy,25.2,3,4,5.91,7,0.5
2025-06-18 16:15:00,Wednesday,16,0,0,Cloudy,23.8,11,4,6.58,20,17.97
2025-06-18 16:30:00,Wednesday,16,0,0,Cloudy,26.9,6,4,6.03,11,2.48
2025-06-18 16:45:00,Wednesday,16,0,0,Cloudy,22.9,9,5,6.82,17,9.04
2025-06-18 17:00:00,Wednesday,17,0,0,Cloudy,27.3,8,4,5.67,16,5.23
2025-06-18 17:15:00,Wednesday,17,0,0,Cloudy,26.4,8,4,5.38,13,7.57
2025-06-18 17:30:00,Wednesday,17,0,0,Cloudy,26.0,14,4,6.92,23,28.32
2025-06-18 17:45:00,Wednesday,17,0,0,Cloudy,25.6,7,5,5.53,16,6.28
2025-06-18 18:00:00,Wednesday,18,0,0,Cloudy,22.9,14,4,6.04,30,21.68
2025-06-18 18:15:00,Wednesday,18,0,0,Sunny,25.7,14,4,5.06,29,17.83
2025-06-18 18:30:00,Wednesday,18,0,0,Sunny,26.4,11,5,4.03,17,1.99
2025-06-18 18:45:00,Wednesday,18,0,0,Cloudy,24.8,12,4,5.19,22,9.95
2025-06-18 19:00:00,Wednesday,19,0,0,Cloudy,25.9,13,4,4.73,28,14.88
2025-06-18 19:15:00,Wednesday,19,0,0,Cloudy,23.7,7,4,5.06,12,5.24
2025-06-18 19:30:00,Wednesday,19,0,0,Cloudy,25.8,15,4,4.63,29,18.02
2025-06-18 19:45:00,Wednesday,19,0,0,Cloudy,26.3,12,4,7.21,27,18.86
2025-06-18 20:00:00,Wednesday,20,0,0,Cloudy,25.0,15,4,6.65,23,25.24
2025-06-18 20:15:00,Wednesday,20,0,0,Cloudy,25.8,14,3,6.72,22,29.53
2025-06-18 20:30:00,Wednesday,20,0,0,Cloudy,24.4,15,3,6.0,29,28.54
2025-06-18 20:45:00,Wednesday,20,0,0,Sunny,22.8,5,2,6.11,11,13.95
2025-06-18 21:00:00,Wednesday,21,0,0,Cloudy,24.0,8,3,5.95,17,18.43
2025-06-18 21:15:00,Wednesday,21,0,0,Cloudy,22.9,5,3,5.11,9,6.37
2025-06-18 21:30:00,Wednesday,21,0,0,Cloudy,29.8,2,3,7.01,7,3.32
2025-06-18 21:45:00,Wednesday,21,0,0,Cloudy,23.1,5,4,5.79,10,2.04
2025-06-19 08:00:00,Thursday,8,0,0,Rainy,18.9,1,3,5.19,1,0.5
2025-06-19 08:15:00,Thursday,8,0,0,Rainy,17.5,3,3,5.56,5,8.43
2025-06-19 08:30:00,Thursday,8,0,0,Rainy,15.7,2,3,5.57,4,3.41
2025-06-19 08:45:00,Thursday,8,0,0,Rainy,17.3,2,3,4.75,2,0.5
2025-06-19 09:00:00,Thursday,9,0,0,Rainy,17.7,1,4,6.27,3,1.75
2025-06-19 09:15:00,Thursday,9,0,0,Rainy,16.2,2,4,5.73,4,2.66
2025-06-19 09:30:00,Thursday,9,0,0,Rainy,18.7,1,4,5.67,6,0.5
2025-06-19 09:45:00,Thursday,9,0,0,Rainy,16.9,2,4,4.7,1,0.5
2025-06-19 10:00:00,Thursday,10,0,0,Rainy,17.0,0,4,5.99,0,0.5
2025-06-19 10:15:00,Thursday,10,0,0,Sunny,17.7,0,4,4.89,1,0.5
2025-06-19 10:30:00,Thursday,10,0,0,Windy,16.5,4,4,5.2,11,2.26
2025-06-19 10:45:00,Thursday,10,0,0,Rainy,16.4,2,4,6.17,1,0.5
2025-06-19 11:00:00,Thursday,11,0,0,Rainy,18.8,3,6,6.06,6,1.35
2025-06-19 11:15:00,Thursday,11,0,0,Rainy,18.8,7,6,6.26,9,0.5
2025-06-19 11:30:00,Thursday,11,0,0,Rainy,17.4,3,5,5.25,2,1.01
2025-06-19 11:45:00,Thursday,11,0,0,Rainy,19.0,8,5,5.4,18,5.24
2025-06-19 12:00:00,Thursday,12,0,0,Cloudy,19.0,17,5,6.03,31,17.52
2025-06-19 12:15:00,Thursday,12,0,0,Rainy,18.8,6,5,6.9,12,3.66
2025-06-19 12:30:00,Thursday,12,0,0,Rainy,16.4,8,5,5.83,15,8.0
2025-06-19 12:45:00,Thursday,12,0,0,Rainy,18.0,6,5,5.65,11,6.82
2025-06-19 13:00:00,Thursday,13,0,0,Rainy,15.7,4,5,6.11,11,2.35
2025-06-19 13:15:00,Thursday,13,0,0,Rainy,17.3,8,5,5.23,17,1.92
2025-06-19 13:30:00,Thursday,13,0,0,Rainy,17.8,12,5,5.43,21,11.09
2025-06-19 13:45:00,Thursday,13,0,0,Rainy,19.0,7,5,5.02,13,3.74
2025-06-19 14:00:00,Thursday,14,0,0,Rainy,19.2,5,4,5.37,9,8.46
2025-06-19 14:15:00,Thursday,14,0,0,Rainy,16.9,4,4,5.48,3,8.59
2025-06-19 14:30:00,Thursday,14,0,0,Rainy,17.6,6,5,5.02,6,2.7
2025-06-19 14:45:00,Thursday,14,0,0,Rainy,19.4,2,4,4.87,3,0.5
2025-06-19 15:00:00,Thursday,15,0,0,Rainy,16.6,5,4,5.31,6,1.83
2025-06-19 15:15:00,Thursday,15,0,0,Rainy,19.9,3,4,4.5,7,4.09
2025-06-19 15:30:00,Thursday,15,0,0,Rainy,15.3,4,4,6.6,7,4.79
2025-06-19 15:45:00,Thursday,15,0,0,Rainy,14.2,3,5,5.41,5,0.5
2025-06-19 16:00:00,Thursday,16,0,0,Rainy,16.2,4,3,5.12,11,10.66
2025-06-19 16:15:00,Thursday,16,0,0,Rainy,17.0,3,4,5.3,8,2.3
2025-06-19 16:30:00,Thursday,16,0,0,Rainy,19.4,4,3,5.81,10,5.57
2025-06-19 16:45:00,Thursday,16,0,0,Rainy,19.8,7,5,5.68,19,7.06
2025-06-19 17:00:00,Thursday,17,0,0,Rainy,19.4,4,4,5.88,8,3.57
2025-06-19 17:15:00,Thursday,17,0,0,Rainy,17.4,6,4,5.4,16,9.21
2025-06-19 17:30:00,Thursday,17,0,0,Sunny,18.2,23,4,7.15,53,45.9
2025-06-19 17:45:00,Thursday,17,0,0,Rainy,19.3,6,5,4.56,8,5.23
2025-06-19 18:00:00,Thursday,18,0,0,Rainy,17.3,8,4,6.19,18,12.25
2025-06-19 18:15:00,Thursday,18,0,0,Cloudy,16.9,13,3,7.15,22,36.27
2025-06-19 18:30:00,Thursday,18,0,0,Rainy,16.4,14,4,4.05,32,20.66
2025-06-19 18:45:00,Thursday,18,0,0,Rainy,19.3,12,4,6.44,18,21.3
2025-06-19 19:00:00,Thursday,19,0,0,Rainy,14.4,6,4,5.31,9,6.07
2025-06-19 19:15:00,Thursday,19,0,0,Sunny,17.2,10,4,5.58,18,12.01
2025-06-19 19:30:00,Thursday,19,0,0,Rainy,20.4,11,4,4.57,17,11.38
2025-06-19 19:45:00,Thursday,19,0,0,Rainy,17.9,5,4,6.66,7,8.18
2025-06-19 20:00:00,Thursday,20,0,0,Rainy,15.3,4,4,5.25,7,2.64
2025-06-19 20:15:00,Thursday,20,0,0,Rainy,16.2,4,3,6.91,5,7.57
2025-06-19 20:30:00,Thursday,20,0,0,Rainy,15.8,5,3,5.73,12,8.42
2025-06-19 20:45:00,Thursday,20,0,0,Rainy,17.1,3,3,4.9,6,3.78
2025-06-19 21:00:00,Thursday,21,0,0,Rainy,19.3,5,3,5.05,9,9.8
2025-06-19 21:15:00,Thursday,21,0,0,Rainy,15.0,2,3,4.34,7,2.22
2025-06-19 21:30:00,Thursday,21,0,0,Rainy,16.6,1,3,6.64,2,2.22
2025-06-19 21:45:00,Thursday,21,0,0,Rainy,16.7,2,3,4.05,4,2.44
2025-06-20 08:00:00,Friday,8,0,0,Sunny,32.2,3,3,5.06,3,0.5
2025-06-20 08:15:00,Friday,8,0,0,Sunny,29.9,2,3,4.58,2,0.5
2025-06-20 08:30:00,Friday,8,0,0,Sunny,28.2,1,3,5.42,3,0.5
2025-06-20 08:45:00,Friday,8,0,0,Sunny,30.4,4,3,4.7,4,1.36
2025-06-20 09:00:00,Friday,9,0,0,Sunny,31.5,1,4,5.7,0,0.5
2025-06-20 09:15:00,Friday,9,0,0,Sunny,31.2,2,5,5.28,3,0.5
2025-06-20 09:30:00,Friday,9,0,0,Sunny,29.0,3,4,6.66,3,0.5
2025-06-20 09:45:00,Friday,9,0,0,Sunny,29.3,3,4,5.49,5,0.5
2025-06-20 10:00:00,Friday,10,0,0,Sunny,29.3,3,4,4.43,7,4.17
2025-06-20 10:15:00,Friday,10,0,0,Sunny,29.3,2,5,5.6,7,0.5
2025-06-20 10:30:00,Friday,10,0,0,Sunny,29.4,3,4,5.36,3,0.5
2025-06-20 10:45:00,Friday,10,0,0,Sunny,29.8,3,4,4.68,7,0.5
2025-06-20 11:00:00,Friday,11,0,0,Sunny,29.9,10,5,5.52,20,7.9
2025-06-20 11:15:00,Friday,11,0,0,Sunny,28.6,6,4,5.27,12,6.47
2025-06-20 11:30:00,Friday,11,0,0,Sunny,30.9,6,5,4.9,10,1.71
2025-06-20 11:45:00,Friday,11,0,0,Sunny,29.1,9,5,6.31,16,7.31
2025-06-20 12:00:00,Friday,12,0,0,Sunny,30.3,9,4,6.35,13,9.5
2025-06-20 12:15:00,Friday,12,0,0,Sunny,31.9,10,5,6.41,17,7.45
2025-06-20 12:30:00,Friday,12,0,0,Rainy,31.5,13,5,5.45,21,15.77
2025-06-20 12:45:00,Friday,12,0,0,Sunny,32.1,14,6,5.57,29,8.43
2025-06-20 13:00:00,Friday,13,0,0,Sunny,30.8,8,5,6.45,15,6.75
2025-06-20 13:15:00,Friday,13,0,0,Sunny,29.3,10,5,5.97,19,10.92
2025-06-20 13:30:00,Friday,13,0,0,Sunny,32.6,11,4,6.25,24,16.36
2025-06-20 13:45:00,Friday,13,0,0,Sunny,33.0,5,5,4.93,10,0.5
2025-06-20 14:00:00,Friday,14,0,0,Sunny,32.6,6,6,6.14,9,0.58
2025-06-20 14:15:00,Friday,14,0,0,Sunny,33.1,4,5,6.54,6,0.5
2025-06-20 14:30:00,Friday,14,0,0,Sunny,32.3,8,4,5.29,17,9.53
2025-06-20 14:45:00,Friday,14,0,0,Sunny,29.5,2,4,6.39,3,0.5
2025-06-20 15:00:00,Friday,15,0,0,Sunny,31.6,6,4,5.53,9,2.72
2025-06-20 15:15:00,Friday,15,0,0,Sunny,30.7,4,5,6.91,10,0.58
2025-06-20 15:30:00,Friday,15,0,0,Sunny,32.0,5,4,7.19,11,7.16
2025-06-20 15:45:00,Friday,15,0,0,Sunny,31.7,4,4,5.94,4,2.05
2025-06-20 16:00:00,Friday,16,0,0,Sunny,31.4,3,3,5.31,8,3.87
2025-06-20 16:15:00,Friday,16,0,0,Sunny,30.3,7,4,6.14,15,8.5
2025-06-20 16:30:00,Friday,16,0,0,Sunny,29.2,5,4,5.2,6,5.66
2025-06-20 16:45:00,Friday,16,0,0,Sunny,29.3,6,4,4.39,11,4.78
2025-06-20 17:00:00,Friday,17,0,0,Sunny,30.2,12,4,4.68,24,10.17
2025-06-20 17:15:00,Friday,17,0,0,Sunny,30.5,7,4,6.21,12,4.37
2025-06-20 17:30:00,Friday,17,0,0,Sunny,29.4,15,4,7.05,25,30.54
2025-06-20 17:45:00,Friday,17,0,0,Rainy,31.0,8,5,4.33,14,6.18
2025-06-20 18:00:00,Friday,18,0,0,Sunny,31.0,18,5,5.37,35,16.96
2025-06-20 18:15:00,Friday,18,0,0,Sunny,30.0,15,5,6.96,30,15.22
2025-06-20 18:30:00,Friday,18,0,0,Sunny,31.5,14,4,6.22,30,26.65
2025-06-20 18:45:00,Friday,18,0,0,Sunny,32.3,15,5,6.36,31,20.39
2025-06-20 19:00:00,Friday,19,0,0,Sunny,31.3,20,4,5.21,39,28.27
2025-06-20 19:15:00,Friday,19,0,0,Sunny,27.3,13,5,5.27,27,11.73
2025-06-20 19:30:00,Friday,19,0,0,Sunny,31.1,17,4,5.6,36,23.96
2025-06-20 19:45:00,Friday,19,0,0,Sunny,30.7,10,4,5.77,22,8.47
2025-06-20 20:00:00,Friday,20,0,0,Sunny,33.7,10,4,4.31,17,4.68
2025-06-20 20:15:00,Friday,20,0,0,Sunny,29.4,16,3,7.65,24,43.35
2025-06-20 20:30:00,Friday,20,0,0,Sunny,31.7,4,3,6.13,9,7.04
2025-06-20 20:45:00,Friday,20,0,0,Sunny,31.0,5,4,4.71,7,1.58
2025-06-20 21:00:00,Friday,21,0,0,Sunny,30.5,8,2,6.52,9,25.48
2025-06-20 21:15:00,Friday,21,0,0,Sunny,30.8,6,2,4.82,16,13.4
2025-06-20 21:30:00,Friday,21,0,0,Sunny,28.1,0,3,5.13,3,0.5
2025-06-20 21:45:00,Friday,21,0,0,Sunny,29.8,6,2,5.77,13,18.09
2025-06-21 08:00:00,Saturday,8,1,0,Cloudy,26.0,4,3,5.29,8,6.11
2025-06-21 08:15:00,Saturday,8,1,0,Cloudy,23.8,4,3,5.62,8,3.3
2025-06-21 08:30:00,Saturday,8,1,0,Cloudy,26.8,4,3,5.59,6,7.25
2025-06-21 08:45:00,Saturday,8,1,0,Cloudy,26.2,4,3,4.76,7,1.53
2025-06-21 09:00:00,Saturday,9,1,0,Cloudy,25.5,2,4,4.32,6,0.5
2025-06-21 09:15:00,Saturday,9,1,0,Cloudy,24.9,2,3,4.93,6,2.15
2025-06-21 09:30:00,Saturday,9,1,0,Rainy,23.8,3,4,6.29,10,6.06
2025-06-21 09:45:00,Saturday,9,1,0,Cloudy,25.6,5,4,5.44,6,5.27
2025-06-21 10:00:00,Saturday,10,1,0,Cloudy,25.6,5,4,5.38,10,6.64
2025-06-21 10:15:00,Saturday,10,1,0,Cloudy,26.1,6,4,6.35,12,2.35
2025-06-21 10:30:00,Saturday,10,1,0,Cloudy,24.9,8,5,4.65,17,1.99
2025-06-21 10:45:00,Saturday,10,1,0,Cloudy,27.1,5,3,6.4,9,16.07
2025-06-21 11:00:00,Saturday,11,1,0,Cloudy,26.1,5,5,7.74,9,5.4
2025-06-21 11:15:00,Saturday,11,1,0,Cloudy,27.3,12,5,5.33,22,9.52
2025-06-21 11:30:00,Saturday,11,1,0,Cloudy,27.0,14,5,5.16,31,18.87
2025-06-21 11:45:00,Saturday,11,1,0,Cloudy,26.1,9,5,6.0,21,6.69
2025-06-21 12:00:00,Saturday,12,1,0,Cloudy,23.7,13,5,6.16,22,18.02
2025-06-21 12:15:00,Saturday,12,1,0,Cloudy,26.8,15,5,4.67,29,14.28
2025-06-21 12:30:00,Saturday,12,1,0,Cloudy,24.4,13,5,6.86,23,17.19
2025-06-21 12:45:00,Saturday,12,1,0,Rainy,23.0,10,4,4.75,16,10.35
2025-06-21 13:00:00,Saturday,13,1,0,Cloudy,25.0,11,5,5.59,17,12.59
2025-06-21 13:15:00,Saturday,13,1,0,Cloudy,24.6,13,5,7.59,22,17.06
2025-06-21 13:30:00,Saturday,13,1,0,Cloudy,26.0,15,5,6.6,30,17.7
2025-06-21 13:45:00,Saturday,13,1,0,Cloudy,22.7,7,4,6.18,13,6.67
2025-06-21 14:00:00,Saturday,14,1,0,Cloudy,29.3,12,5,5.33,25,16.21
2025-06-21 14:15:00,Saturday,14,1,0,Cloudy,26.4,5,4,5.83,12,5.99
2025-06-21 14:30:00,Saturday,14,1,0,Cloudy,26.9,6,3,5.64,12,12.66
2025-06-21 14:45:00,Saturday,14,1,0,Cloudy,28.0,7,4,5.58,13,10.83
2025-06-21 15:00:00,Saturday,15,1,0,Sunny,24.5,6,4,5.45,13,12.56
2025-06-21 15:15:00,Saturday,15,1,0,Cloudy,26.4,7,4,3.82,15,7.9
2025-06-21 15:30:00,Saturday,15,1,0,Cloudy,27.7,5,4,5.43,8,5.68
2025-06-21 15:45:00,Saturday,15,1,0,Cloudy,26.5,6,3,5.75,12,11.17
2025-06-21 16:00:00,Saturday,16,1,0,Cloudy,25.0,11,4,5.11,18,12.81
2025-06-21 16:15:00,Saturday,16,1,0,Cloudy,26.9,7,4,5.06,11,7.84
2025-06-21 16:30:00,Saturday,16,1,0,Cloudy,25.1,17,4,5.5,34,27.73
2025-06-21 16:45:00,Saturday,16,1,0,Cloudy,26.6,5,4,5.04,4,3.08
2025-06-21 17:00:00,Saturday,17,1,0,Cloudy,27.9,13,3,8.58,19,39.74
2025-06-21 17:15:00,Saturday,17,1,0,Cloudy,25.0,12,4,6.39,25,17.99
2025-06-21 17:30:00,Saturday,17,1,0,Cloudy,26.4,14,4,5.2,24,21.92
2025-06-21 17:45:00,Saturday,17,1,0,Cloudy,23.4,14,4,4.88,28,21.53
2025-06-21 18:00:00,Saturday,18,1,0,Cloudy,26.8,9,3,6.42,20,18.91
2025-06-21 18:15:00,Saturday,18,1,0,Cloudy,26.9,13,4,7.45,26,30.73
2025-06-21 18:30:00,Saturday,18,1,0,Cloudy,26.5,17,4,6.36,30,26.15
2025-06-21 18:45:00,Saturday,18,1,0,Cloudy,26.7,12,4,5.99,25,14.92
2025-06-21 19:00:00,Saturday,19,1,0,Cloudy,26.6,21,5,7.58,47,31.56
2025-06-21 19:15:00,Saturday,19,1,0,Sunny,26.0,12,3,5.89,23,21.94
2025-06-21 19:30:00,Saturday,19,1,0,Cloudy,27.4,20,5,7.77,39,32.61
2025-06-21 19:45:00,Saturday,19,1,0,Cloudy,27.0,14,4,6.14,26,22.94
2025-06-21 20:00:00,Saturday,20,1,0,Cloudy,25.2,12,4,5.88,26,20.48
2025-06-21 20:15:00,Saturday,20,1,0,Cloudy,26.2,13,3,7.22,26,32.24
2025-06-21 20:30:00,Saturday,20,1,0,Cloudy,25.9,8,3,5.5,16,15.94
2025-06-21 20:45:00,Saturday,20,1,0,Cloudy,22.5,8,3,4.37,13,12.47
2025-06-21 21:00:00,Saturday,21,1,0,Cloudy,27.2,7,3,5.12,14,9.62
2025-06-21 21:15:00,Saturday,21,1,0,Sunny,27.2,4,3,5.64,8,7.84
2025-06-21 21:30:00,Saturday,21,1,0,Rainy,27.6,4,2,5.6,3,12.51
2025-06-21 21:45:00,Saturday,21,1,0,Cloudy,24.9,7,3,4.87,12,6.51
2025-06-22 08:00:00,Sunday,8,1,0,Sunny,25.3,4,4,5.68,8,0.5
2025-06-22 08:15:00,Sunday,8,1,0,Sunny,24.8,2,4,5.98,3,3.09
2025-06-22 08:30:00,Sunday,8,1,0,Sunny,30.3,1,4,5.97,0,0.5
2025-06-22 08:45:00,Sunday,8,1,0,Sunny,26.9,5,4,6.14,9,5.47
2025-06-22 09:00:00,Sunday,9,1,0,Sunny,28.6,1,5,5.62,3,0.5
2025-06-22 09:15:00,Sunday,9,1,0,Sunny,27.4,4,5,5.31,6,4.25
2025-06-22 09:30:00,Sunday,9,1,0,Sunny,24.3,5,6,5.05,9,0.5
2025-06-22 09:45:00,Sunday,9,1,0,Sunny,26.4,2,5,4.73,5,0.5
2025-06-22 10:00:00,Sunday,10,1,0,Sunny,25.4,5,5,5.78,11,1.76
2025-06-22 10:15:00,Sunday,10,1,0,Sunny,27.4,6,5,6.2,16,4.22
2025-06-22 10:30:00,Sunday,10,1,0,Sunny,23.6,6,5,4.2,13,0.5
2025-06-22 10:45:00,Sunday,10,1,0,Sunny,28.9,10,5,5.92,21,10.64
2025-06-22 11:00:00,Sunday,11,1,0,Sunny,27.5,8,7,5.73,16,3.86
2025-06-22 11:15:00,Sunday,11,1,0,Sunny,25.7,11,6,7.04,23,11.4
2025-06-22 11:30:00,Sunday,11,1,0,Sunny,28.5,14,6,6.39,29,11.61
2025-06-22 11:45:00,Sunday,11,1,0,Sunny,24.9,12,6,6.56,23,8.49
2025-06-22 12:00:00,Sunday,12,1,0,Sunny,24.4,9,6,4.97,19,2.73
2025-06-22 12:15:00,Sunday,12,1,0,Sunny,27.2,15,6,4.14,28,11.59
2025-06-22 12:30:00,Sunday,12,1,0,Sunny,28.4,8,6,5.63,21,7.63
2025-06-22 12:45:00,Sunday,12,1,0,Sunny,27.2,20,7,6.3,37,16.37
2025-06-22 13:00:00,Sunday,13,1,0,Sunny,26.2,18,6,6.15,29,22.7
2025-06-22 13:15:00,Sunday,13,1,0,Sunny,29.6,13,6,5.42,28,8.14
2025-06-22 13:30:00,Sunday,13,1,0,Sunny,26.7,7,6,5.23,10,1.73
2025-06-22 13:45:00,Sunday,13,1,0,Sunny,27.5,12,6,6.59,23,10.56
2025-06-22 14:00:00,Sunday,14,1,0,Sunny,27.9,8,5,6.59,13,9.96
2025-06-22 14:15:00,Sunday,14,1,0,Sunny,27.9,4,5,6.03,1,0.5
2025-06-22 14:30:00,Sunday,14,1,0,Sunny,28.6,10,5,4.66,22,6.63
2025-06-22 14:45:00,Sunday,14,1,0,Sunny,28.1,4,5,6.1,9,0.5
2025-06-22 15:00:00,Sunday,15,1,0,Sunny,28.9,4,5,5.58,10,3.61
2025-06-22 15:15:00,Sunday,15,1,0,Sunny,29.0,6,5,5.42,14,5.99
2025-06-22 15:30:00,Sunday,15,1,0,Sunny,29.2,6,6,5.06,11,3.8
2025-06-22 15:45:00,Sunday,15,1,0,Sunny,29.3,5,5,4.45,9,0.5
2025-06-22 16:00:00,Sunday,16,1,0,Sunny,27.7,10,5,4.91,19,8.06
2025-06-22 16:15:00,Sunday,16,1,0,Sunny,26.6,10,5,4.65,16,5.5
2025-06-22 16:30:00,Sunday,16,1,0,Sunny,26.5,11,5,5.69,19,7.95
2025-06-22 16:45:00,Sunday,16,1,0,Sunny,26.6,14,5,5.61,25,14.09
2025-06-22 17:00:00,Sunday,17,1,0,Sunny,26.2,16,5,6.64,33,21.05
2025-06-22 17:15:00,Sunday,17,1,0,Sunny,27.5,13,5,6.31,24,13.3
2025-06-22 17:30:00,Sunday,17,1,0,Sunny,29.8,18,5,6.83,37,25.62
2025-06-22 17:45:00,Sunday,17,1,0,Rainy,25.1,11,5,6.03,18,8.66
2025-06-22 18:00:00,Sunday,18,1,0,Sunny,26.8,24,5,6.33,38,29.54
2025-06-22 18:15:00,Sunday,18,1,0,Sunny,27.7,13,5,5.12,26,14.27
2025-06-22 18:30:00,Sunday,18,1,0,Sunny,26.3,13,5,6.14,20,16.35
2025-06-22 18:45:00,Sunday,18,1,0,Sunny,30.8,19,5,5.2,43,18.78
2025-06-22 19:00:00,Sunday,19,1,0,Sunny,24.4,16,4,7.07,32,30.78
2025-06-22 19:15:00,Sunday,19,1,0,Sunny,25.9,11,5,6.64,22,13.77
2025-06-22 19:30:00,Sunday,19,1,0,Sunny,26.6,19,4,5.68,34,28.95
2025-06-22 19:45:00,Sunday,19,1,0,Sunny,28.1,12,6,6.69,21,6.43
2025-06-22 20:00:00,Sunday,20,1,0,Sunny,26.4,8,5,5.3,13,3.0
2025-06-22 20:15:00,Sunday,20,1,0,Sunny,25.6,12,5,6.45,21,15.65
2025-06-22 20:30:00,Sunday,20,1,0,Windy,27.9,11,4,5.7,23,17.95
2025-06-22 20:45:00,Sunday,20,1,0,Sunny,25.2,10,5,5.64,22,12.79
2025-06-22 21:00:00,Sunday,21,1,0,Sunny,26.7,11,4,5.07,21,18.55
2025-06-22 21:15:00,Sunday,21,1,0,Windy,28.4,12,4,6.33,25,19.79
2025-06-22 21:30:00,Sunday,21,1,0,Sunny,27.3,9,5,5.14,18,5.62
2025-06-22 21:45:00,Sunday,21,1,0,Sunny,29.4,3,4,4.06,6,2.04
2025-06-23 08:00:00,Monday,8,0,0,Windy,23.4,2,4,5.29,4,0.5
2025-06-23 08:15:00,Monday,8,0,0,Windy,22.4,3,3,5.44,3,1.44
2025-06-23 08:30:00,Monday,8,0,0,Cloudy,23.7,2,5,5.0,0,0.5
2025-06-23 08:45:00,Monday,8,0,0,Windy,25.1,1,4,5.46,5,0.5
2025-06-23 09:00:00,Monday,9,0,0,Sunny,23.3,1,5,4.03,4,0.5
2025-06-23 09:15:00,Monday,9,0,0,Windy,24.1,1,5,5.27,0,0.5
2025-06-23 09:30:00,Monday,9,0,0,Rainy,24.5,0,5,4.27,0,0.5
2025-06-23 09:45:00,Monday,9,0,0,Sunny,24.2,1,5,7.77,3,0.5
2025-06-23 10:00:00,Monday,10,0,0,Windy,24.3,7,5,4.81,11,3.97
2025-06-23 10:15:00,Monday,10,0,0,Sunny,21.5,3,5,6.08,4,2.92
2025-06-23 10:30:00,Monday,10,0,0,Windy,22.8,8,5,4.86,13,1.21
2025-06-23 10:45:00,Monday,10,0,0,Windy,22.3,4,5,6.34,8,0.5
2025-06-23 11:00:00,Monday,11,0,0,Windy,24.6,3,6,5.99,6,0.5
2025-06-23 11:15:00,Monday,11,0,0,Windy,25.1,10,6,5.01,19,3.64
2025-06-23 11:30:00,Monday,11,0,0,Windy,24.4,3,5,5.06,7,1.6
2025-06-23 11:45:00,Monday,11,0,0,Windy,24.9,9,6,4.78,16,5.31
2025-06-23 12:00:00,Monday,12,0,0,Windy,21.7,10,6,5.11,15,1.85
2025-06-23 12:15:00,Monday,12,0,0,Windy,25.6,14,6,5.51,32,9.25
2025-06-23 12:30:00,Monday,12,0,0,Windy,29.8,13,5,6.41,25,16.34
2025-06-23 12:45:00,Monday,12,0,0,Windy,25.5,10,6,4.83,16,0.5
2025-06-23 13:00:00,Monday,13,0,0,Windy,23.2,3,6,5.08,5,0.5
2025-06-23 13:15:00,Monday,13,0,0,Windy,24.8,14,6,5.37,27,13.67
2025-06-23 13:30:00,Monday,13,0,0,Windy,21.7,10,6,4.78,25,3.95
2025-06-23 13:45:00,Monday,13,0,0,Windy,22.2,10,6,6.63,21,8.66
2025-06-23 14:00:00,Monday,14,0,0,Windy,24.8,7,6,5.14,14,1.81
2025-06-23 14:15:00,Monday,14,0,0,Windy,24.8,6,5,6.74,14,2.9
2025-06-23 14:30:00,Monday,14,0,0,Windy,25.3,6,5,4.25,7,2.88
2025-06-23 14:45:00,Monday,14,0,0,Windy,23.4,3,5,6.84,5,0.5
2025-06-23 15:00:00,Monday,15,0,0,Windy,24.8,6,5,5.2,14,5.89
2025-06-23 15:15:00,Monday,15,0,0,Windy,25.0,5,5,5.64,6,0.5
2025-06-23 15:30:00,Monday,15,0,0,Windy,25.7,10,5,6.36,22,10.92
2025-06-23 15:45:00,Monday,15,0,0,Windy,23.3,5,4,5.14,11,4.3
2025-06-23 16:00:00,Monday,16,0,0,Windy,24.9,2,5,5.33,4,0.77
2025-06-23 16:15:00,Monday,16,0,0,Windy,22.5,7,5,6.54,13,9.03
2025-06-23 16:30:00,Monday,16,0,0,Windy,25.1,10,5,4.67,18,7.71
2025-06-23 16:45:00,Monday,16,0,0,Sunny,22.5,11,6,4.63,19,1.43
2025-06-23 17:00:00,Monday,17,0,0,Windy,26.8,13,5,5.68,18,11.81
2025-06-23 17:15:00,Monday,17,0,0,Windy,24.5,6,5,5.82,10,0.5
2025-06-23 17:30:00,Monday,17,0,0,Windy,24.9,14,5,7.03,26,17.58
2025-06-23 17:45:00,Monday,17,0,0,Windy,25.1,9,5,4.71,20,2.28
2025-06-23 18:00:00,Monday,18,0,0,Windy,24.3,8,4,6.27,16,11.43
2025-06-23 18:15:00,Monday,18,0,0,Windy,25.0,10,5,6.37,22,10.2
2025-06-23 18:30:00,Monday,18,0,0,Windy,23.0,10,5,4.18,19,2.01
2025-06-23 18:45:00,Monday,18,0,0,Windy,22.6,12,5,4.96,27,6.24
2025-06-23 19:00:00,Monday,19,0,0,Windy,23.7,12,4,6.73,19,18.39
2025-06-23 19:15:00,Monday,19,0,0,Windy,24.3,6,5,4.3,12,3.2
2025-06-23 19:30:00,Monday,19,0,0,Windy,23.9,15,5,5.6,24,16.49
2025-06-23 19:45:00,Monday,19,0,0,Windy,23.3,8,5,5.48,16,4.68
2025-06-23 20:00:00,Monday,20,0,0,Windy,25.0,6,5,6.88,12,2.75
2025-06-23 20:15:00,Monday,20,0,0,Windy,25.4,5,4,5.29,8,2.82
2025-06-23 20:30:00,Monday,20,0,0,Rainy,25.8,7,3,5.16,11,10.61
2025-06-23 20:45:00,Monday,20,0,0,Windy,24.6,5,4,5.51,13,5.79
2025-06-23 21:00:00,Monday,21,0,0,Windy,21.1,9,3,4.72,17,12.8
2025-06-23 21:15:00,Monday,21,0,0,Windy,24.7,4,4,6.28,9,0.5
2025-06-23 21:30:00,Monday,21,0,0,Windy,24.2,2,4,5.15,3,0.5
2025-06-23 21:45:00,Monday,21,0,0,Windy,22.0,8,5,6.45,15,2.59
2025-06-24 08:00:00,Tuesday,8,0,0,Rainy,15.6,1,2,6.41,0,2.63
2025-06-24 08:15:00,Tuesday,8,0,0,Rainy,15.4,0,2,5.33,0,4.85
2025-06-24 08:30:00,Tuesday,8,0,0,Rainy,14.1,0,2,4.32,0,0.5
2025-06-24 08:45:00,Tuesday,8,0,0,Sunny,12.4,1,2,4.97,0,1.0
2025-06-24 09:00:00,Tuesday,9,0,0,Rainy,17.4,1,3,5.78,2,0.5
2025-06-24 09:15:00,Tuesday,9,0,0,Rainy,13.7,1,4,3.86,5,0.5
2025-06-24 09:30:00,Tuesday,9,0,0,Rainy,18.1,2,2,5.21,4,1.79
2025-06-24 09:45:00,Tuesday,9,0,0,Rainy,12.7,4,3,6.06,7,7.45
2025-06-24 10:00:00,Tuesday,10,0,0,Rainy,14.2,0,2,6.49,4,0.5
2025-06-24 10:15:00,Tuesday,10,0,0,Rainy,17.1,4,3,4.95,13,2.93
2025-06-24 10:30:00,Tuesday,10,0,0,Rainy,15.9,7,3,5.53,16,11.76
2025-06-24 10:45:00,Tuesday,10,0,0,Stormy,12.7,5,3,5.73,7,10.1
2025-06-24 11:00:00,Tuesday,11,0,0,Rainy,16.7,3,4,6.83,4,1.3
2025-06-24 11:15:00,Tuesday,11,0,0,Rainy,17.0,4,4,5.52,7,3.14
2025-06-24 11:30:00,Tuesday,11,0,0,Rainy,14.3,7,4,6.23,13,9.9
2025-06-24 11:45:00,Tuesday,11,0,0,Rainy,18.3,7,5,6.15,11,4.52
2025-06-24 12:00:00,Tuesday,12,0,0,Rainy,12.3,8,4,6.28,16,9.72
2025-06-24 12:15:00,Tuesday,12,0,0,Rainy,14.9,3,4,4.54,4,1.84
2025-06-24 12:30:00,Tuesday,12,0,0,Rainy,17.9,5,4,4.34,11,2.16
2025-06-24 12:45:00,Tuesday,12,0,0,Rainy,15.1,11,5,6.48,20,10.48
2025-06-24 13:00:00,Tuesday,13,0,0,Rainy,16.0,4,5,6.03,10,5.83
2025-06-24 13:15:00,Tuesday,13,0,0,Rainy,15.6,9,4,5.73,15,7.68
2025-06-24 13:30:00,Tuesday,13,0,0,Rainy,16.7,9,4,5.36,21,11.59
2025-06-24 13:45:00,Tuesday,13,0,0,Rainy,15.7,4,4,4.65,5,0.5
2025-06-24 14:00:00,Tuesday,14,0,0,Rainy,15.5,8,4,4.67,16,8.21
2025-06-24 14:15:00,Tuesday,14,0,0,Rainy,13.7,5,3,4.08,8,14.29
2025-06-24 14:30:00,Tuesday,14,0,0,Rainy,15.6,6,3,5.49,8,6.21
2025-06-24 14:45:00,Tuesday,14,0,0,Windy,16.8,7,2,6.02,15,20.31
2025-06-24 15:00:00,Tuesday,15,0,0,Windy,17.4,8,3,5.38,13,13.35
2025-06-24 15:15:00,Tuesday,15,0,0,Sunny,17.9,4,3,5.84,10,5.59
2025-06-24 15:30:00,Tuesday,15,0,0,Rainy,14.3,4,3,7.1,7,6.96
2025-06-24 15:45:00,Tuesday,15,0,0,Rainy,16.6,4,3,5.47,10,8.86
2025-06-24 16:00:00,Tuesday,16,0,0,Rainy,14.7,4,3,4.89,5,8.98
2025-06-24 16:15:00,Tuesday,16,0,0,Rainy,16.0,6,3,4.67,13,7.86
2025-06-24 16:30:00,Tuesday,16,0,0,Rainy,17.5,7,3,4.87,12,10.45
2025-06-24 16:45:00,Tuesday,16,0,0,Rainy,17.1,13,3,6.9,27,32.11
2025-06-24 17:00:00,Tuesday,17,0,0,Rainy,15.2,10,3,5.54,19,15.23
2025-06-24 17:15:00,Tuesday,17,0,0,Rainy,17.1,5,3,5.91,9,10.54
2025-06-24 17:30:00,Tuesday,17,0,0,Rainy,18.5,8,3,6.51,12,16.74
2025-06-24 17:45:00,Tuesday,17,0,0,Rainy,18.8,5,3,5.65,9,8.48
2025-06-24 18:00:00,Tuesday,18,0,0,Rainy,20.7,13,3,5.07,24,26.44
2025-06-24 18:15:00,Tuesday,18,0,0,Rainy,15.8,7,3,5.64,13,12.63
2025-06-24 18:30:00,Tuesday,18,0,0,Rainy,16.0,8,3,5.57,22,18.43
2025-06-24 18:45:00,Tuesday,18,0,0,Rainy,15.9,9,3,6.69,13,18.68
2025-06-24 19:00:00,Tuesday,19,0,0,Sunny,14.6,18,3,7.58,34,47.46
2025-06-24 19:15:00,Tuesday,19,0,0,Rainy,14.6,12,3,5.97,26,26.22
2025-06-24 19:30:00,Tuesday,19,0,0,Rainy,14.0,5,3,4.88,16,11.11
2025-06-24 19:45:00,Tuesday,19,0,0,Rainy,16.7,7,3,5.01,12,11.45
2025-06-24 20:00:00,Tuesday,20,0,0,Rainy,17.3,6,2,5.54,12,17.14
2025-06-24 20:15:00,Tuesday,20,0,0,Rainy,16.2,2,2,6.82,1,3.63
2025-06-24 20:30:00,Tuesday,20,0,0,Rainy,12.9,6,2,6.08,15,21.13
2025-06-24 20:45:00,Tuesday,20,0,0,Rainy,15.8,6,2,5.95,12,15.97
2025-06-24 21:00:00,Tuesday,21,0,0,Rainy,16.3,2,2,4.59,1,0.5
2025-06-24 21:15:00,Tuesday,21,0,0,Rainy,14.4,6,2,6.83,11,21.99
2025-06-24 21:30:00,Tuesday,21,0,0,Rainy,13.3,4,2,3.82,9,11.15
2025-06-24 21:45:00,Tuesday,21,0,0,Rainy,13.1,2,2,5.25,0,3.32
2025-06-25 08:00:00,Wednesday,8,0,0,Cloudy,26.2,2,2,5.78,4,3.42
2025-06-25 08:15:00,Wednesday,8,0,0,Cloudy,24.9,0,2,5.18,0,0.5
2025-06-25 08:30:00,Wednesday,8,0,0,Cloudy,24.4,2,1,7.0,11,14.48
2025-06-25 08:45:00,Wednesday,8,0,0,Cloudy,23.4,1,2,7.0,1,0.5
2025-06-25 09:00:00,Wednesday,9,0,0,Cloudy,22.1,0,3,6.65,0,0.5
2025-06-25 09:15:00,Wednesday,9,0,0,Cloudy,24.5,1,2,4.1,3,0.5
2025-06-25 09:30:00,Wednesday,9,0,0,Cloudy,24.6,4,3,6.49,7,3.0
2025-06-25 09:45:00,Wednesday,9,0,0,Cloudy,23.4,2,3,4.64,5,2.84
2025-06-25 10:00:00,Wednesday,10,0,0,Cloudy,23.7,3,3,4.83,4,0.69
2025-06-25 10:15:00,Wednesday,10,0,0,Cloudy,23.4,6,3,6.19,11,8.82
2025-06-25 10:30:00,Wednesday,10,0,0,Cloudy,20.9,4,3,4.53,7,7.23
2025-06-25 10:45:00,Wednesday,10,0,0,Cloudy,24.4,5,3,5.23,9,9.05
2025-06-25 11:00:00,Wednesday,11,0,0,Cloudy,24.3,3,4,5.05,3,0.5
2025-06-25 11:15:00,Wednesday,11,0,0,Cloudy,22.2,9,4,6.25,17,10.88
2025-06-25 11:30:00,Wednesday,11,0,0,Cloudy,23.0,9,4,7.02,21,10.88
2025-06-25 11:45:00,Wednesday,11,0,0,Cloudy,23.6,7,4,3.99,11,4.6
2025-06-25 12:00:00,Wednesday,12,0,0,Cloudy,21.8,9,4,7.1,17,13.72
2025-06-25 12:15:00,Wednesday,12,0,0,Cloudy,23.5,12,4,6.63,24,16.45
2025-06-25 12:30:00,Wednesday,12,0,0,Cloudy,20.1,7,4,5.94,14,8.23
2025-06-25 12:45:00,Wednesday,12,0,0,Cloudy,24.5,14,4,6.96,27,27.88
2025-06-25 13:00:00,Wednesday,13,0,0,Cloudy,24.9,7,4,5.12,13,6.51
2025-06-25 13:15:00,Wednesday,13,0,0,Cloudy,25.4,6,4,4.66,15,6.04
2025-06-25 13:30:00,Wednesday,13,0,0,Cloudy,27.7,7,4,5.05,14,6.58
2025-06-25 13:45:00,Wednesday,13,0,0,Cloudy,25.7,5,4,5.64,4,6.9
2025-06-25 14:00:00,Wednesday,14,0,0,Cloudy,25.4,7,4,5.16,15,5.37
2025-06-25 14:15:00,Wednesday,14,0,0,Cloudy,23.0,9,3,5.4,20,16.05
2025-06-25 14:30:00,Wednesday,14,0,0,Cloudy,25.6,6,3,4.39,8,6.23
2025-06-25 14:45:00,Wednesday,14,0,0,Cloudy,25.0,5,3,4.14,10,5.81
2025-06-25 15:00:00,Wednesday,15,0,0,Cloudy,25.1,6,3,4.37,16,8.1
2025-06-25 15:15:00,Wednesday,15,0,0,Cloudy,25.2,7,3,6.27,16,14.06
2025-06-25 15:30:00,Wednesday,15,0,0,Sunny,25.3,2,3,5.98,2,0.5
2025-06-25 15:45:00,Wednesday,15,0,0,Cloudy,23.9,4,3,5.18,8,3.51
2025-06-25 16:00:00,Wednesday,16,0,0,Cloudy,26.1,9,4,4.8,17,6.14
2025-06-25 16:15:00,Wednesday,16,0,0,Cloudy,24.0,9,4,5.57,18,9.34
2025-06-25 16:30:00,Wednesday,16,0,0,Cloudy,24.7,14,3,7.07,31,37.76
2025-06-25 16:45:00,Wednesday,16,0,0,Cloudy,22.2,7,3,5.36,14,10.52
2025-06-25 17:00:00,Wednesday,17,0,0,Cloudy,27.2,7,3,6.02,14,12.5
2025-06-25 17:15:00,Wednesday,17,0,0,Cloudy,24.2,16,3,6.11,29,36.55
2025-06-25 17:30:00,Wednesday,17,0,0,Cloudy,24.6,13,3,6.27,26,26.48
2025-06-25 17:45:00,Wednesday,17,0,0,Cloudy,24.8,7,3,5.14,15,8.4
2025-06-25 18:00:00,Wednesday,18,0,0,Cloudy,22.3,13,2,7.82,27,52.79
2025-06-25 18:15:00,Wednesday,18,0,0,Cloudy,28.8,8,3,5.44,17,13.66
2025-06-25 18:30:00,Wednesday,18,0,0,Cloudy,26.4,14,3,7.17,26,32.78
2025-06-25 18:45:00,Wednesday,18,0,0,Cloudy,23.6,15,2,8.14,28,57.8
2025-06-25 19:00:00,Wednesday,19,0,0,Sunny,22.9,17,3,5.86,36,39.41
2025-06-25 19:15:00,Wednesday,19,0,0,Cloudy,22.9,12,3,6.05,22,24.87
2025-06-25 19:30:00,Wednesday,19,0,0,Cloudy,26.3,7,3,5.9,11,10.95
2025-06-25 19:45:00,Wednesday,19,0,0,Cloudy,25.4,18,2,7.49,30,69.45
2025-06-25 20:00:00,Wednesday,20,0,0,Cloudy,23.4,9,3,5.14,19,13.01
2025-06-25 20:15:00,Wednesday,20,0,0,Cloudy,23.3,10,1,8.63,21,94.88
2025-06-25 20:30:00,Wednesday,20,0,0,Cloudy,23.9,6,2,4.22,13,16.35
2025-06-25 20:45:00,Wednesday,20,0,0,Cloudy,27.5,9,2,6.68,15,31.74
2025-06-25 21:00:00,Wednesday,21,0,0,Cloudy,23.1,4,3,5.82,6,4.44
2025-06-25 21:15:00,Wednesday,21,0,0,Cloudy,24.0,6,2,5.21,10,15.64
2025-06-25 21:30:00,Wednesday,21,0,0,Cloudy,24.9,7,2,6.9,16,26.82
2025-06-25 21:45:00,Wednesday,21,0,0,Cloudy,22.9,2,2,7.27,3,0.5
2025-06-26 08:00:00,Thursday,8,0,0,Cloudy,20.8,1,2,5.93,0,0.5
2025-06-26 08:15:00,Thursday,8,0,0,Cloudy,24.9,2,2,3.62,5,0.5
2025-06-26 08:30:00,Thursday,8,0,0,Cloudy,22.2,1,2,4.52,3,1.16
2025-06-26 08:45:00,Thursday,8,0,0,Cloudy,25.7,3,1,7.03,5,20.53
2025-06-26 09:00:00,Thursday,9,0,0,Cloudy,21.7,4,3,5.26,8,6.72
2025-06-26 09:15:00,Thursday,9,0,0,Cloudy,23.4,2,4,4.67,5,3.21
2025-06-26 09:30:00,Thursday,9,0,0,Cloudy,22.5,3,3,6.5,5,5.36
2025-06-26 09:45:00,Thursday,9,0,0,Cloudy,19.2,5,3,4.52,13,10.52
2025-06-26 10:00:00,Thursday,10,0,0,Cloudy,22.7,4,3,5.88,8,6.34
2025-06-26 10:15:00,Thursday,10,0,0,Cloudy,21.8,3,3,5.24,5,0.5
2025-06-26 10:30:00,Thursday,10,0,0,Cloudy,22.7,4,3,7.65,7,7.72
2025-06-26 10:45:00,Thursday,10,0,0,Cloudy,23.4,8,3,5.94,13,11.92
2025-06-26 11:00:00,Thursday,11,0,0,Cloudy,23.0,9,4,4.85,18,12.8
2025-06-26 11:15:00,Thursday,11,0,0,Cloudy,25.1,4,4,5.91,8,0.5
2025-06-26 11:30:00,Thursday,11,0,0,Cloudy,25.3,8,5,3.83,17,2.24
2025-06-26 11:45:00,Thursday,11,0,0,Cloudy,22.7,9,4,6.07,20,10.57
2025-06-26 12:00:00,Thursday,12,0,0,Cloudy,22.6,13,4,6.79,21,21.81
2025-06-26 12:15:00,Thursday,12,0,0,Cloudy,23.7,9,4,7.33,17,13.4
2025-06-26 12:30:00,Thursday,12,0,0,Cloudy,23.7,6,4,5.99,10,3.5
2025-06-26 12:45:00,Thursday,12,0,0,Cloudy,22.0,10,4,4.64,20,3.12
2025-06-26 13:00:00,Thursday,13,0,0,Cloudy,23.5,9,4,4.84,21,4.55
2025-06-26 13:15:00,Thursday,13,0,0,Cloudy,25.2,6,4,6.08,10,4.84
2025-06-26 13:30:00,Thursday,13,0,0,Cloudy,21.1,5,3,3.8,7,0.7
2025-06-26 13:45:00,Thursday,13,0,0,Cloudy,23.7,7,3,6.39,8,16.56
2025-06-26 14:00:00,Thursday,14,0,0,Cloudy,25.1,12,4,5.65,28,15.53
2025-06-26 14:15:00,Thursday,14,0,0,Cloudy,20.1,4,3,5.54,10,9.5
2025-06-26 14:30:00,Thursday,14,0,0,Cloudy,21.9,6,2,5.47,15,18.39
2025-06-26 14:45:00,Thursday,14,0,0,Cloudy,21.8,5,3,5.61,7,2.31
2025-06-26 15:00:00,Thursday,15,0,0,Cloudy,23.6,5,4,6.18,7,3.64
2025-06-26 15:15:00,Thursday,15,0,0,Cloudy,22.9,5,3,5.12,9,7.22
2025-06-26 15:30:00,Thursday,15,0,0,Cloudy,22.0,6,3,6.33,14,16.12
2025-06-26 15:45:00,Thursday,15,0,0,Cloudy,21.8,8,4,5.81,16,6.93
2025-06-26 16:00:00,Thursday,16,0,0,Cloudy,25.0,5,4,5.44,11,5.25
2025-06-26 16:15:00,Thursday,16,0,0,Cloudy,23.0,5,3,5.24,8,8.33
2025-06-26 16:30:00,Thursday,16,0,0,Cloudy,24.2,9,4,4.59,21,5.81
2025-06-26 16:45:00,Thursday,16,0,0,Cloudy,22.7,9,3,5.15,18,13.0
2025-06-26 17:00:00,Thursday,17,0,0,Cloudy,21.7,5,4,4.58,7,0.64
2025-06-26 17:15:00,Thursday,17,0,0,Cloudy,26.6,9,3,6.13,14,16.19
2025-06-26 17:30:00,Thursday,17,0,0,Cloudy,25.7,6,2,5.7,14,16.73
2025-06-26 17:45:00,Thursday,17,0,0,Cloudy,25.5,9,3,4.86,20,14.33
2025-06-26 18:00:00,Thursday,18,0,0,Cloudy,24.0,11,3,6.43,20,24.81
2025-06-26 18:15:00,Thursday,18,0,0,Cloudy,19.4,20,3,8.08,32,55.93
2025-06-26 18:30:00,Thursday,18,0,0,Cloudy,23.2,10,3,5.75,16,22.26
2025-06-26 18:45:00,Thursday,18,0,0,Cloudy,23.2,12,3,7.45,21,28.26
2025-06-26 19:00:00,Thursday,19,0,0,Cloudy,21.5,13,3,5.97,30,27.57
2025-06-26 19:15:00,Thursday,19,0,0,Cloudy,24.1,6,2,7.25,10,25.95
2025-06-26 19:30:00,Thursday,19,0,0,Cloudy,26.0,9,3,5.86,19,15.38
2025-06-26 19:45:00,Thursday,19,0,0,Cloudy,23.7,11,4,7.15,23,19.51
2025-06-26 20:00:00,Thursday,20,0,0,Cloudy,20.7,7,3,5.41,12,12.55
2025-06-26 20:15:00,Thursday,20,0,0,Cloudy,22.3,11,2,7.29,21,43.76
2025-06-26 20:30:00,Thursday,20,0,0,Cloudy,22.2,6,2,6.89,12,17.66
2025-06-26 20:45:00,Thursday,20,0,0,Cloudy,22.9,5,2,4.76,10,13.64
2025-06-26 21:00:00,Thursday,21,0,0,Cloudy,22.4,2,2,6.88,3,5.08
2025-06-26 21:15:00,Thursday,21,0,0,Cloudy,22.4,4,2,6.27,10,13.74
2025-06-26 21:30:00,Thursday,21,0,0,Cloudy,20.9,8,2,6.06,16,18.61
2025-06-26 21:45:00,Thursday,21,0,0,Cloudy,20.4,7,2,7.22,12,25.99
2025-06-27 08:00:00,Friday,8,0,0,Cloudy,21.3,2,2,4.47,2,2.05
2025-06-27 08:15:00,Friday,8,0,0,Cloudy,23.7,1,2,4.37,3,2.07
2025-06-27 08:30:00,Friday,8,0,0,Cloudy,21.6,4,2,5.75,7,8.36
2025-06-27 08:45:00,Friday,8,0,0,Cloudy,24.7,4,2,6.66,10,12.27
2025-06-27 09:00:00,Friday,9,0,0,Cloudy,22.5,1,3,4.92,1,0.53
2025-06-27 09:15:00,Friday,9,0,0,Cloudy,22.3,3,3,6.38,4,0.5
2025-06-27 09:30:00,Friday,9,0,0,Cloudy,21.6,0,3,5.9,1,0.5
2025-06-27 09:45:00,Friday,9,0,0,Cloudy,22.5,3,3,5.69,9,0.76
2025-06-27 10:00:00,Friday,10,0,0,Cloudy,26.0,5,3,6.04,12,4.33
2025-06-27 10:15:00,Friday,10,0,0,Cloudy,25.7,3,3,7.08,7,2.7
2025-06-27 10:30:00,Friday,10,0,0,Cloudy,24.0,4,3,6.0,6,0.5
2025-06-27 10:45:00,Friday,10,0,0,Cloudy,24.0,1,4,5.82,5,0.5
2025-06-27 11:00:00,Friday,11,0,0,Cloudy,21.8,4,4,6.42,5,1.95
2025-06-27 11:15:00,Friday,11,0,0,Cloudy,23.4,9,4,4.9,18,7.38
2025-06-27 11:30:00,Friday,11,0,0,Cloudy,23.1,7,5,4.72,16,0.5
2025-06-27 11:45:00,Friday,11,0,0,Cloudy,24.0,12,4,5.41,26,12.57
2025-06-27 12:00:00,Friday,12,0,0,Cloudy,23.5,8,4,5.59,12,7.49
2025-06-27 12:15:00,Friday,12,0,0,Cloudy,24.7,7,3,5.78,13,10.83
2025-06-27 12:30:00,Friday,12,0,0,Cloudy,24.2,9,4,5.77,19,11.71
2025-06-27 12:45:00,Friday,12,0,0,Cloudy,23.0,10,4,6.09,11,12.21
2025-06-27 13:00:00,Friday,13,0,0,Cloudy,23.7,3,5,6.26,4,5.09
2025-06-27 13:15:00,Friday,13,0,0,Cloudy,22.7,11,4,6.07,24,13.4
2025-06-27 13:30:00,Friday,13,0,0,Cloudy,25.6,9,4,4.25,15,8.86
2025-06-27 13:45:00,Friday,13,0,0,Windy,27.6,9,4,4.45,18,7.48
2025-06-27 14:00:00,Friday,14,0,0,Cloudy,24.1,5,5,5.76,10,1.37
2025-06-27 14:15:00,Friday,14,0,0,Cloudy,25.0,7,3,5.29,15,6.49
2025-06-27 14:30:00,Friday,14,0,0,Cloudy,22.2,7,3,5.53,15,12.05
2025-06-27 14:45:00,Friday,14,0,0,Cloudy,22.8,4,3,4.85,6,1.13
2025-06-27 15:00:00,Friday,15,0,0,Cloudy,22.7,4,3,6.71,8,9.31
2025-06-27 15:15:00,Friday,15,0,0,Cloudy,22.6,1,3,6.28,2,0.5
2025-06-27 15:30:00,Friday,15,0,0,Cloudy,23.5,5,4,4.79,9,1.53
2025-06-27 15:45:00,Friday,15,0,0,Cloudy,25.1,2,4,4.16,6,0.5
2025-06-27 16:00:00,Friday,16,0,0,Cloudy,24.8,3,3,4.84,6,0.5
2025-06-27 16:15:00,Friday,16,0,0,Cloudy,26.9,6,3,5.98,10,10.77
2025-06-27 16:30:00,Friday,16,0,0,Cloudy,25.5,8,4,6.22,17,10.36
2025-06-27 16:45:00,Friday,16,0,0,Cloudy,25.5,7,3,4.91,14,6.37
2025-06-27 17:00:00,Friday,17,0,0,Cloudy,23.5,7,3,6.73,16,14.61
2025-06-27 17:15:00,Friday,17,0,0,Rainy,25.3,8,3,5.79,14,14.44
2025-06-27 17:30:00,Friday,17,0,0,Cloudy,23.0,8,3,5.99,14,12.31
2025-06-27 17:45:00,Friday,17,0,0,Cloudy,22.7,10,3,4.97,20,14.14
2025-06-27 18:00:00,Friday,18,0,0,Cloudy,24.9,18,4,7.71,37,33.82
2025-06-27 18:15:00,Friday,18,0,0,Cloudy,25.1,15,3,7.6,31,39.03
2025-06-27 18:30:00,Friday,18,0,0,Cloudy,24.1,10,3,5.92,21,16.19
2025-06-27 18:45:00,Friday,18,0,0,Cloudy,25.1,8,4,5.91,12,9.37
2025-06-27 19:00:00,Friday,19,0,0,Cloudy,21.6,7,3,5.95,12,14.28
2025-06-27 19:15:00,Friday,19,0,0,Cloudy,23.6,5,3,5.48,9,7.06
2025-06-27 19:30:00,Friday,19,0,0,Cloudy,22.5,11,3,6.99,23,28.02
2025-06-27 19:45:00,Friday,19,0,0,Cloudy,23.0,7,3,5.73,13,14.97
2025-06-27 20:00:00,Friday,20,0,0,Sunny,23.9,13,3,7.28,20,29.25
2025-06-27 20:15:00,Friday,20,0,0,Cloudy,24.8,6,3,4.51,13,5.83
2025-06-27 20:30:00,Friday,20,0,0,Cloudy,22.1,9,2,6.66,13,28.38
2025-06-27 20:45:00,Friday,20,0,0,Cloudy,24.7,5,3,5.89,9,1.62
2025-06-27 21:00:00,Friday,21,0,0,Cloudy,25.0,8,2,6.88,21,24.36
2025-06-27 21:15:00,Friday,21,0,0,Cloudy,25.3,5,2,6.37,15,13.63
2025-06-27 21:30:00,Friday,21,0,0,Cloudy,24.3,4,2,6.35,6,11.65
2025-06-27 21:45:00,Friday,21,0,0,Cloudy,22.8,3,2,5.03,2,3.81
2025-06-28 08:00:00,Saturday,8,1,0,Sunny,31.5,2,3,5.44,3,4.03
2025-06-28 08:15:00,Saturday,8,1,0,Sunny,32.9,2,3,5.18,2,0.5
2025-06-28 08:30:00,Saturday,8,1,0,Sunny,31.4,2,3,4.26,5,0.88
2025-06-28 08:45:00,Saturday,8,1,0,Sunny,32.2,3,3,5.11,6,6.7
2025-06-28 09:00:00,Saturday,9,1,0,Sunny,31.7,6,4,6.11,14,6.59
2025-06-28 09:15:00,Saturday,9,1,0,Sunny,33.2,0,4,5.76,0,0.5
2025-06-28 09:30:00,Saturday,9,1,0,Sunny,33.9,2,4,3.77,5,0.5
2025-06-28 09:45:00,Saturday,9,1,0,Sunny,35.5,4,4,6.42,8,4.72
2025-06-28 10:00:00,Saturday,10,1,0,Sunny,32.2,2,3,5.45,5,2.44
2025-06-28 10:15:00,Saturday,10,1,0,Sunny,33.7,4,4,6.68,7,3.88
2025-06-28 10:30:00,Saturday,10,1,0,Sunny,34.5,7,4,4.7,18,10.24
2025-06-28 10:45:00,Saturday,10,1,0,Sunny,32.1,7,4,5.05,12,10.07
2025-06-28 11:00:00,Saturday,11,1,0,Sunny,34.8,6,5,4.55,9,1.27
2025-06-28 11:15:00,Saturday,11,1,0,Sunny,34.8,19,6,4.84,39,15.5
2025-06-28 11:30:00,Saturday,11,1,0,Sunny,28.9,16,5,4.41,27,11.08
2025-06-28 11:45:00,Saturday,11,1,0,Sunny,32.1,7,5,4.82,15,5.06
2025-06-28 12:00:00,Saturday,12,1,0,Sunny,33.4,16,5,5.03,28,15.17
2025-06-28 12:15:00,Saturday,12,1,0,Sunny,32.6,12,5,5.54,27,10.36
2025-06-28 12:30:00,Saturday,12,1,0,Sunny,32.4,21,5,5.64,39,26.99
2025-06-28 12:45:00,Saturday,12,1,0,Sunny,32.9,16,5,6.97,31,22.2
2025-06-28 13:00:00,Saturday,13,1,0,Sunny,31.5,9,5,5.8,15,11.22
2025-06-28 13:15:00,Saturday,13,1,0,Sunny,33.9,14,5,6.02,25,16.35
2025-06-28 13:30:00,Saturday,13,1,0,Sunny,34.0,11,5,6.4,19,10.94
2025-06-28 13:45:00,Saturday,13,1,0,Sunny,32.8,12,4,4.65,22,12.86
2025-06-28 14:00:00,Saturday,14,1,0,Sunny,34.9,8,5,6.32,12,8.62
2025-06-28 14:15:00,Saturday,14,1,0,Sunny,32.2,6,4,5.76,13,8.55
2025-06-28 14:30:00,Saturday,14,1,0,Sunny,32.4,8,4,4.59,20,7.31
2025-06-28 14:45:00,Saturday,14,1,0,Sunny,32.0,2,4,4.53,2,0.5
2025-06-28 15:00:00,Saturday,15,1,0,Sunny,34.0,5,4,4.85,11,7.08
2025-06-28 15:15:00,Saturday,15,1,0,Sunny,33.9,10,4,5.53,14,14.11
2025-06-28 15:30:00,Saturday,15,1,0,Sunny,32.6,4,3,5.58,6,3.41
2025-06-28 15:45:00,Saturday,15,1,0,Sunny,31.0,12,4,6.09,17,21.96
2025-06-28 16:00:00,Saturday,16,1,0,Sunny,32.9,11,4,4.64,24,12.63
2025-06-28 16:15:00,Saturday,16,1,0,Sunny,36.7,5,5,5.53,10,4.99
2025-06-28 16:30:00,Saturday,16,1,0,Sunny,32.3,12,5,5.32,22,11.72
2025-06-28 16:45:00,Saturday,16,1,0,Sunny,31.5,10,4,4.97,16,10.67
2025-06-28 17:00:00,Saturday,17,1,0,Sunny,34.2,16,4,5.26,31,21.93
2025-06-28 17:15:00,Saturday,17,1,0,Sunny,34.2,18,5,6.01,30,19.48
2025-06-28 17:30:00,Saturday,17,1,0,Sunny,31.6,17,4,7.21,29,29.96
2025-06-28 17:45:00,Saturday,17,1,0,Sunny,34.8,17,4,6.16,37,31.69
2025-06-28 18:00:00,Saturday,18,1,0,Sunny,29.5,13,4,5.29,28,25.09
2025-06-28 18:15:00,Saturday,18,1,0,Sunny,32.2,15,5,6.67,23,19.09
2025-06-28 18:30:00,Saturday,18,1,0,Sunny,36.2,27,4,8.29,50,60.66
2025-06-28 18:45:00,Saturday,18,1,0,Sunny,32.5,17,5,5.08,34,21.8
2025-06-28 19:00:00,Saturday,19,1,0,Sunny,35.8,17,4,6.14,34,23.86
2025-06-28 19:15:00,Saturday,19,1,0,Windy,35.6,16,4,6.78,29,27.42
2025-06-28 19:30:00,Saturday,19,1,0,Sunny,33.2,13,4,6.69,27,17.94
2025-06-28 19:45:00,Saturday,19,1,0,Sunny,33.8,15,4,5.88,30,21.73
2025-06-28 20:00:00,Saturday,20,1,0,Sunny,32.3,16,4,6.47,36,30.07
2025-06-28 20:15:00,Saturday,20,1,0,Cloudy,33.5,6,3,5.33,9,10.24
2025-06-28 20:30:00,Saturday,20,1,0,Sunny,32.2,9,2,6.98,14,29.02
2025-06-28 20:45:00,Saturday,20,1,0,Sunny,32.0,5,4,4.1,12,0.86
2025-06-28 21:00:00,Saturday,21,1,0,Stormy,32.8,9,3,6.91,24,24.39
2025-06-28 21:15:00,Saturday,21,1,0,Sunny,33.0,6,3,5.07,14,10.36
2025-06-28 21:30:00,Saturday,21,1,0,Sunny,32.5,8,3,6.26,15,13.76
2025-06-28 21:45:00,Saturday,21,1,0,Sunny,34.3,11,2,6.68,27,42.86
2025-06-29 08:00:00,Sunday,8,1,0,Cloudy,25.0,4,4,4.48,8,7.32
2025-06-29 08:15:00,Sunday,8,1,0,Cloudy,24.1,2,5,5.89,2,0.5
2025-06-29 08:30:00,Sunday,8,1,0,Cloudy,26.1,1,5,4.68,2,0.5
2025-06-29 08:45:00,Sunday,8,1,0,Cloudy,25.4,3,5,5.97,6,0.5
2025-06-29 09:00:00,Sunday,9,1,0,Cloudy,25.2,3,7,6.3,8,0.5
2025-06-29 09:15:00,Sunday,9,1,0,Rainy,25.0,2,6,4.52,2,0.5
2025-06-29 09:30:00,Sunday,9,1,0,Cloudy,24.9,3,6,3.04,7,0.5
2025-06-29 09:45:00,Sunday,9,1,0,Cloudy,23.7,5,6,6.03,9,3.76
2025-06-29 10:00:00,Sunday,10,1,0,Cloudy,24.5,5,6,5.78,8,1.35
2025-06-29 10:15:00,Sunday,10,1,0,Cloudy,22.0,3,6,6.09,6,0.5
2025-06-29 10:30:00,Sunday,10,1,0,Cloudy,20.6,6,6,5.95,8,1.41
2025-06-29 10:45:00,Sunday,10,1,0,Cloudy,24.3,8,6,3.66,16,2.45
2025-06-29 11:00:00,Sunday,11,1,0,Cloudy,24.9,10,7,6.84,19,9.34
2025-06-29 11:15:00,Sunday,11,1,0,Cloudy,22.3,9,7,5.83,20,2.89
2025-06-29 11:30:00,Sunday,11,1,0,Cloudy,23.1,12,8,4.8,22,1.69
2025-06-29 11:45:00,Sunday,11,1,0,Cloudy,23.3,8,7,4.13,20,0.5
2025-06-29 12:00:00,Sunday,12,1,0,Cloudy,25.3,16,7,5.12,30,7.5
2025-06-29 12:15:00,Sunday,12,1,0,Cloudy,24.3,17,7,7.22,29,13.69
2025-06-29 12:30:00,Sunday,12,1,0,Cloudy,27.0,13,6,4.47,25,2.06
2025-06-29 12:45:00,Sunday,12,1,0,Cloudy,21.3,11,7,5.77,20,8.45
2025-06-29 13:00:00,Sunday,13,1,0,Cloudy,24.7,20,7,4.8,45,11.74
2025-06-29 13:15:00,Sunday,13,1,0,Cloudy,23.5,16,7,5.29,32,9.95
2025-06-29 13:30:00,Sunday,13,1,0,Cloudy,24.1,11,8,5.52,20,0.5
2025-06-29 13:45:00,Sunday,13,1,0,Cloudy,25.4,15,6,7.03,31,15.61
2025-06-29 14:00:00,Sunday,14,1,0,Cloudy,27.0,7,7,5.02,13,0.5
2025-06-29 14:15:00,Sunday,14,1,0,Cloudy,24.6,7,5,4.88,15,2.47
2025-06-29 14:30:00,Sunday,14,1,0,Cloudy,26.7,5,6,3.74,8,0.5
2025-06-29 14:45:00,Sunday,14,1,0,Cloudy,27.4,4,6,6.33,7,0.5
2025-06-29 15:00:00,Sunday,15,1,0,Cloudy,26.3,6,6,4.21,12,0.5
2025-06-29 15:15:00,Sunday,15,1,0,Sunny,24.1,5,7,5.42,11,0.5
2025-06-29 15:30:00,Sunday,15,1,0,Cloudy,23.5,8,6,5.71,18,2.94
2025-06-29 15:45:00,Sunday,15,1,0,Cloudy,25.8,6,6,4.49,15,0.5
2025-06-29 16:00:00,Sunday,16,1,0,Cloudy,26.8,8,6,6.03,14,5.55
2025-06-29 16:15:00,Sunday,16,1,0,Cloudy,25.9,5,6,5.89,8,3.45
2025-06-29 16:30:00,Sunday,16,1,0,Cloudy,23.5,11,6,4.4,23,4.7
2025-06-29 16:45:00,Sunday,16,1,0,Cloudy,26.1,15,6,4.69,25,12.12
2025-06-29 17:00:00,Sunday,17,1,0,Cloudy,24.9,12,6,5.14,24,6.09
2025-06-29 17:15:00,Sunday,17,1,0,Cloudy,25.8,13,5,5.28,19,11.87
2025-06-29 17:30:00,Sunday,17,1,0,Cloudy,22.5,16,6,6.48,31,17.04
2025-06-29 17:45:00,Sunday,17,1,0,Cloudy,27.4,10,6,4.83,19,0.5
2025-06-29 18:00:00,Sunday,18,1,0,Cloudy,26.3,15,6,6.04,22,14.74
2025-06-29 18:15:00,Sunday,18,1,0,Cloudy,25.8,15,6,5.26,29,12.85
2025-06-29 18:30:00,Sunday,18,1,0,Cloudy,23.8,20,6,6.36,46,16.96
2025-06-29 18:45:00,Sunday,18,1,0,Cloudy,24.6,20,7,5.32,35,17.41
2025-06-29 19:00:00,Sunday,19,1,0,Sunny,25.0,25,7,6.12,54,24.2
2025-06-29 19:15:00,Sunday,19,1,0,Cloudy,23.2,19,7,5.5,31,13.67
2025-06-29 19:30:00,Sunday,19,1,0,Cloudy,24.9,11,6,5.47,22,10.67
2025-06-29 19:45:00,Sunday,19,1,0,Cloudy,24.3,16,6,5.62,33,16.93
2025-06-29 20:00:00,Sunday,20,1,0,Cloudy,26.5,16,6,6.72,33,17.81
2025-06-29 20:15:00,Sunday,20,1,0,Cloudy,23.0,14,4,5.53,20,16.73
2025-06-29 20:30:00,Sunday,20,1,0,Cloudy,25.4,12,5,4.28,24,11.09
2025-06-29 20:45:00,Sunday,20,1,0,Cloudy,27.2,12,4,6.75,23,17.0
2025-06-29 21:00:00,Sunday,21,1,0,Cloudy,23.9,6,4,5.79,11,7.25
2025-06-29 21:15:00,Sunday,21,1,0,Cloudy,24.9,5,5,4.15,13,0.5
2025-06-29 21:30:00,Sunday,21,1,0,Sunny,25.0,9,5,4.97,19,4.91
2025-06-29 21:45:00,Sunday,21,1,0,Cloudy,23.3,7,5,7.04,12,8.44
2025-06-30 08:00:00,Monday,8,0,0,Sunny,26.2,1,1,5.22,4,2.84
2025-06-30 08:15:00,Monday,8,0,0,Sunny,27.5,1,2,6.16,3,0.5
2025-06-30 08:30:00,Monday,8,0,0,Sunny,26.7,3,3,5.02,3,2.66
2025-06-30 08:45:00,Monday,8,0,0,Sunny,28.5,1,2,5.2,3,0.5
2025-06-30 09:00:00,Monday,9,0,0,Sunny,25.5,0,3,6.49,0,0.5
2025-06-30 09:15:00,Monday,9,0,0,Sunny,26.4,4,3,5.49,7,6.34
2025-06-30 09:30:00,Monday,9,0,0,Sunny,25.6,3,3,6.93,6,3.42
2025-06-30 09:45:00,Monday,9,0,0,Sunny,26.0,1,2,5.21,3,0.5
2025-06-30 10:00:00,Monday,10,0,0,Sunny,28.2,1,4,5.75,3,0.5
2025-06-30 10:15:00,Monday,10,0,0,Windy,27.2,3,3,5.32,5,3.49
2025-06-30 10:30:00,Monday,10,0,0,Sunny,27.6,2,3,6.38,4,1.09
2025-06-30 10:45:00,Monday,10,0,0,Sunny,28.3,2,3,4.58,4,0.5
2025-06-30 11:00:00,Monday,11,0,0,Sunny,25.0,4,4,6.08,11,3.81
2025-06-30 11:15:00,Monday,11,0,0,Sunny,29.3,7,4,6.71,13,7.97
2025-06-30 11:30:00,Monday,11,0,0,Sunny,27.1,12,4,5.53,21,14.93
2025-06-30 11:45:00,Monday,11,0,0,Sunny,24.2,12,4,5.87,22,15.79
2025-06-30 12:00:00,Monday,12,0,0,Sunny,23.3,10,4,5.45,19,9.79
2025-06-30 12:15:00,Monday,12,0,0,Cloudy,28.9,11,5,4.06,24,5.39
2025-06-30 12:30:00,Monday,12,0,0,Sunny,27.2,11,4,7.25,22,17.14
2025-06-30 12:45:00,Monday,12,0,0,Sunny,25.2,11,4,5.16,18,13.81
2025-06-30 13:00:00,Monday,13,0,0,Sunny,29.4,7,3,6.14,16,11.51
2025-06-30 13:15:00,Monday,13,0,0,Sunny,28.0,14,4,5.64,24,16.94
2025-06-30 13:30:00,Monday,13,0,0,Sunny,27.3,12,4,6.53,21,15.22
2025-06-30 13:45:00,Monday,13,0,0,Sunny,26.0,7,4,3.79,17,4.11
2025-06-30 14:00:00,Monday,14,0,0,Sunny,28.9,10,4,6.74,18,17.1
2025-06-30 14:15:00,Monday,14,0,0,Sunny,28.1,8,3,5.52,16,10.1
2025-06-30 14:30:00,Monday,14,0,0,Sunny,28.0,5,3,4.87,7,0.5
2025-06-30 14:45:00,Monday,14,0,0,Sunny,28.0,5,3,2.78,11,6.84
2025-06-30 15:00:00,Monday,15,0,0,Sunny,26.5,6,3,4.64,13,12.65
2025-06-30 15:15:00,Monday,15,0,0,Sunny,28.9,8,2,6.54,13,22.89
2025-06-30 15:30:00,Monday,15,0,0,Sunny,28.8,6,3,6.65,9,12.74
2025-06-30 15:45:00,Monday,15,0,0,Sunny,27.9,6,3,5.68,13,10.42
2025-06-30 16:00:00,Monday,16,0,0,Sunny,28.2,3,3,5.92,4,0.95
2025-06-30 16:15:00,Monday,16,0,0,Sunny,28.3,10,3,5.13,21,16.71
2025-06-30 16:30:00,Monday,16,0,0,Sunny,27.5,9,3,4.78,11,16.36
2025-06-30 16:45:00,Monday,16,0,0,Sunny,26.7,9,3,4.96,18,15.25
2025-06-30 17:00:00,Monday,17,0,0,Sunny,26.7,10,3,6.29,17,15.49
2025-06-30 17:15:00,Monday,17,0,0,Sunny,25.2,13,4,4.7,26,9.33
2025-06-30 17:30:00,Monday,17,0,0,Sunny,27.2,8,3,5.32,17,14.09
2025-06-30 17:45:00,Monday,17,0,0,Sunny,29.9,11,3,5.5,19,14.94
2025-06-30 18:00:00,Monday,18,0,0,Sunny,29.1,8,3,5.67,16,16.35
2025-06-30 18:15:00,Monday,18,0,0,Sunny,27.6,16,3,7.06,33,29.8
2025-06-30 18:30:00,Monday,18,0,0,Stormy,27.9,10,3,7.01,22,24.92
2025-06-30 18:45:00,Monday,18,0,0,Sunny,27.3,14,3,5.41,28,24.65
2025-06-30 19:00:00,Monday,19,0,0,Sunny,27.6,8,3,7.16,13,11.86
2025-06-30 19:15:00,Monday,19,0,0,Sunny,23.5,10,3,6.56,18,22.18
2025-06-30 19:30:00,Monday,19,0,0,Sunny,23.4,8,3,6.46,12,19.33
2025-06-30 19:45:00,Monday,19,0,0,Sunny,26.1,10,3,6.53,21,19.48
2025-06-30 20:00:00,Monday,20,0,0,Sunny,26.1,4,3,5.59,7,9.26
2025-06-30 20:15:00,Monday,20,0,0,Sunny,25.3,11,2,7.22,18,39.47
2025-06-30 20:30:00,Monday,20,0,0,Sunny,28.5,7,2,6.96,13,23.52
2025-06-30 20:45:00,Monday,20,0,0,Sunny,25.6,8,2,5.82,16,22.68
2025-06-30 21:00:00,Monday,21,0,0,Sunny,27.1,4,2,5.36,8,10.22
2025-06-30 21:15:00,Monday,21,0,0,Sunny,27.7,6,3,5.01,11,6.33
2025-06-30 21:30:00,Monday,21,0,0,Sunny,27.3,8,2,5.92,17,25.05
2025-06-30 21:45:00,Monday,21,0,0,Sunny,26.3,0,2,5.92,0,0.5
2025-07-01 08:00:00,Tuesday,8,0,0,Sunny,28.5,1,4,4.57,4,0.5
2025-07-01 08:15:00,Tuesday,8,0,0,Sunny,25.9,2,4,5.13,5,0.5
2025-07-01 08:30:00,Tuesday,8,0,0,Sunny,27.4,4,4,6.23,11,1.86
2025-07-01 08:45:00,Tuesday,8,0,0,Sunny,25.6,1,5,6.84,0,1.35
2025-07-01 09:00:00,Tuesday,9,0,0,Sunny,27.9,3,5,5.9,5,0.5
2025-07-01 09:15:00,Tuesday,9,0,0,Sunny,29.2,2,5,4.6,1,0.5
2025-07-01 09:30:00,Tuesday,9,0,0,Sunny,26.6,3,4,6.86,7,0.96
2025-07-01 09:45:00,Tuesday,9,0,0,Sunny,29.2,2,5,5.64,4,0.5
2025-07-01 10:00:00,Tuesday,10,0,0,Sunny,27.2,4,5,4.98,4,0.5
2025-07-01 10:15:00,Tuesday,10,0,0,Sunny,27.0,8,6,7.09,17,6.36
2025-07-01 10:30:00,Tuesday,10,0,0,Sunny,29.8,8,5,4.67,18,8.11
2025-07-01 10:45:00,Tuesday,10,0,0,Sunny,28.4,6,5,5.12,12,0.5
2025-07-01 11:00:00,Tuesday,11,0,0,Sunny,27.3,7,6,4.65,15,0.5
2025-07-01 11:15:00,Tuesday,11,0,0,Sunny,29.0,12,5,4.7,22,11.99
2025-07-01 11:30:00,Tuesday,11,0,0,Sunny,28.3,7,6,4.48,13,0.86
2025-07-01 11:45:00,Tuesday,11,0,0,Sunny,28.6,12,6,6.2,20,14.45
2025-07-01 12:00:00,Tuesday,12,0,0,Sunny,29.2,8,6,5.67,18,4.88
2025-07-01 12:15:00,Tuesday,12,0,0,Sunny,25.9,13,6,6.51,23,9.72
2025-07-01 12:30:00,Tuesday,12,0,0,Sunny,27.4,12,6,6.58,26,15.42
2025-07-01 12:45:00,Tuesday,12,0,0,Sunny,28.3,11,7,5.68,18,2.1
2025-07-01 13:00:00,Tuesday,13,0,0,Sunny,30.0,15,6,5.03,32,15.76
2025-07-01 13:15:00,Tuesday,13,0,0,Sunny,27.2,13,5,6.19,26,12.61
2025-07-01 13:30:00,Tuesday,13,0,0,Cloudy,29.9,7,6,4.88,14,4.28
2025-07-01 13:45:00,Tuesday,13,0,0,Sunny,27.2,13,6,5.79,25,5.25
2025-07-01 14:00:00,Tuesday,14,0,0,Sunny,27.0,8,6,6.2,15,3.22
2025-07-01 14:15:00,Tuesday,14,0,0,Sunny,27.7,3,6,6.58,1,0.5
2025-07-01 14:30:00,Tuesday,14,0,0,Sunny,28.1,9,5,5.7,14,4.01
2025-07-01 14:45:00,Tuesday,14,0,0,Sunny,29.5,4,5,4.57,8,0.5
2025-07-01 15:00:00,Tuesday,15,0,0,Sunny,29.0,6,4,4.12,13,7.59
2025-07-01 15:15:00,Tuesday,15,0,0,Sunny,31.2,5,5,5.7,10,0.5
2025-07-01 15:30:00,Tuesday,15,0,0,Sunny,31.3,8,6,4.62,13,5.15
2025-07-01 15:45:00,Tuesday,15,0,0,Sunny,30.7,2,5,5.41,4,0.5
2025-07-01 16:00:00,Tuesday,16,0,0,Sunny,27.9,2,5,6.69,6,0.5
2025-07-01 16:15:00,Tuesday,16,0,0,Sunny,28.5,5,5,5.95,7,0.5
2025-07-01 16:30:00,Tuesday,16,0,0,Sunny,28.5,7,5,4.98,18,0.5
2025-07-01 16:45:00,Tuesday,16,0,0,Sunny,26.9,2,5,5.04,1,0.5
2025-07-01 17:00:00,Tuesday,17,0,0,Sunny,31.8,8,5,5.11,14,7.08
2025-07-01 17:15:00,Tuesday,17,0,0,Sunny,29.7,11,6,4.42,19,3.85
2025-07-01 17:30:00,Tuesday,17,0,0,Sunny,30.1,14,5,3.7,26,5.72
2025-07-01 17:45:00,Tuesday,17,0,0,Sunny,26.9,12,6,5.47,23,4.33
2025-07-01 18:00:00,Tuesday,18,0,0,Sunny,28.6,19,4,5.4,35,24.78
2025-07-01 18:15:00,Tuesday,18,0,0,Sunny,28.2,12,6,6.34,23,11.28
2025-07-01 18:30:00,Tuesday,18,0,0,Sunny,30.3,10,5,5.99,19,10.58
2025-07-01 18:45:00,Tuesday,18,0,0,Sunny,27.3,14,5,6.02,24,17.73
2025-07-01 19:00:00,Tuesday,19,0,0,Sunny,27.7,7,5,6.12,13,1.93
2025-07-01 19:15:00,Tuesday,19,0,0,Cloudy,28.9,12,5,5.58,23,12.49
2025-07-01 19:30:00,Tuesday,19,0,0,Sunny,26.1,16,6,5.2,30,8.08
2025-07-01 19:45:00,Tuesday,19,0,0,Sunny,28.7,12,5,4.6,25,5.53
2025-07-01 20:00:00,Tuesday,20,0,0,Cloudy,29.0,14,5,5.95,18,15.11
2025-07-01 20:15:00,Tuesday,20,0,0,Sunny,27.7,10,4,5.46,17,15.16
2025-07-01 20:30:00,Tuesday,20,0,0,Sunny,26.0,7,4,7.17,11,6.76
2025-07-01 20:45:00,Tuesday,20,0,0,Sunny,27.6,9,4,5.84,21,13.63
2025-07-01 21:00:00,Tuesday,21,0,0,Sunny,27.5,5,4,5.22,10,8.85
2025-07-01 21:15:00,Tuesday,21,0,0,Sunny,30.8,8,4,6.85,19,12.28
2025-07-01 21:30:00,Tuesday,21,0,0,Windy,29.5,3,4,5.45,5,5.99
2025-07-01 21:45:00,Tuesday,21,0,0,Sunny,31.1,3,4,4.62,6,0.5
2025-07-02 08:00:00,Wednesday,8,0,0,Cloudy,22.8,1,1,4.11,3,0.98
2025-07-02 08:15:00,Wednesday,8,0,0,Cloudy,20.7,2,2,5.73,3,2.83
2025-07-02 08:30:00,Wednesday,8,0,0,Cloudy,20.8,2,3,3.85,4,0.5
2025-07-02 08:45:00,Wednesday,8,0,0,Cloudy,22.8,0,2,6.31,0,0.5
2025-07-02 09:00:00,Wednesday,9,0,0,Cloudy,20.9,1,3,3.54,4,0.5
2025-07-02 09:15:00,Wednesday,9,0,0,Cloudy,19.1,0,3,4.87,1,0.5
2025-07-02 09:30:00,Wednesday,9,0,0,Cloudy,22.5,1,4,5.42,4,0.5
2025-07-02 09:45:00,Wednesday,9,0,0,Cloudy,20.9,3,3,6.33,5,3.48
2025-07-02 10:00:00,Wednesday,10,0,0,Cloudy,21.5,2,3,6.23,9,2.79
2025-07-02 10:15:00,Wednesday,10,0,0,Sunny,23.2,2,3,6.11,6,3.45
2025-07-02 10:30:00,Wednesday,10,0,0,Cloudy,23.1,3,3,6.22,5,5.5
2025-07-02 10:45:00,Wednesday,10,0,0,Rainy,20.8,4,3,6.01,7,13.88
2025-07-02 11:00:00,Wednesday,11,0,0,Cloudy,22.0,6,4,6.04,9,4.15
2025-07-02 11:15:00,Wednesday,11,0,0,Cloudy,21.7,8,4,6.64,17,11.92
2025-07-02 11:30:00,Wednesday,11,0,0,Cloudy,22.0,8,4,5.47,14,5.39
2025-07-02 11:45:00,Wednesday,11,0,0,Cloudy,23.2,9,4,5.5,16,7.96
2025-07-02 12:00:00,Wednesday,12,0,0,Cloudy,23.1,12,3,5.66,23,21.18
2025-07-02 12:15:00,Wednesday,12,0,0,Cloudy,22.3,9,4,5.67,18,9.56
2025-07-02 12:30:00,Wednesday,12,0,0,Cloudy,21.3,10,4,4.93,19,10.79
2025-07-02 12:45:00,Wednesday,12,0,0,Cloudy,19.3,8,4,7.11,19,13.93
2025-07-02 13:00:00,Wednesday,13,0,0,Cloudy,21.1,10,4,6.47,21,18.87
2025-07-02 13:15:00,Wednesday,13,0,0,Cloudy,19.2,6,4,4.12,11,1.42
2025-07-02 13:30:00,Wednesday,13,0,0,Cloudy,24.1,7,5,4.84,12,3.04
2025-07-02 13:45:00,Wednesday,13,0,0,Cloudy,21.6,9,4,6.63,17,8.22
2025-07-02 14:00:00,Wednesday,14,0,0,Cloudy,22.1,5,4,5.06,13,2.72
2025-07-02 14:15:00,Wednesday,14,0,0,Windy,24.8,9,3,4.91,21,10.32
2025-07-02 14:30:00,Wednesday,14,0,0,Cloudy,21.3,3,3,5.64,11,3.68
2025-07-02 14:45:00,Wednesday,14,0,0,Cloudy,22.4,5,4,4.4,6,0.5
2025-07-02 15:00:00,Wednesday,15,0,0,Sunny,21.5,6,4,5.13,10,3.1
2025-07-02 15:15:00,Wednesday,15,0,0,Cloudy,20.6,3,3,7.64,4,4.59
2025-07-02 15:30:00,Wednesday,15,0,0,Cloudy,21.7,5,2,6.08,5,12.65
2025-07-02 15:45:00,Wednesday,15,0,0,Cloudy,22.8,6,3,5.4,13,4.8
2025-07-02 16:00:00,Wednesday,16,0,0,Cloudy,22.3,5,3,5.73,9,1.13
2025-07-02 16:15:00,Wednesday,16,0,0,Cloudy,23.2,5,3,5.98,10,9.83
2025-07-02 16:30:00,Wednesday,16,0,0,Cloudy,21.2,7,3,5.41,18,14.8
2025-07-02 16:45:00,Wednesday,16,0,0,Cloudy,21.5,5,4,5.09,11,4.03
2025-07-02 17:00:00,Wednesday,17,0,0,Cloudy,21.3,9,3,7.3,12,20.81
2025-07-02 17:15:00,Wednesday,17,0,0,Cloudy,21.2,10,2,5.76,19,31.14
2025-07-02 17:30:00,Wednesday,17,0,0,Cloudy,22.4,9,3,5.57,21,16.72
2025-07-02 17:45:00,Wednesday,17,0,0,Cloudy,22.4,13,3,5.69,21,20.23
2025-07-02 18:00:00,Wednesday,18,0,0,Cloudy,19.8,11,3,5.38,22,25.28
2025-07-02 18:15:00,Wednesday,18,0,0,Cloudy,20.9,12,3,6.35,23,25.34
2025-07-02 18:30:00,Wednesday,18,0,0,Cloudy,21.7,6,3,6.43,14,11.15
2025-07-02 18:45:00,Wednesday,18,0,0,Cloudy,21.4,16,3,6.78,28,38.24
2025-07-02 19:00:00,Wednesday,19,0,0,Cloudy,23.9,14,3,6.13,28,28.5
2025-07-02 19:15:00,Wednesday,19,0,0,Cloudy,20.4,8,2,5.7,15,22.46
2025-07-02 19:30:00,Wednesday,19,0,0,Cloudy,24.0,12,3,6.18,19,19.73
2025-07-02 19:45:00,Wednesday,19,0,0,Cloudy,21.3,10,3,5.16,17,16.32
2025-07-02 20:00:00,Wednesday,20,0,0,Cloudy,21.6,13,3,5.91,28,26.05
2025-07-02 20:15:00,Wednesday,20,0,0,Cloudy,19.5,5,2,6.72,10,16.48
2025-07-02 20:30:00,Wednesday,20,0,0,Cloudy,19.9,6,2,4.66,13,12.99
2025-07-02 20:45:00,Wednesday,20,0,0,Cloudy,21.8,7,2,5.77,14,22.91
2025-07-02 21:00:00,Wednesday,21,0,0,Cloudy,22.5,7,2,5.81,7,19.03
2025-07-02 21:15:00,Wednesday,21,0,0,Cloudy,21.2,8,2,6.62,20,28.39
2025-07-02 21:30:00,Wednesday,21,0,0,Cloudy,21.3,4,2,4.6,6,9.26
2025-07-02 21:45:00,Wednesday,21,0,0,Cloudy,22.1,3,2,5.69,7,7.41
2025-07-03 08:00:00,Thursday,8,0,0,Sunny,25.1,2,2,6.65,2,0.5
2025-07-03 08:15:00,Thursday,8,0,0,Cloudy,25.9,0,3,6.34,0,0.5
2025-07-03 08:30:00,Thursday,8,0,0,Cloudy,22.7,3,2,4.64,5,7.0
2025-07-03 08:45:00,Thursday,8,0,0,Cloudy,21.4,2,3,6.78,2,1.21
2025-07-03 09:00:00,Thursday,9,0,0,Cloudy,24.6,0,4,4.74,0,0.5
2025-07-03 09:15:00,Thursday,9,0,0,Cloudy,23.6,1,3,5.17,1,0.5
2025-07-03 09:30:00,Thursday,9,0,0,Cloudy,25.6,4,3,5.48,7,2.8
2025-07-03 09:45:00,Thursday,9,0,0,Cloudy,26.0,3,3,5.34,5,0.5
2025-07-03 10:00:00,Thursday,10,0,0,Cloudy,25.2,3,3,6.28,5,5.03
2025-07-03 10:15:00,Thursday,10,0,0,Cloudy,22.7,4,3,5.82,8,1.94
2025-07-03 10:30:00,Thursday,10,0,0,Cloudy,22.7,4,3,5.34,8,4.99
2025-07-03 10:45:00,Thursday,10,0,0,Cloudy,22.6,6,3,5.18,11,9.68
2025-07-03 11:00:00,Thursday,11,0,0,Cloudy,22.5,4,5,5.87,6,0.5
2025-07-03 11:15:00,Thursday,11,0,0,Cloudy,24.5,8,4,5.95,16,9.41
2025-07-03 11:30:00,Thursday,11,0,0,Cloudy,24.0,8,4,5.62,15,8.05
2025-07-03 11:45:00,Thursday,11,0,0,Cloudy,25.1,6,5,5.34,11,2.62
2025-07-03 12:00:00,Thursday,12,0,0,Cloudy,25.1,10,4,4.9,20,13.77
2025-07-03 12:15:00,Thursday,12,0,0,Cloudy,23.3,9,4,7.54,18,15.34
2025-07-03 12:30:00,Thursday,12,0,0,Cloudy,24.6,8,4,5.98,18,11.05
2025-07-03 12:45:00,Thursday,12,0,0,Cloudy,23.7,11,4,6.62,18,17.3
2025-07-03 13:00:00,Thursday,13,0,0,Cloudy,25.1,5,4,5.04,6,2.3
2025-07-03 13:15:00,Thursday,13,0,0,Cloudy,22.4,12,4,6.25,21,16.16
2025-07-03 13:30:00,Thursday,13,0,0,Cloudy,24.2,9,3,6.09,14,17.53
2025-07-03 13:45:00,Thursday,13,0,0,Cloudy,24.8,6,3,6.07,13,12.42
2025-07-03 14:00:00,Thursday,14,0,0,Cloudy,24.7,10,4,4.14,18,11.14
2025-07-03 14:15:00,Thursday,14,0,0,Cloudy,23.4,2,3,4.85,5,0.5
2025-07-03 14:30:00,Thursday,14,0,0,Cloudy,24.9,11,3,6.94,19,25.51
2025-07-03 14:45:00,Thursday,14,0,0,Cloudy,23.8,4,3,5.4,8,4.75
2025-07-03 15:00:00,Thursday,15,0,0,Cloudy,22.5,5,3,5.2,12,4.42
2025-07-03 15:15:00,Thursday,15,0,0,Sunny,23.5,4,2,4.63,5,6.3
2025-07-03 15:30:00,Thursday,15,0,0,Cloudy,25.3,6,4,6.84,11,8.14
2025-07-03 15:45:00,Thursday,15,0,0,Cloudy,26.4,5,2,4.66,7,9.73
2025-07-03 16:00:00,Thursday,16,0,0,Cloudy,25.5,8,2,6.01,16,24.34
2025-07-03 16:15:00,Thursday,16,0,0,Cloudy,25.3,5,4,4.32,7,3.52
2025-07-03 16:30:00,Thursday,16,0,0,Cloudy,23.1,10,3,6.8,19,22.42
2025-07-03 16:45:00,Thursday,16,0,0,Cloudy,24.6,11,3,6.36,21,22.95
2025-07-03 17:00:00,Thursday,17,0,0,Cloudy,23.8,5,3,5.88,10,11.18
2025-07-03 17:15:00,Thursday,17,0,0,Cloudy,25.4,8,3,5.36,18,14.31
2025-07-03 17:30:00,Thursday,17,0,0,Cloudy,22.9,6,2,6.5,10,18.55
2025-07-03 17:45:00,Thursday,17,0,0,Cloudy,24.7,7,2,5.69,12,20.96
2025-07-03 18:00:00,Thursday,18,0,0,Cloudy,23.5,8,3,6.0,18,14.07
2025-07-03 18:15:00,Thursday,18,0,0,Cloudy,24.0,17,3,6.65,36,32.88
2025-07-03 18:30:00,Thursday,18,0,0,Cloudy,22.0,13,3,7.68,34,33.84
2025-07-03 18:45:00,Thursday,18,0,0,Cloudy,24.0,7,3,6.53,7,12.3
2025-07-03 19:00:00,Thursday,19,0,0,Cloudy,24.3,10,2,5.81,14,28.26
2025-07-03 19:15:00,Thursday,19,0,0,Cloudy,24.2,16,3,6.17,34,30.6
2025-07-03 19:30:00,Thursday,19,0,0,Cloudy,21.8,8,3,6.64,15,15.73
2025-07-03 19:45:00,Thursday,19,0,0,Cloudy,23.6,7,3,4.74,13,9.32
2025-07-03 20:00:00,Thursday,20,0,0,Cloudy,23.4,13,3,6.33,29,31.45
2025-07-03 20:15:00,Thursday,20,0,0,Cloudy,26.2,8,2,6.17,14,26.83
2025-07-03 20:30:00,Thursday,20,0,0,Cloudy,26.8,6,2,5.96,7,20.29
2025-07-03 20:45:00,Thursday,20,0,0,Cloudy,24.5,5,2,6.51,10,20.74
2025-07-03 21:00:00,Thursday,21,0,0,Cloudy,26.0,10,2,8.1,17,42.22
2025-07-03 21:15:00,Thursday,21,0,0,Cloudy,23.9,7,2,5.79,13,20.35
2025-07-03 21:30:00,Thursday,21,0,0,Cloudy,22.6,3,3,4.88,6,1.85
2025-07-03 21:45:00,Thursday,21,0,0,Cloudy,24.4,7,2,4.49,12,14.91
2025-07-04 08:00:00,Friday,8,0,1,Cloudy,25.7,3,3,4.0,10,1.94
2025-07-04 08:15:00,Friday,8,0,1,Cloudy,22.2,3,3,5.05,2,7.3
2025-07-04 08:30:00,Friday,8,0,1,Cloudy,21.5,3,2,6.12,8,11.09
2025-07-04 08:45:00,Friday,8,0,1,Cloudy,21.3,6,3,4.45,13,11.46
2025-07-04 09:00:00,Friday,9,0,1,Cloudy,20.9,2,4,4.5,5,0.92
2025-07-04 09:15:00,Friday,9,0,1,Cloudy,17.6,3,4,5.77,7,7.84
2025-07-04 09:30:00,Friday,9,0,1,Cloudy,21.6,3,3,5.47,9,9.41
2025-07-04 09:45:00,Friday,9,0,1,Cloudy,23.9,7,4,6.55,11,9.33
2025-07-04 10:00:00,Friday,10,0,1,Cloudy,20.7,2,4,5.95,3,0.5
2025-07-04 10:15:00,Friday,10,0,1,Cloudy,25.4,7,3,7.35,16,14.44
2025-07-04 10:30:00,Friday,10,0,1,Cloudy,20.5,7,4,6.4,17,10.13
2025-07-04 10:45:00,Friday,10,0,1,Cloudy,22.0,5,5,5.24,6,9.0
2025-07-04 11:00:00,Friday,11,0,1,Cloudy,21.5,6,5,5.58,8,0.58
2025-07-04 11:15:00,Friday,11,0,1,Cloudy,23.7,11,5,5.14,19,9.66
2025-07-04 11:30:00,Friday,11,0,1,Cloudy,22.2,14,5,5.93,29,18.45
2025-07-04 11:45:00,Friday,11,0,1,Cloudy,20.7,14,5,4.72,25,9.36
2025-07-04 12:00:00,Friday,12,0,1,Cloudy,21.4,18,5,5.01,38,22.16
2025-07-04 12:15:00,Friday,12,0,1,Cloudy,22.8,10,5,5.12,16,8.57
2025-07-04 12:30:00,Friday,12,0,1,Cloudy,21.0,18,5,6.27,34,21.52
2025-07-04 12:45:00,Friday,12,0,1,Cloudy,21.8,20,5,7.12,34,33.65
2025-07-04 13:00:00,Friday,13,0,1,Cloudy,22.0,17,6,4.68,37,11.78
2025-07-04 13:15:00,Friday,13,0,1,Cloudy,21.2,12,5,4.42,19,8.95
2025-07-04 13:30:00,Friday,13,0,1,Sunny,22.8,13,5,5.71,22,20.79
2025-07-04 13:45:00,Friday,13,0,1,Cloudy,23.8,10,5,6.2,21,16.1
2025-07-04 14:00:00,Friday,14,0,1,Cloudy,22.3,6,6,5.91,11,4.21
2025-07-04 14:15:00,Friday,14,0,1,Cloudy,22.9,9,4,5.62,16,14.83
2025-07-04 14:30:00,Friday,14,0,1,Cloudy,23.6,9,3,5.23,18,21.36
2025-07-04 14:45:00,Friday,14,0,1,Cloudy,21.5,5,4,5.61,9,6.32
2025-07-04 15:00:00,Friday,15,0,1,Cloudy,21.9,6,4,3.74,12,5.52
2025-07-04 15:15:00,Friday,15,0,1,Cloudy,23.7,10,5,6.3,17,11.5
2025-07-04 15:30:00,Friday,15,0,1,Cloudy,24.2,7,4,5.19,16,7.78
2025-07-04 15:45:00,Friday,15,0,1,Cloudy,23.1,7,5,5.42,15,8.12
2025-07-04 16:00:00,Friday,16,0,1,Cloudy,23.9,8,5,4.78,11,3.2
2025-07-04 16:15:00,Friday,16,0,1,Cloudy,24.8,9,4,4.74,18,13.29
2025-07-04 16:30:00,Friday,16,0,1,Cloudy,22.0,8,5,4.9,13,8.14
2025-07-04 16:45:00,Friday,16,0,1,Cloudy,24.5,13,4,6.6,23,26.28
2025-07-04 17:00:00,Friday,17,0,1,Cloudy,21.6,18,5,7.57,36,27.88
2025-07-04 17:15:00,Friday,17,0,1,Cloudy,21.3,19,4,6.98,34,38.1
2025-07-04 17:30:00,Friday,17,0,1,Cloudy,21.2,16,4,6.88,27,26.02
2025-07-04 17:45:00,Friday,17,0,1,Cloudy,18.7,15,5,6.84,29,17.95
2025-07-04 18:00:00,Friday,18,0,1,Cloudy,23.2,17,5,6.82,38,24.31
2025-07-04 18:15:00,Friday,18,0,1,Cloudy,24.9,17,4,7.78,32,38.94
2025-07-04 18:30:00,Friday,18,0,1,Cloudy,22.2,17,3,6.14,28,35.38
2025-07-04 18:45:00,Friday,18,0,1,Cloudy,23.0,14,4,5.51,29,22.71
2025-07-04 19:00:00,Friday,19,0,1,Cloudy,21.5,25,4,5.92,44,43.94
2025-07-04 19:15:00,Friday,19,0,1,Cloudy,21.9,24,4,6.9,50,47.01
2025-07-04 19:30:00,Friday,19,0,1,Cloudy,22.2,12,4,6.52,21,17.43
2025-07-04 19:45:00,Friday,19,0,1,Cloudy,24.7,12,4,5.12,24,13.66
2025-07-04 20:00:00,Friday,20,0,1,Cloudy,21.6,16,4,6.18,30,29.65
2025-07-04 20:15:00,Friday,20,0,1,Cloudy,24.2,16,3,5.49,26,34.05
2025-07-04 20:30:00,Friday,20,0,1,Cloudy,21.1,9,4,6.08,18,10.05
2025-07-04 20:45:00,Friday,20,0,1,Cloudy,24.0,18,3,6.04,26,38.73
2025-07-04 21:00:00,Friday,21,0,1,Cloudy,23.6,7,3,6.03,12,13.02
2025-07-04 21:15:00,Friday,21,0,1,Cloudy,23.1,4,3,6.6,7,12.44
2025-07-04 21:30:00,Friday,21,0,1,Cloudy,21.6,6,2,7.1,4,22.39
2025-07-04 21:45:00,Friday,21,0,1,Cloudy,21.0,4,3,5.82,6,7.96
2025-07-05 08:00:00,Saturday,8,1,0,Windy,18.9,2,3,6.64,7,5.89
2025-07-05 08:15:00,Saturday,8,1,0,Windy,18.4,2,4,4.37,6,3.58
2025-07-05 08:30:00,Saturday,8,1,0,Windy,17.5,6,4,5.61,13,4.39
2025-07-05 08:45:00,Saturday,8,1,0,Windy,18.4,2,4,5.02,3,0.5
2025-07-05 09:00:00,Saturday,9,1,0,Windy,19.3,6,5,5.43,13,10.2
2025-07-05 09:15:00,Saturday,9,1,0,Windy,17.5,3,4,4.63,4,0.5
2025-07-05 09:30:00,Saturday,9,1,0,Windy,18.1,8,5,5.36,12,10.33
2025-07-05 09:45:00,Saturday,9,1,0,Windy,17.2,1,5,6.45,3,0.5
2025-07-05 10:00:00,Saturday,10,1,0,Windy,18.2,2,5,5.35,4,0.5
2025-07-05 10:15:00,Saturday,10,1,0,Windy,19.0,4,5,5.42,10,2.53
2025-07-05 10:30:00,Saturday,10,1,0,Windy,19.7,8,5,5.99,19,1.51
2025-07-05 10:45:00,Saturday,10,1,0,Windy,19.3,7,5,5.69,14,3.63
2025-07-05 11:00:00,Saturday,11,1,0,Windy,20.1,6,6,4.15,12,0.5
2025-07-05 11:15:00,Saturday,11,1,0,Rainy,19.0,14,6,7.08,32,15.35
2025-07-05 11:30:00,Saturday,11,1,0,Windy,20.3,10,6,5.35,14,2.7
2025-07-05 11:45:00,Saturday,11,1,0,Windy,19.3,8,6,5.14,13,2.96
2025-07-05 12:00:00,Saturday,12,1,0,Windy,17.5,15,6,6.0,25,15.89
2025-07-05 12:15:00,Saturday,12,1,0,Windy,18.1,14,6,4.88,33,12.29
2025-07-05 12:30:00,Saturday,12,1,0,Windy,19.3,12,6,6.4,22,15.97
2025-07-05 12:45:00,Saturday,12,1,0,Windy,20.0,6,6,5.31,12,0.5
2025-07-05 13:00:00,Saturday,13,1,0,Windy,17.8,12,6,5.92,21,6.71
2025-07-05 13:15:00,Saturday,13,1,0,Windy,17.5,7,6,4.33,14,3.47
2025-07-05 13:30:00,Saturday,13,1,0,Windy,19.1,13,6,4.81,24,11.62
2025-07-05 13:45:00,Saturday,13,1,0,Windy,18.9,15,6,4.41,25,10.62
2025-07-05 14:00:00,Saturday,14,1,0,Windy,20.0,6,6,5.32,8,1.84
2025-07-05 14:15:00,Saturday,14,1,0,Sunny,19.6,8,5,4.55,13,5.38
2025-07-05 14:30:00,Saturday,14,1,0,Windy,20.6,4,4,5.18,7,2.88
2025-07-05 14:45:00,Saturday,14,1,0,Stormy,16.8,3,5,4.73,8,6.95
2025-07-05 15:00:00,Saturday,15,1,0,Windy,20.8,3,5,5.52,4,0.65
2025-07-05 15:15:00,Saturday,15,1,0,Windy,19.1,3,4,4.93,5,3.64
2025-07-05 15:30:00,Saturday,15,1,0,Windy,18.9,4,5,6.4,5,1.86
2025-07-05 15:45:00,Saturday,15,1,0,Windy,17.3,15,4,4.65,34,19.53
2025-07-05 16:00:00,Saturday,16,1,0,Windy,17.8,9,5,6.58,15,6.61
2025-07-05 16:15:00,Saturday,16,1,0,Windy,18.5,4,5,4.08,7,0.5
2025-07-05 16:30:00,Saturday,16,1,0,Windy,20.5,14,5,6.22,28,20.44
2025-07-05 16:45:00,Saturday,16,1,0,Windy,15.2,9,6,5.15,19,5.72
2025-07-05 17:00:00,Saturday,17,1,0,Windy,18.7,11,5,6.18,20,9.23
2025-07-05 17:15:00,Saturday,17,1,0,Windy,18.1,15,5,5.88,31,17.95
2025-07-05 17:30:00,Saturday,17,1,0,Windy,17.8,9,5,4.49,18,5.21
2025-07-05 17:45:00,Saturday,17,1,0,Windy,21.9,16,4,6.46,33,28.41
2025-07-05 18:00:00,Saturday,18,1,0,Windy,18.8,9,5,5.59,15,8.84
2025-07-05 18:15:00,Saturday,18,1,0,Windy,20.1,16,5,6.6,37,26.39
2025-07-05 18:30:00,Saturday,18,1,0,Windy,20.0,15,5,7.13,30,23.11
2025-07-05 18:45:00,Saturday,18,1,0,Windy,20.3,11,5,7.01,19,17.39
2025-07-05 19:00:00,Saturday,19,1,0,Windy,21.8,14,5,6.56,27,17.01
2025-07-05 19:15:00,Saturday,19,1,0,Windy,15.3,9,5,4.15,16,4.29
2025-07-05 19:30:00,Saturday,19,1,0,Windy,19.1,6,5,5.76,9,4.36
2025-07-05 19:45:00,Saturday,19,1,0,Windy,16.5,17,6,6.8,34,16.81
2025-07-05 20:00:00,Saturday,20,1,0,Windy,18.4,13,5,4.74,30,11.67
2025-07-05 20:15:00,Saturday,20,1,0,Windy,19.8,7,4,4.69,8,1.81
2025-07-05 20:30:00,Saturday,20,1,0,Cloudy,19.5,19,4,5.56,37,30.22
2025-07-05 20:45:00,Saturday,20,1,0,Windy,22.0,9,4,6.73,16,17.47
2025-07-05 21:00:00,Saturday,21,1,0,Windy,19.7,11,4,6.31,26,22.29
2025-07-05 21:15:00,Saturday,21,1,0,Windy,16.6,6,4,6.74,12,8.36
2025-07-05 21:30:00,Saturday,21,1,0,Windy,19.8,7,4,7.0,12,9.45
2025-07-05 21:45:00,Saturday,21,1,0,Windy,19.1,6,5,5.21,7,0.5
2025-07-06 08:00:00,Sunday,8,1,0,Cloudy,25.6,1,4,5.94,2,0.5
2025-07-06 08:15:00,Sunday,8,1,0,Cloudy,23.2,4,5,6.64,8,0.5
2025-07-06 08:30:00,Sunday,8,1,0,Cloudy,26.6,3,6,3.44,6,0.5
2025-07-06 08:45:00,Sunday,8,1,0,Cloudy,25.6,4,5,5.25,7,0.5
2025-07-06 09:00:00,Sunday,9,1,0,Cloudy,23.0,6,6,7.4,8,2.3
2025-07-06 09:15:00,Sunday,9,1,0,Cloudy,23.5,1,6,5.53,2,0.5
2025-07-06 09:30:00,Sunday,9,1,0,Cloudy,25.9,3,6,6.1,5,0.5
2025-07-06 09:45:00,Sunday,9,1,0,Cloudy,24.7,3,5,5.64,6,0.5
2025-07-06 10:00:00,Sunday,10,1,0,Cloudy,27.7,1,6,5.66,2,0.5
2025-07-06 10:15:00,Sunday,10,1,0,Cloudy,25.3,8,6,4.77,15,1.46
2025-07-06 10:30:00,Sunday,10,1,0,Cloudy,25.8,5,6,4.91,9,1.38
2025-07-06 10:45:00,Sunday,10,1,0,Cloudy,22.7,6,6,5.78,11,0.5
2025-07-06 11:00:00,Sunday,11,1,0,Cloudy,23.6,10,7,6.18,18,1.39
2025-07-06 11:15:00,Sunday,11,1,0,Cloudy,24.4,15,7,5.61,26,12.1
2025-07-06 11:30:00,Sunday,11,1,0,Cloudy,25.2,15,6,5.93,29,8.94
2025-07-06 11:45:00,Sunday,11,1,0,Cloudy,25.1,10,7,6.05,21,3.21
2025-07-06 12:00:00,Sunday,12,1,0,Cloudy,27.9,11,7,4.79,19,0.5
2025-07-06 12:15:00,Sunday,12,1,0,Cloudy,27.1,14,7,6.18,21,4.61
2025-07-06 12:30:00,Sunday,12,1,0,Cloudy,25.7,19,6,5.28,38,18.39
2025-07-06 12:45:00,Sunday,12,1,0,Cloudy,26.6,18,7,6.96,34,16.26
2025-07-06 13:00:00,Sunday,13,1,0,Sunny,25.0,13,7,4.95,18,0.5
2025-07-06 13:15:00,Sunday,13,1,0,Cloudy,24.5,8,7,5.6,18,0.5
2025-07-06 13:30:00,Sunday,13,1,0,Cloudy,26.1,10,7,4.77,19,6.07
2025-07-06 13:45:00,Sunday,13,1,0,Cloudy,28.0,13,6,5.63,26,11.48
2025-07-06 14:00:00,Sunday,14,1,0,Cloudy,25.3,7,8,5.17,11,0.5
2025-07-06 14:15:00,Sunday,14,1,0,Cloudy,22.9,6,6,5.74,11,2.29
2025-07-06 14:30:00,Sunday,14,1,0,Cloudy,25.7,5,6,5.21,7,0.5
2025-07-06 14:45:00,Sunday,14,1,0,Windy,26.7,4,6,3.87,6,0.5
2025-07-06 15:00:00,Sunday,15,1,0,Cloudy,27.5,7,6,4.86,14,0.5
2025-07-06 15:15:00,Sunday,15,1,0,Cloudy,25.5,6,6,5.17,10,0.88
2025-07-06 15:30:00,Sunday,15,1,0,Cloudy,24.0,8,5,4.13,15,0.5
2025-07-06 15:45:00,Sunday,15,1,0,Sunny,25.9,7,6,5.48,16,5.06
2025-07-06 16:00:00,Sunday,16,1,0,Cloudy,26.8,3,6,5.51,6,0.5
2025-07-06 16:15:00,Sunday,16,1,0,Cloudy,23.7,9,6,6.18,16,8.18
2025-07-06 16:30:00,Sunday,16,1,0,Cloudy,23.6,12,6,6.52,25,12.02
2025-07-06 16:45:00,Sunday,16,1,0,Cloudy,26.4,12,5,5.83,20,14.9
2025-07-06 17:00:00,Sunday,17,1,0,Cloudy,26.0,9,6,6.08,16,11.09
2025-07-06 17:15:00,Sunday,17,1,0,Cloudy,26.7,20,6,6.46,42,23.17
2025-07-06 17:30:00,Sunday,17,1,0,Cloudy,26.1,20,6,6.14,35,19.92
2025-07-06 17:45:00,Sunday,17,1,0,Cloudy,26.4,20,7,6.6,35,16.38
2025-07-06 18:00:00,Sunday,18,1,0,Stormy,25.7,9,6,6.37,22,9.11
2025-07-06 18:15:00,Sunday,18,1,0,Cloudy,26.7,13,6,4.39,28,10.72
2025-07-06 18:30:00,Sunday,18,1,0,Cloudy,25.0,14,5,6.97,31,23.52
2025-07-06 18:45:00,Sunday,18,1,0,Cloudy,23.4,18,6,6.44,41,19.23
2025-07-06 19:00:00,Sunday,19,1,0,Cloudy,26.9,20,6,6.79,33,22.99
2025-07-06 19:15:00,Sunday,19,1,0,Cloudy,27.0,23,6,5.57,50,23.76
2025-07-06 19:30:00,Sunday,19,1,0,Cloudy,24.6,8,6,5.56,20,3.34
2025-07-06 19:45:00,Sunday,19,1,0,Cloudy,25.8,4,6,6.45,8,0.5
2025-07-06 20:00:00,Sunday,20,1,0,Cloudy,28.1,12,6,5.89,17,8.41
2025-07-06 20:15:00,Sunday,20,1,0,Cloudy,25.1,11,6,5.91,21,5.91
2025-07-06 20:30:00,Sunday,20,1,0,Cloudy,24.8,9,5,5.84,17,7.19
2025-07-06 20:45:00,Sunday,20,1,0,Cloudy,26.5,7,5,7.01,10,9.61
2025-07-06 21:00:00,Sunday,21,1,0,Cloudy,24.7,13,5,5.88,21,10.37
2025-07-06 21:15:00,Sunday,21,1,0,Cloudy,26.9,9,5,4.67,14,6.88
2025-07-06 21:30:00,Sunday,21,1,0,Cloudy,23.4,3,5,5.37,9,0.5
2025-07-06 21:45:00,Sunday,21,1,0,Cloudy,27.6,6,5,4.84,12,9.06
2025-07-07 08:00:00,Monday,8,0,0,Rainy,19.6,2,5,5.58,4,0.5
2025-07-07 08:15:00,Monday,8,0,0,Rainy,21.4,2,4,6.16,2,0.5
2025-07-07 08:30:00,Monday,8,0,0,Rainy,19.9,1,4,4.82,0,2.59
2025-07-07 08:45:00,Monday,8,0,0,Rainy,22.4,1,4,4.92,4,0.5
2025-07-07 09:00:00,Monday,9,0,0,Rainy,18.3,2,5,6.71,3,0.5
2025-07-07 09:15:00,Monday,9,0,0,Rainy,19.7,0,5,5.54,0,0.5
2025-07-07 09:30:00,Monday,9,0,0,Rainy,22.4,1,5,5.35,3,0.5
2025-07-07 09:45:00,Monday,9,0,0,Rainy,22.1,4,5,6.11,7,0.5
2025-07-07 10:00:00,Monday,10,0,0,Rainy,20.8,2,5,5.47,6,0.5
2025-07-07 10:15:00,Monday,10,0,0,Rainy,21.6,2,5,6.1,3,0.5
2025-07-07 10:30:00,Monday,10,0,0,Rainy,22.6,1,4,5.64,0,0.5
2025-07-07 10:45:00,Monday,10,0,0,Rainy,21.0,4,5,5.02,3,0.5
2025-07-07 11:00:00,Monday,11,0,0,Rainy,22.5,3,6,6.3,3,0.5
2025-07-07 11:15:00,Monday,11,0,0,Rainy,20.6,7,6,6.27,11,4.23
2025-07-07 11:30:00,Monday,11,0,0,Rainy,19.3,3,7,4.45,3,0.5
2025-07-07 11:45:00,Monday,11,0,0,Rainy,19.6,8,6,5.34,15,3.5
2025-07-07 12:00:00,Monday,12,0,0,Rainy,24.2,10,6,4.3,21,4.59
2025-07-07 12:15:00,Monday,12,0,0,Sunny,19.8,8,6,5.91,12,0.77
2025-07-07 12:30:00,Monday,12,0,0,Rainy,18.2,3,5,5.34,3,0.5
2025-07-07 12:45:00,Monday,12,0,0,Rainy,21.8,5,6,6.72,9,2.14
2025-07-07 13:00:00,Monday,13,0,0,Rainy,18.7,7,6,5.05,13,4.07
2025-07-07 13:15:00,Monday,13,0,0,Rainy,20.6,5,6,6.13,4,2.61
2025-07-07 13:30:00,Monday,13,0,0,Rainy,21.9,4,6,4.97,4,0.5
2025-07-07 13:45:00,Monday,13,0,0,Rainy,20.2,8,6,5.49,17,4.79
2025-07-07 14:00:00,Monday,14,0,0,Rainy,22.1,6,6,5.11,10,1.02
2025-07-07 14:15:00,Monday,14,0,0,Rainy,21.9,1,5,5.81,4,0.5
2025-07-07 14:30:00,Monday,14,0,0,Rainy,19.2,3,5,6.0,3,3.02
2025-07-07 14:45:00,Monday,14,0,0,Rainy,22.2,3,5,5.22,7,1.73
2025-07-07 15:00:00,Monday,15,0,0,Rainy,21.3,3,5,4.03,8,0.5
2025-07-07 15:15:00,Monday,15,0,0,Rainy,19.7,6,4,4.57,12,7.09
2025-07-07 15:30:00,Monday,15,0,0,Rainy,21.7,4,6,5.84,7,0.5
2025-07-07 15:45:00,Monday,15,0,0,Sunny,22.2,8,5,5.57,16,3.94
2025-07-07 16:00:00,Monday,16,0,0,Rainy,21.8,5,5,6.54,9,3.58
2025-07-07 16:15:00,Monday,16,0,0,Rainy,19.5,5,5,5.63,11,2.54
2025-07-07 16:30:00,Monday,16,0,0,Rainy,21.5,5,5,6.55,8,8.28
2025-07-07 16:45:00,Monday,16,0,0,Rainy,20.3,4,5,5.69,8,1.99
2025-07-07 17:00:00,Monday,17,0,0,Rainy,21.2,5,5,5.71,8,1.94
2025-07-07 17:15:00,Monday,17,0,0,Rainy,20.4,9,5,5.53,14,8.88
2025-07-07 17:30:00,Monday,17,0,0,Rainy,19.4,5,5,6.15,8,2.21
2025-07-07 17:45:00,Monday,17,0,0,Rainy,20.2,11,5,6.36,20,15.85
2025-07-07 18:00:00,Monday,18,0,0,Rainy,22.0,11,6,5.63,21,3.83
2025-07-07 18:15:00,Monday,18,0,0,Rainy,19.8,13,5,6.54,24,15.91
2025-07-07 18:30:00,Monday,18,0,0,Rainy,19.1,8,5,6.27,15,7.05
2025-07-07 18:45:00,Monday,18,0,0,Rainy,20.2,11,5,7.26,17,13.93
2025-07-07 19:00:00,Monday,19,0,0,Rainy,22.6,8,5,6.95,14,3.67
2025-07-07 19:15:00,Monday,19,0,0,Rainy,19.5,9,5,5.52,16,9.37
2025-07-07 19:30:00,Monday,19,0,0,Rainy,21.1,10,4,5.14,23,13.51
2025-07-07 19:45:00,Monday,19,0,0,Rainy,22.9,5,4,4.82,10,3.75
2025-07-07 20:00:00,Monday,20,0,0,Rainy,22.1,5,5,5.47,11,3.95
2025-07-07 20:15:00,Monday,20,0,0,Rainy,23.7,9,4,5.32,13,11.37
2025-07-07 20:30:00,Monday,20,0,0,Sunny,19.3,6,4,5.52,11,4.05
2025-07-07 20:45:00,Monday,20,0,0,Rainy,21.5,3,4,5.06,6,3.1
2025-07-07 21:00:00,Monday,21,0,0,Rainy,20.9,6,4,4.02,14,9.14
2025-07-07 21:15:00,Monday,21,0,0,Rainy,22.9,2,4,5.77,5,1.22
2025-07-07 21:30:00,Monday,21,0,0,Rainy,18.2,2,4,4.32,0,0.5
2025-07-07 21:45:00,Monday,21,0,0,Rainy,19.0,1,4,5.11,0,0.5
2025-07-08 08:00:00,Tuesday,8,0,0,Cloudy,19.6,1,3,5.65,2,0.5
2025-07-08 08:15:00,Tuesday,8,0,0,Cloudy,23.2,2,2,5.47,1,0.69
2025-07-08 08:30:00,Tuesday,8,0,0,Cloudy,19.9,4,2,5.61,6,9.87
2025-07-08 08:45:00,Tuesday,8,0,0,Cloudy,19.1,2,1,6.59,4,13.77
2025-07-08 09:00:00,Tuesday,9,0,0,Cloudy,22.1,1,2,5.79,1,0.5
2025-07-08 09:15:00,Tuesday,9,0,0,Cloudy,19.7,1,3,5.25,3,0.68
2025-07-08 09:30:00,Tuesday,9,0,0,Cloudy,22.8,1,4,5.85,1,0.5
2025-07-08 09:45:00,Tuesday,9,0,0,Cloudy,20.6,5,3,4.26,8,5.36
2025-07-08 10:00:00,Tuesday,10,0,0,Cloudy,20.9,2,3,6.39,0,1.39
2025-07-08 10:15:00,Tuesday,10,0,0,Cloudy,20.9,3,3,4.49,4,4.59
2025-07-08 10:30:00,Tuesday,10,0,0,Windy,22.4,3,3,5.16,8,4.65
2025-07-08 10:45:00,Tuesday,10,0,0,Cloudy,20.8,5,4,5.71,6,0.5
2025-07-08 11:00:00,Tuesday,11,0,0,Cloudy,22.6,2,4,5.33,2,0.74
2025-07-08 11:15:00,Tuesday,11,0,0,Cloudy,23.3,8,4,7.21,18,12.18
2025-07-08 11:30:00,Tuesday,11,0,0,Cloudy,21.1,5,4,4.8,10,3.77
2025-07-08 11:45:00,Tuesday,11,0,0,Rainy,22.4,6,4,6.76,13,10.89
2025-07-08 12:00:00,Tuesday,12,0,0,Cloudy,22.1,9,4,5.99,17,13.36
2025-07-08 12:15:00,Tuesday,12,0,0,Cloudy,21.0,14,5,6.19,27,14.87
2025-07-08 12:30:00,Tuesday,12,0,0,Cloudy,21.6,8,4,7.38,16,12.38
2025-07-08 12:45:00,Tuesday,12,0,0,Cloudy,20.5,7,5,6.03,17,4.42
2025-07-08 13:00:00,Tuesday,13,0,0,Cloudy,19.3,11,4,7.54,23,19.9
2025-07-08 13:15:00,Tuesday,13,0,0,Cloudy,20.6,9,4,6.18,14,14.68
2025-07-08 13:30:00,Tuesday,13,0,0,Cloudy,21.8,9,4,4.16,12,3.55
2025-07-08 13:45:00,Tuesday,13,0,0,Cloudy,23.5,9,4,7.11,21,17.23
2025-07-08 14:00:00,Tuesday,14,0,0,Cloudy,21.0,7,4,4.84,14,8.43
2025-07-08 14:15:00,Tuesday,14,0,0,Cloudy,20.4,9,3,6.28,16,18.0
2025-07-08 14:30:00,Tuesday,14,0,0,Cloudy,21.0,5,2,5.77,11,11.03
2025-07-08 14:45:00,Tuesday,14,0,0,Cloudy,22.3,7,3,5.99,17,12.77
2025-07-08 15:00:00,Tuesday,15,0,0,Cloudy,20.1,3,3,5.24,6,0.93
2025-07-08 15:15:00,Tuesday,15,0,0,Cloudy,21.2,4,3,5.22,5,2.29
2025-07-08 15:30:00,Tuesday,15,0,0,Cloudy,21.6,5,2,5.32,13,12.27
2025-07-08 15:45:00,Tuesday,15,0,0,Cloudy,22.0,7,4,5.46,11,5.65
2025-07-08 16:00:00,Tuesday,16,0,0,Sunny,20.0,10,2,6.02,22,30.32
2025-07-08 16:15:00,Tuesday,16,0,0,Cloudy,19.9,14,3,7.53,24,34.85
2025-07-08 16:30:00,Tuesday,16,0,0,Cloudy,20.2,8,3,4.16,16,2.93
2025-07-08 16:45:00,Tuesday,16,0,0,Cloudy,21.4,10,3,7.16,24,28.3
2025-07-08 17:00:00,Tuesday,17,0,0,Cloudy,21.0,10,3,6.66,21,18.58
2025-07-08 17:15:00,Tuesday,17,0,0,Cloudy,21.2,11,3,6.64,20,24.64
2025-07-08 17:30:00,Tuesday,17,0,0,Cloudy,21.6,11,3,6.57,23,24.74
2025-07-08 17:45:00,Tuesday,17,0,0,Cloudy,24.3,14,3,6.65,28,31.08
2025-07-08 18:00:00,Tuesday,18,0,0,Cloudy,22.1,11,3,5.21,16,16.69
2025-07-08 18:15:00,Tuesday,18,0,0,Stormy,22.1,10,3,6.14,21,15.71
2025-07-08 18:30:00,Tuesday,18,0,0,Stormy,20.0,10,3,6.88,21,26.52
2025-07-08 18:45:00,Tuesday,18,0,0,Cloudy,21.6,10,3,4.73,16,8.7
2025-07-08 19:00:00,Tuesday,19,0,0,Cloudy,22.2,10,3,5.1,20,18.65
2025-07-08 19:15:00,Tuesday,19,0,0,Cloudy,20.1,10,3,6.13,19,19.03
2025-07-08 19:30:00,Tuesday,19,0,0,Cloudy,22.3,12,3,4.36,20,17.63
2025-07-08 19:45:00,Tuesday,19,0,0,Cloudy,24.7,11,3,7.78,26,26.17
2025-07-08 20:00:00,Tuesday,20,0,0,Sunny,19.7,5,3,6.33,11,11.56
2025-07-08 20:15:00,Tuesday,20,0,0,Cloudy,17.7,10,2,6.66,18,31.53
2025-07-08 20:30:00,Tuesday,20,0,0,Cloudy,19.2,11,2,5.2,21,28.36
2025-07-08 20:45:00,Tuesday,20,0,0,Sunny,18.8,5,2,5.78,7,9.99
2025-07-08 21:00:00,Tuesday,21,0,0,Cloudy,20.8,6,3,6.02,15,11.5
2025-07-08 21:15:00,Tuesday,21,0,0,Cloudy,17.5,6,2,6.56,6,20.65
2025-07-08 21:30:00,Tuesday,21,0,0,Cloudy,19.5,5,2,6.56,14,14.06
2025-07-08 21:45:00,Tuesday,21,0,0,Cloudy,20.1,2,2,5.67,2,0.5
2025-07-09 08:00:00,Wednesday,8,0,0,Windy,15.4,1,3,5.17,3,0.5
2025-07-09 08:15:00,Wednesday,8,0,0,Cloudy,16.0,1,2,5.76,4,2.9
2025-07-09 08:30:00,Wednesday,8,0,0,Windy,16.9,1,3,5.29,1,0.5
2025-07-09 08:45:00,Wednesday,8,0,0,Sunny,16.6,2,3,6.01,1,0.5
2025-07-09 09:00:00,Wednesday,9,0,0,Windy,17.9,4,4,5.86,9,4.4
2025-07-09 09:15:00,Wednesday,9,0,0,Windy,17.8,4,3,5.49,8,4.08
2025-07-09 09:30:00,Wednesday,9,0,0,Windy,18.3,2,3,6.58,3,2.96
2025-07-09 09:45:00,Wednesday,9,0,0,Cloudy,16.9,3,4,5.29,6,0.5
2025-07-09 10:00:00,Wednesday,10,0,0,Windy,18.6,3,4,6.1,6,0.5
2025-07-09 10:15:00,Wednesday,10,0,0,Windy,19.6,8,4,4.2,15,6.11
2025-07-09 10:30:00,Wednesday,10,0,0,Windy,14.8,4,4,4.49,6,0.5
2025-07-09 10:45:00,Wednesday,10,0,0,Windy,21.0,5,4,4.83,11,1.24
2025-07-09 11:00:00,Wednesday,11,0,0,Windy,18.1,9,5,6.15,14,10.82
2025-07-09 11:15:00,Wednesday,11,0,0,Windy,18.1,8,4,4.75,12,6.83
2025-07-09 11:30:00,Wednesday,11,0,0,Windy,20.6,4,5,5.85,8,1.77
2025-07-09 11:45:00,Wednesday,11,0,0,Windy,19.0,10,5,5.34,20,9.04
2025-07-09 12:00:00,Wednesday,12,0,0,Windy,17.7,7,5,5.05,17,5.55
2025-07-09 12:15:00,Wednesday,12,0,0,Windy,16.0,7,5,6.49,13,5.74
2025-07-09 12:30:00,Wednesday,12,0,0,Windy,17.2,10,5,5.44,19,9.86
2025-07-09 12:45:00,Wednesday,12,0,0,Windy,17.8,7,6,7.36,14,0.5
2025-07-09 13:00:00,Wednesday,13,0,0,Windy,19.5,6,5,6.57,11,5.54
2025-07-09 13:15:00,Wednesday,13,0,0,Windy,20.2,10,6,4.66,21,6.46
2025-07-09 13:30:00,Wednesday,13,0,0,Windy,16.7,10,5,5.42,19,11.02
2025-07-09 13:45:00,Wednesday,13,0,0,Windy,18.6,6,5,4.2,14,5.63
2025-07-09 14:00:00,Wednesday,14,0,0,Windy,17.4,5,4,5.56,10,8.64
2025-07-09 14:15:00,Wednesday,14,0,0,Windy,19.3,8,4,5.82,15,9.18
2025-07-09 14:30:00,Wednesday,14,0,0,Windy,19.7,5,4,5.69,11,4.86
2025-07-09 14:45:00,Wednesday,14,0,0,Windy,20.7,6,4,4.35,9,1.71
2025-07-09 15:00:00,Wednesday,15,0,0,Windy,18.4,5,4,6.21,11,5.25
2025-07-09 15:15:00,Wednesday,15,0,0,Windy,18.7,3,4,5.27,11,1.81
2025-07-09 15:30:00,Wednesday,15,0,0,Windy,17.3,3,4,6.67,8,0.5
2025-07-09 15:45:00,Wednesday,15,0,0,Windy,17.3,5,4,5.27,12,5.81
2025-07-09 16:00:00,Wednesday,16,0,0,Windy,17.4,7,4,6.74,11,9.81
2025-07-09 16:15:00,Wednesday,16,0,0,Windy,17.6,4,4,6.84,8,1.21
2025-07-09 16:30:00,Wednesday,16,0,0,Windy,19.6,8,4,6.48,18,7.7
2025-07-09 16:45:00,Wednesday,16,0,0,Windy,16.4,7,4,5.05,12,5.74
2025-07-09 17:00:00,Wednesday,17,0,0,Windy,17.4,12,4,5.71,19,11.9
2025-07-09 17:15:00,Wednesday,17,0,0,Windy,19.5,14,4,6.39,26,18.65
2025-07-09 17:30:00,Wednesday,17,0,0,Windy,15.4,8,5,6.0,15,5.19
2025-07-09 17:45:00,Wednesday,17,0,0,Windy,20.7,18,4,6.86,34,26.96
2025-07-09 18:00:00,Wednesday,18,0,0,Windy,16.9,16,3,7.65,28,46.63
2025-07-09 18:15:00,Wednesday,18,0,0,Sunny,17.1,9,4,4.94,16,6.85
2025-07-09 18:30:00,Wednesday,18,0,0,Windy,17.1,8,3,5.79,15,12.16
2025-07-09 18:45:00,Wednesday,18,0,0,Sunny,20.2,18,4,5.45,34,22.67
2025-07-09 19:00:00,Wednesday,19,0,0,Windy,18.2,15,4,6.4,24,25.59
2025-07-09 19:15:00,Wednesday,19,0,0,Windy,19.0,14,4,7.38,31,27.28
2025-07-09 19:30:00,Wednesday,19,0,0,Windy,22.1,12,4,6.59,20,17.0
2025-07-09 19:45:00,Wednesday,19,0,0,Windy,16.3,9,4,7.07,14,13.78
2025-07-09 20:00:00,Wednesday,20,0,0,Sunny,16.9,12,4,6.23,22,14.65
2025-07-09 20:15:00,Wednesday,20,0,0,Windy,17.7,6,4,5.26,10,3.65
2025-07-09 20:30:00,Wednesday,20,0,0,Windy,19.3,2,3,6.11,6,0.73
2025-07-09 20:45:00,Wednesday,20,0,0,Windy,18.9,9,4,4.36,15,6.79
2025-07-09 21:00:00,Wednesday,21,0,0,Sunny,13.2,8,3,5.29,13,12.52
2025-07-09 21:15:00,Wednesday,21,0,0,Sunny,14.9,5,3,5.21,9,6.15
2025-07-09 21:30:00,Wednesday,21,0,0,Cloudy,16.7,2,2,5.43,6,4.99
2025-07-09 21:45:00,Wednesday,21,0,0,Windy,17.5,2,3,4.88,3,0.5
2025-07-10 08:00:00,Thursday,8,0,0,Sunny,33.1,0,2,4.38,1,0.5
2025-07-10 08:15:00,Thursday,8,0,0,Sunny,28.5,3,2,6.17,8,6.8
2025-07-10 08:30:00,Thursday,8,0,0,Sunny,31.1,0,2,6.16,2,0.5
2025-07-10 08:45:00,Thursday,8,0,0,Sunny,33.2,8,2,5.42,16,21.3
2025-07-10 09:00:00,Thursday,9,0,0,Sunny,31.0,2,4,5.57,8,0.5
2025-07-10 09:15:00,Thursday,9,0,0,Sunny,29.2,2,3,7.51,3,0.5
2025-07-10 09:30:00,Thursday,9,0,0,Sunny,32.6,3,3,5.47,7,2.88
2025-07-10 09:45:00,Thursday,9,0,0,Sunny,33.1,5,3,6.15,10,7.39
2025-07-10 10:00:00,Thursday,10,0,0,Sunny,32.8,0,3,4.62,0,0.5
2025-07-10 10:15:00,Thursday,10,0,0,Sunny,31.0,2,3,4.19,4,0.5
2025-07-10 10:30:00,Thursday,10,0,0,Sunny,29.3,7,3,4.27,12,12.5
2025-07-10 10:45:00,Thursday,10,0,0,Sunny,34.2,4,2,6.74,11,8.56
2025-07-10 11:00:00,Thursday,11,0,0,Sunny,33.3,5,4,5.52,7,1.9
2025-07-10 11:15:00,Thursday,11,0,0,Sunny,31.4,9,4,5.49,14,10.62
2025-07-10 11:30:00,Thursday,11,0,0,Cloudy,33.5,6,4,6.11,16,7.0
2025-07-10 11:45:00,Thursday,11,0,0,Windy,31.5,13,4,5.98,23,17.37
2025-07-10 12:00:00,Thursday,12,0,0,Sunny,32.0,13,4,4.43,22,15.28
2025-07-10 12:15:00,Thursday,12,0,0,Sunny,28.9,8,4,4.89,16,7.26
2025-07-10 12:30:00,Thursday,12,0,0,Sunny,34.4,7,4,4.23,13,0.95
2025-07-10 12:45:00,Thursday,12,0,0,Sunny,32.2,11,4,6.3,18,12.9
2025-07-10 13:00:00,Thursday,13,0,0,Sunny,31.5,13,4,6.4,21,19.03
2025-07-10 13:15:00,Thursday,13,0,0,Cloudy,34.8,8,4,5.2,10,5.39
2025-07-10 13:30:00,Thursday,13,0,0,Sunny,33.3,10,4,6.55,19,16.43
2025-07-10 13:45:00,Thursday,13,0,0,Sunny,31.7,6,4,6.14,12,6.2
2025-07-10 14:00:00,Thursday,14,0,0,Sunny,35.2,9,4,4.9,16,7.44
2025-07-10 14:15:00,Thursday,14,0,0,Sunny,31.5,13,4,7.49,25,22.49
2025-07-10 14:30:00,Thursday,14,0,0,Sunny,32.0,8,3,4.64,17,13.68
2025-07-10 14:45:00,Thursday,14,0,0,Sunny,32.1,6,3,5.28,11,10.83
2025-07-10 15:00:00,Thursday,15,0,0,Sunny,27.6,1,2,5.61,2,0.81
2025-07-10 15:15:00,Thursday,15,0,0,Sunny,30.7,6,3,4.19,12,8.06
2025-07-10 15:30:00,Thursday,15,0,0,Sunny,33.7,6,3,6.29,13,7.32
2025-07-10 15:45:00,Thursday,15,0,0,Sunny,32.0,5,3,5.18,9,3.24
2025-07-10 16:00:00,Thursday,16,0,0,Sunny,32.7,6,4,5.88,12,4.2
2025-07-10 16:15:00,Thursday,16,0,0,Sunny,33.8,6,3,7.36,15,14.04
2025-07-10 16:30:00,Thursday,16,0,0,Sunny,32.4,13,4,4.66,29,16.98
2025-07-10 16:45:00,Thursday,16,0,0,Sunny,32.4,9,3,3.99,17,13.03
2025-07-10 17:00:00,Thursday,17,0,0,Sunny,34.8,6,3,5.88,13,10.47
2025-07-10 17:15:00,Thursday,17,0,0,Sunny,30.8,6,3,4.8,9,8.83
2025-07-10 17:30:00,Thursday,17,0,0,Sunny,32.8,18,3,7.44,33,43.9
2025-07-10 17:45:00,Thursday,17,0,0,Sunny,32.8,9,3,6.49,16,20.74
2025-07-10 18:00:00,Thursday,18,0,0,Sunny,31.5,16,3,8.12,28,44.89
2025-07-10 18:15:00,Thursday,18,0,0,Sunny,32.1,10,3,4.97,24,20.11
2025-07-10 18:30:00,Thursday,18,0,0,Sunny,34.0,12,2,7.61,26,47.61
2025-07-10 18:45:00,Thursday,18,0,0,Sunny,30.8,13,3,5.36,24,18.73
2025-07-10 19:00:00,Thursday,19,0,0,Sunny,31.5,17,3,6.03,24,34.29
2025-07-10 19:15:00,Thursday,19,0,0,Sunny,30.4,12,2,7.26,25,46.26
2025-07-10 19:30:00,Thursday,19,0,0,Sunny,31.8,17,3,7.42,36,45.23
2025-07-10 19:45:00,Thursday,19,0,0,Sunny,31.5,9,3,6.97,17,22.72
2025-07-10 20:00:00,Thursday,20,0,0,Sunny,32.9,9,3,4.43,19,10.95
2025-07-10 20:15:00,Thursday,20,0,0,Sunny,28.3,9,2,5.19,18,23.94
2025-07-10 20:30:00,Thursday,20,0,0,Sunny,30.2,13,2,6.7,30,47.55
2025-07-10 20:45:00,Thursday,20,0,0,Sunny,33.8,5,2,5.18,12,8.62
2025-07-10 21:00:00,Thursday,21,0,0,Sunny,33.2,7,2,6.29,11,23.41
2025-07-10 21:15:00,Thursday,21,0,0,Sunny,32.3,6,2,4.96,16,18.21
2025-07-10 21:30:00,Thursday,21,0,0,Sunny,30.7,7,2,5.14,15,17.39
2025-07-10 21:45:00,Thursday,21,0,0,Sunny,29.4,6,2,5.84,12,17.61
2025-07-11 08:00:00,Friday,8,0,0,Windy,25.7,0,3,5.52,0,0.5
2025-07-11 08:15:00,Friday,8,0,0,Windy,21.2,1,3,4.92,0,0.5
2025-07-11 08:30:00,Friday,8,0,0,Windy,22.5,0,3,6.18,0,0.5
2025-07-11 08:45:00,Friday,8,0,0,Windy,24.0,1,4,6.32,0,0.5
2025-07-11 09:00:00,Friday,9,0,0,Windy,26.6,2,4,3.69,6,0.5
2025-07-11 09:15:00,Friday,9,0,0,Windy,23.1,5,4,5.2,9,3.18
2025-07-11 09:30:00,Friday,9,0,0,Windy,25.9,4,4,5.55,6,3.5
2025-07-11 09:45:00,Friday,9,0,0,Sunny,22.6,1,4,5.24,3,0.5
2025-07-11 10:00:00,Friday,10,0,0,Windy,21.8,4,4,5.85,10,4.54
2025-07-11 10:15:00,Friday,10,0,0,Windy,21.5,5,4,5.39,11,4.33
2025-07-11 10:30:00,Friday,10,0,0,Windy,24.2,5,4,5.61,10,5.34
2025-07-11 10:45:00,Friday,10,0,0,Windy,27.6,5,4,5.86,8,4.08
2025-07-11 11:00:00,Friday,11,0,0,Windy,24.2,9,5,6.02,14,3.93
2025-07-11 11:15:00,Friday,11,0,0,Windy,25.9,11,5,4.73,23,12.32
2025-07-11 11:30:00,Friday,11,0,0,Windy,25.0,12,6,4.58,21,3.77
2025-07-11 11:45:00,Friday,11,0,0,Windy,24.9,9,5,6.62,18,10.98
2025-07-11 12:00:00,Friday,12,0,0,Windy,24.1,14,6,5.07,33,9.3
2025-07-11 12:15:00,Friday,12,0,0,Windy,24.5,5,5,6.78,5,7.82
2025-07-11 12:30:00,Friday,12,0,0,Windy,25.3,6,5,3.78,9,0.5
2025-07-11 12:45:00,Friday,12,0,0,Windy,24.3,6,5,5.77,13,1.39
2025-07-11 13:00:00,Friday,13,0,0,Windy,21.3,8,6,5.05,17,3.46
2025-07-11 13:15:00,Friday,13,0,0,Windy,24.5,14,5,5.56,31,14.13
2025-07-11 13:30:00,Friday,13,0,0,Windy,24.3,5,5,4.64,8,0.5
2025-07-11 13:45:00,Friday,13,0,0,Windy,23.3,13,5,5.59,27,10.6
2025-07-11 14:00:00,Friday,14,0,0,Windy,24.8,5,5,5.45,12,2.88
2025-07-11 14:15:00,Friday,14,0,0,Windy,26.3,5,5,6.04,9,0.5
2025-07-11 14:30:00,Friday,14,0,0,Windy,25.0,1,3,6.15,1,0.5
2025-07-11 14:45:00,Friday,14,0,0,Windy,24.1,2,4,5.59,1,0.5
2025-07-11 15:00:00,Friday,15,0,0,Windy,25.3,1,4,5.54,1,0.5
2025-07-11 15:15:00,Friday,15,0,0,Sunny,25.5,5,4,7.1,13,3.1
2025-07-11 15:30:00,Friday,15,0,0,Windy,22.9,5,4,5.43,10,2.08
2025-07-11 15:45:00,Friday,15,0,0,Windy,24.6,9,3,4.72,13,11.67
2025-07-11 16:00:00,Friday,16,0,0,Sunny,23.3,4,4,5.51,4,0.57
2025-07-11 16:15:00,Friday,16,0,0,Windy,23.4,8,4,4.67,15,7.6
2025-07-11 16:30:00,Friday,16,0,0,Windy,25.3,7,4,5.32,13,5.7
2025-07-11 16:45:00,Friday,16,0,0,Windy,23.3,6,3,6.04,14,9.33
2025-07-11 17:00:00,Friday,17,0,0,Windy,22.9,9,4,6.48,18,12.58
2025-07-11 17:15:00,Friday,17,0,0,Windy,25.3,13,4,6.5,27,22.75
2025-07-11 17:30:00,Friday,17,0,0,Windy,24.5,13,4,5.79,29,15.84
2025-07-11 17:45:00,Friday,17,0,0,Windy,23.5,5,3,4.74,11,2.44
2025-07-11 18:00:00,Friday,18,0,0,Windy,25.7,10,4,5.92,18,10.9
2025-07-11 18:15:00,Friday,18,0,0,Windy,26.0,13,4,6.17,24,17.66
2025-07-11 18:30:00,Friday,18,0,0,Windy,24.5,13,4,5.71,30,20.81
2025-07-11 18:45:00,Friday,18,0,0,Windy,26.8,8,4,6.54,14,11.33
2025-07-11 19:00:00,Friday,19,0,0,Cloudy,25.0,18,4,6.67,39,33.33
2025-07-11 19:15:00,Friday,19,0,0,Windy,21.2,8,4,4.07,15,4.88
2025-07-11 19:30:00,Friday,19,0,0,Windy,23.7,7,3,4.26,11,5.23
2025-07-11 19:45:00,Friday,19,0,0,Windy,22.2,13,4,6.93,23,15.81
2025-07-11 20:00:00,Friday,20,0,0,Windy,23.7,11,3,5.91,20,19.54
2025-07-11 20:15:00,Friday,20,0,0,Sunny,25.2,9,2,6.88,19,30.73
2025-07-11 20:30:00,Friday,20,0,0,Windy,22.3,5,4,5.15,10,6.23
2025-07-11 20:45:00,Friday,20,0,0,Windy,22.5,6,3,5.16,15,7.55
2025-07-11 21:00:00,Friday,21,0,0,Windy,24.0,6,3,6.24,9,10.34
2025-07-11 21:15:00,Friday,21,0,0,Windy,23.7,5,3,5.65,9,3.78
2025-07-11 21:30:00,Friday,21,0,0,Windy,22.1,6,3,5.15,14,10.04
2025-07-11 21:45:00,Friday,21,0,0,Windy,25.0,4,3,6.22,10,3.82
2025-07-12 08:00:00,Saturday,8,1,0,Stormy,12.9,1,5,5.01,4,0.5
2025-07-12 08:15:00,Saturday,8,1,0,Stormy,16.5,2,5,6.9,2,3.64
2025-07-12 08:30:00,Saturday,8,1,0,Stormy,12.8,3,5,6.6,3,2.72
2025-07-12 08:45:00,Saturday,8,1,0,Stormy,14.6,1,5,5.46,4,0.5
2025-07-12 09:00:00,Saturday,9,1,0,Stormy,16.1,3,5,8.31,6,1.32
2025-07-12 09:15:00,Saturday,9,1,0,Stormy,12.9,1,7,4.53,0,0.5
2025-07-12 09:30:00,Saturday,9,1,0,Stormy,14.1,1,6,6.49,5,0.5
2025-07-12 09:45:00,Saturday,9,1,0,Sunny,16.4,3,5,5.68,7,0.5
2025-07-12 10:00:00,Saturday,10,1,0,Stormy,13.2,4,6,5.58,8,1.65
2025-07-12 10:15:00,Saturday,10,1,0,Stormy,14.0,1,6,5.31,3,0.5
2025-07-12 10:30:00,Saturday,10,1,0,Rainy,11.5,1,6,6.25,2,0.5
2025-07-12 10:45:00,Saturday,10,1,0,Cloudy,17.7,6,5,6.93,12,7.15
2025-07-12 11:00:00,Saturday,11,1,0,Stormy,16.0,8,7,6.24,12,10.05
2025-07-12 11:15:00,Saturday,11,1,0,Stormy,14.1,8,6,5.36,17,3.43
2025-07-12 11:30:00,Saturday,11,1,0,Stormy,15.0,7,7,4.75,8,3.04
2025-07-12 11:45:00,Saturday,11,1,0,Rainy,15.9,12,7,4.75,29,7.04
2025-07-12 12:00:00,Saturday,12,1,0,Rainy,11.8,8,7,5.64,17,0.5
2025-07-12 12:15:00,Saturday,12,1,0,Cloudy,16.5,20,7,6.17,42,18.35
2025-07-12 12:30:00,Saturday,12,1,0,Windy,15.9,9,7,6.17,16,3.56
2025-07-12 12:45:00,Saturday,12,1,0,Stormy,13.7,12,7,4.85,23,8.24
2025-07-12 13:00:00,Saturday,13,1,0,Stormy,16.7,12,6,6.27,21,10.28
2025-07-12 13:15:00,Saturday,13,1,0,Stormy,14.5,13,6,5.69,27,10.7
2025-07-12 13:30:00,Saturday,13,1,0,Stormy,13.7,14,7,6.38,27,8.6
2025-07-12 13:45:00,Saturday,13,1,0,Stormy,15.8,10,7,6.82,22,13.7
2025-07-12 14:00:00,Saturday,14,1,0,Sunny,15.0,9,7,7.15,16,5.75
2025-07-12 14:15:00,Saturday,14,1,0,Stormy,12.5,4,7,6.13,9,3.59
2025-07-12 14:30:00,Saturday,14,1,0,Stormy,12.9,6,6,6.5,14,5.47
2025-07-12 14:45:00,Saturday,14,1,0,Stormy,15.8,9,6,6.87,15,7.56
2025-07-12 15:00:00,Saturday,15,1,0,Rainy,14.3,4,5,5.81,8,4.14
2025-07-12 15:15:00,Saturday,15,1,0,Stormy,15.3,6,7,6.09,14,3.88
2025-07-12 15:30:00,Saturday,15,1,0,Stormy,11.2,5,6,6.5,10,2.09
2025-07-12 15:45:00,Saturday,15,1,0,Stormy,14.5,5,6,6.03,5,6.24
2025-07-12 16:00:00,Saturday,16,1,0,Stormy,13.6,4,5,6.81,5,3.98
2025-07-12 16:15:00,Saturday,16,1,0,Stormy,13.9,4,6,5.66,6,0.5
2025-07-12 16:30:00,Saturday,16,1,0,Stormy,14.9,8,6,5.28,16,7.48
2025-07-12 16:45:00,Saturday,16,1,0,Stormy,15.6,10,6,6.36,22,11.36
2025-07-12 17:00:00,Saturday,17,1,0,Stormy,15.4,9,6,5.74,17,9.55
2025-07-12 17:15:00,Saturday,17,1,0,Stormy,12.3,14,6,6.49,31,16.43
2025-07-12 17:30:00,Saturday,17,1,0,Stormy,13.1,11,5,6.77,19,15.85
2025-07-12 17:45:00,Saturday,17,1,0,Stormy,14.7,11,7,6.74,18,8.27
2025-07-12 18:00:00,Saturday,18,1,0,Stormy,11.6,11,6,6.36,20,6.55
2025-07-12 18:15:00,Saturday,18,1,0,Stormy,14.6,19,7,5.49,34,16.09
2025-07-12 18:30:00,Saturday,18,1,0,Stormy,15.2,13,5,5.14,24,12.61
2025-07-12 18:45:00,Saturday,18,1,0,Stormy,14.3,12,6,6.38,21,10.25
2025-07-12 19:00:00,Saturday,19,1,0,Stormy,14.1,7,6,6.54,16,2.31
2025-07-12 19:15:00,Saturday,19,1,0,Stormy,13.6,16,6,8.33,30,21.0
2025-07-12 19:30:00,Saturday,19,1,0,Stormy,11.9,9,6,4.88,17,8.94
2025-07-12 19:45:00,Saturday,19,1,0,Sunny,14.0,11,6,4.39,20,6.48
2025-07-12 20:00:00,Saturday,20,1,0,Stormy,14.0,11,7,7.65,25,11.06
2025-07-12 20:15:00,Saturday,20,1,0,Stormy,11.8,8,5,6.15,11,10.34
2025-07-12 20:30:00,Saturday,20,1,0,Stormy,13.5,4,5,7.5,7,4.55
2025-07-12 20:45:00,Saturday,20,1,0,Stormy,15.8,6,5,7.63,8,5.73
2025-07-12 21:00:00,Saturday,21,1,0,Stormy,12.6,7,5,5.86,15,5.74
2025-07-12 21:15:00,Saturday,21,1,0,Stormy,14.3,6,5,5.89,10,7.74
2025-07-12 21:30:00,Saturday,21,1,0,Stormy,12.7,3,5,6.91,7,2.99
2025-07-12 21:45:00,Saturday,21,1,0,Stormy,11.9,9,5,6.53,18,17.17
2025-07-13 08:00:00,Sunday,8,1,0,Sunny,31.3,1,4,4.72,4,0.5
2025-07-13 08:15:00,Sunday,8,1,0,Sunny,30.0,3,5,6.37,7,0.5
2025-07-13 08:30:00,Sunday,8,1,0,Sunny,31.6,2,5,5.05,6,0.5
2025-07-13 08:45:00,Sunday,8,1,0,Sunny,28.5,4,4,4.57,9,0.5
2025-07-13 09:00:00,Sunday,9,1,0,Sunny,29.1,1,6,6.32,2,0.5
2025-07-13 09:15:00,Sunday,9,1,0,Sunny,31.7,5,6,5.28,10,0.5
2025-07-13 09:30:00,Sunday,9,1,0,Sunny,30.4,6,5,6.67,11,2.67
2025-07-13 09:45:00,Sunday,9,1,0,Sunny,32.6,2,5,5.43,1,0.5
2025-07-13 10:00:00,Sunday,10,1,0,Sunny,29.4,3,6,3.92,5,0.5
2025-07-13 10:15:00,Sunday,10,1,0,Sunny,29.3,10,6,7.21,18,8.77
2025-07-13 10:30:00,Sunday,10,1,0,Sunny,30.4,7,6,6.13,12,2.69
2025-07-13 10:45:00,Sunday,10,1,0,Sunny,31.9,9,6,6.05,19,6.85
2025-07-13 11:00:00,Sunday,11,1,0,Sunny,30.0,7,7,5.44,10,0.5
2025-07-13 11:15:00,Sunday,11,1,0,Sunny,31.4,11,7,6.86,23,5.07
2025-07-13 11:30:00,Sunday,11,1,0,Sunny,34.3,12,7,5.13,18,5.06
2025-07-13 11:45:00,Sunday,11,1,0,Sunny,32.6,19,7,5.68,36,17.93
2025-07-13 12:00:00,Sunday,12,1,0,Sunny,31.3,13,7,5.3,23,4.99
2025-07-13 12:15:00,Sunday,12,1,0,Cloudy,30.9,17,7,6.61,30,14.16
2025-07-13 12:30:00,Sunday,12,1,0,Sunny,29.9,18,7,5.38,30,8.51
2025-07-13 12:45:00,Sunday,12,1,0,Sunny,32.1,9,7,5.61,14,0.5
2025-07-13 13:00:00,Sunday,13,1,0,Sunny,34.8,18,7,6.58,26,14.66
2025-07-13 13:15:00,Sunday,13,1,0,Sunny,32.9,12,7,5.16,23,6.27
2025-07-13 13:30:00,Sunday,13,1,0,Sunny,29.6,14,7,4.14,27,4.65
2025-07-13 13:45:00,Sunday,13,1,0,Sunny,29.2,9,6,5.78,20,0.5
2025-07-13 14:00:00,Sunday,14,1,0,Sunny,32.9,12,6,5.77,25,12.25
2025-07-13 14:15:00,Sunday,14,1,0,Sunny,33.0,9,6,5.31,14,3.57
2025-07-13 14:30:00,Sunday,14,1,0,Sunny,29.0,9,6,5.72,14,5.45
2025-07-13 14:45:00,Sunday,14,1,0,Cloudy,31.8,4,6,6.24,9,0.5
2025-07-13 15:00:00,Sunday,15,1,0,Sunny,30.9,5,7,5.51,7,0.5
2025-07-13 15:15:00,Sunday,15,1,0,Sunny,31.4,2,6,3.41,5,0.5
2025-07-13 15:30:00,Sunday,15,1,0,Sunny,31.1,11,6,4.42,20,4.8
2025-07-13 15:45:00,Sunday,15,1,0,Sunny,32.4,4,6,6.14,12,2.42
2025-07-13 16:00:00,Sunday,16,1,0,Sunny,32.5,5,6,6.49,13,0.71
2025-07-13 16:15:00,Sunday,16,1,0,Sunny,30.7,10,6,5.04,20,6.35
2025-07-13 16:30:00,Sunday,16,1,0,Sunny,30.6,11,6,5.42,19,2.78
2025-07-13 16:45:00,Sunday,16,1,0,Sunny,30.2,10,6,4.9,15,5.46
2025-07-13 17:00:00,Sunday,17,1,0,Sunny,30.4,14,6,4.76,30,14.01
2025-07-13 17:15:00,Sunday,17,1,0,Sunny,31.0,11,6,5.72,16,2.77
2025-07-13 17:30:00,Sunday,17,1,0,Sunny,29.5,10,6,5.36,15,2.35
2025-07-13 17:45:00,Sunday,17,1,0,Sunny,30.8,13,5,6.75,26,10.61
2025-07-13 18:00:00,Sunday,18,1,0,Sunny,31.1,19,6,7.16,39,23.78
2025-07-13 18:15:00,Sunday,18,1,0,Sunny,31.4,16,6,5.05,32,10.02
2025-07-13 18:30:00,Sunday,18,1,0,Sunny,33.4,12,6,6.3,26,12.32
2025-07-13 18:45:00,Sunday,18,1,0,Sunny,30.4,20,6,7.28,29,19.23
2025-07-13 19:00:00,Sunday,19,1,0,Sunny,32.8,17,6,5.28,35,15.87
2025-07-13 19:15:00,Sunday,19,1,0,Sunny,29.0,21,6,6.12,36,17.72
2025-07-13 19:30:00,Sunday,19,1,0,Sunny,32.7,21,7,5.4,40,19.63
2025-07-13 19:45:00,Sunday,19,1,0,Sunny,32.9,16,6,7.47,34,19.57
2025-07-13 20:00:00,Sunday,20,1,0,Windy,30.3,16,6,6.65,26,14.92
2025-07-13 20:15:00,Sunday,20,1,0,Sunny,30.0,6,5,6.03,15,3.12
2025-07-13 20:30:00,Sunday,20,1,0,Sunny,31.1,13,6,5.57,25,16.3
2025-07-13 20:45:00,Sunday,20,1,0,Sunny,30.9,4,5,6.57,8,0.5
2025-07-13 21:00:00,Sunday,21,1,0,Sunny,32.2,10,5,5.1,18,5.89
2025-07-13 21:15:00,Sunday,21,1,0,Sunny,31.6,13,5,5.76,25,17.53
2025-07-13 21:30:00,Sunday,21,1,0,Sunny,30.7,2,5,4.76,7,0.5
2025-07-13 21:45:00,Sunday,21,1,0,Sunny,31.3,6,5,5.95,8,6.05
2025-07-14 08:00:00,Monday,8,0,0,Windy,23.9,1,4,3.4,2,0.5
2025-07-14 08:15:00,Monday,8,0,0,Windy,20.9,2,4,6.06,6,0.5
2025-07-14 08:30:00,Monday,8,0,0,Windy,22.5,1,5,5.07,1,0.5
2025-07-14 08:45:00,Monday,8,0,0,Windy,24.4,0,4,5.67,1,0.5
2025-07-14 09:00:00,Monday,9,0,0,Windy,21.7,3,4,5.19,6,0.5
2025-07-14 09:15:00,Monday,9,0,0,Windy,24.6,3,5,3.59,7,0.5
2025-07-14 09:30:00,Monday,9,0,0,Windy,23.4,2,6,5.69,5,0.5
2025-07-14 09:45:00,Monday,9,0,0,Windy,25.5,3,5,5.28,8,0.5
2025-07-14 10:00:00,Monday,10,0,0,Windy,23.4,2,5,6.53,1,0.5
2025-07-14 10:15:00,Monday,10,0,0,Windy,24.1,5,5,7.17,7,0.5
2025-07-14 10:30:00,Monday,10,0,0,Windy,23.0,7,5,4.99,8,1.87
2025-07-14 10:45:00,Monday,10,0,0,Sunny,20.7,1,5,6.3,2,4.83
2025-07-14 11:00:00,Monday,11,0,0,Windy,25.8,2,7,5.22,4,0.5
2025-07-14 11:15:00,Monday,11,0,0,Windy,24.1,4,6,6.64,6,0.5
2025-07-14 11:30:00,Monday,11,0,0,Windy,24.8,12,5,4.51,20,4.65
2025-07-14 11:45:00,Monday,11,0,0,Windy,25.0,10,6,4.31,18,4.05
2025-07-14 12:00:00,Monday,12,0,0,Windy,25.9,6,6,5.17,14,1.57
2025-07-14 12:15:00,Monday,12,0,0,Windy,21.8,11,6,6.87,19,8.47
2025-07-14 12:30:00,Monday,12,0,0,Windy,21.7,15,6,6.13,32,14.32
2025-07-14 12:45:00,Monday,12,0,0,Windy,22.6,11,6,6.18,22,10.42
2025-07-14 13:00:00,Monday,13,0,0,Windy,25.7,10,6,4.82,23,3.6
2025-07-14 13:15:00,Monday,13,0,0,Windy,24.6,11,6,4.65,24,5.79
2025-07-14 13:30:00,Monday,13,0,0,Windy,21.2,10,6,5.94,18,5.2
2025-07-14 13:45:00,Monday,13,0,0,Windy,23.3,5,6,7.29,10,1.35
2025-07-14 14:00:00,Monday,14,0,0,Windy,23.8,9,7,4.83,17,3.84
2025-07-14 14:15:00,Monday,14,0,0,Windy,24.1,7,5,6.21,12,1.27
2025-07-14 14:30:00,Monday,14,0,0,Windy,22.7,4,4,6.61,4,2.91
2025-07-14 14:45:00,Monday,14,0,0,Windy,27.0,5,5,5.97,6,3.69
2025-07-14 15:00:00,Monday,15,0,0,Windy,21.6,1,6,6.07,1,0.5
2025-07-14 15:15:00,Monday,15,0,0,Windy,25.5,2,4,4.8,5,0.5
2025-07-14 15:30:00,Monday,15,0,0,Windy,25.3,4,5,5.29,9,0.5
2025-07-14 15:45:00,Monday,15,0,0,Windy,24.8,6,5,6.17,11,0.5
2025-07-14 16:00:00,Monday,16,0,0,Windy,23.2,5,5,5.95,8,1.5
2025-07-14 16:15:00,Monday,16,0,0,Windy,24.2,3,5,4.61,9,0.5
2025-07-14 16:30:00,Monday,16,0,0,Windy,23.7,8,5,5.67,12,6.74
2025-07-14 16:45:00,Monday,16,0,0,Sunny,23.3,5,6,3.94,12,0.5
2025-07-14 17:00:00,Monday,17,0,0,Windy,26.3,14,4,6.1,21,23.67
2025-07-14 17:15:00,Monday,17,0,0,Windy,23.6,12,5,4.72,19,9.6
2025-07-14 17:30:00,Monday,17,0,0,Windy,24.3,8,5,4.62,16,3.91
2025-07-14 17:45:00,Monday,17,0,0,Windy,22.7,9,5,6.1,14,14.38
2025-07-14 18:00:00,Monday,18,0,0,Windy,24.3,12,5,5.24,25,12.2
2025-07-14 18:15:00,Monday,18,0,0,Windy,23.7,8,5,6.08,13,2.94
2025-07-14 18:30:00,Monday,18,0,0,Windy,23.4,4,5,5.43,7,0.5
2025-07-14 18:45:00,Monday,18,0,0,Windy,28.2,14,5,7.35,27,19.62
2025-07-14 19:00:00,Monday,19,0,0,Windy,21.2,8,5,6.14,16,3.9
2025-07-14 19:15:00,Monday,19,0,0,Windy,21.2,13,5,6.0,26,12.95
2025-07-14 19:30:00,Monday,19,0,0,Windy,21.5,11,5,6.49,18,12.74
2025-07-14 19:45:00,Monday,19,0,0,Windy,21.7,14,5,5.86,27,12.47
2025-07-14 20:00:00,Monday,20,0,0,Windy,25.3,8,5,5.31,17,6.76
2025-07-14 20:15:00,Monday,20,0,0,Windy,21.1,10,5,6.13,18,9.47
2025-07-14 20:30:00,Monday,20,0,0,Windy,27.5,8,4,4.13,13,7.3
2025-07-14 20:45:00,Monday,20,0,0,Windy,21.7,4,4,4.78,10,3.1
2025-07-14 21:00:00,Monday,21,0,0,Windy,23.0,5,4,5.61,8,5.34
2025-07-14 21:15:00,Monday,21,0,0,Windy,21.3,4,4,6.88,4,3.13
2025-07-14 21:30:00,Monday,21,0,0,Stormy,25.7,3,4,6.21,7,0.5
2025-07-14 21:45:00,Monday,21,0,0,Windy,23.6,4,4,6.09,5,1.7
2025-07-15 08:00:00,Tuesday,8,0,0,Stormy,23.4,0,4,6.27,6,0.5
2025-07-15 08:15:00,Tuesday,8,0,0,Stormy,24.3,5,4,6.59,10,0.5
2025-07-15 08:30:00,Tuesday,8,0,0,Stormy,20.7,1,4,4.58,0,0.5
2025-07-15 08:45:00,Tuesday,8,0,0,Stormy,19.7,1,4,5.55,0,0.5
2025-07-15 09:00:00,Tuesday,9,0,0,Stormy,23.7,1,5,5.7,3,0.5
2025-07-15 09:15:00,Tuesday,9,0,0,Stormy,22.6,0,5,4.9,0,0.5
2025-07-15 09:30:00,Tuesday,9,0,0,Stormy,22.6,1,5,6.95,0,0.5
2025-07-15 09:45:00,Tuesday,9,0,0,Stormy,22.1,1,5,4.82,2,0.5
2025-07-15 10:00:00,Tuesday,10,0,0,Stormy,20.7,1,5,6.59,3,0.5
2025-07-15 10:15:00,Tuesday,10,0,0,Stormy,23.3,0,5,6.26,0,0.5
2025-07-15 10:30:00,Tuesday,10,0,0,Stormy,22.2,3,5,4.72,4,2.04
2025-07-15 10:45:00,Tuesday,10,0,0,Stormy,23.3,5,5,4.89,6,1.74
2025-07-15 11:00:00,Tuesday,11,0,0,Stormy,24.2,3,6,7.11,5,0.5
2025-07-15 11:15:00,Tuesday,11,0,0,Cloudy,20.9,8,6,4.5,11,0.5
2025-07-15 11:30:00,Tuesday,11,0,0,Stormy,20.9,5,6,7.15,13,2.45
2025-07-15 11:45:00,Tuesday,11,0,0,Stormy,23.3,4,6,5.97,9,0.5
2025-07-15 12:00:00,Tuesday,12,0,0,Stormy,21.6,5,6,5.86,9,3.84
2025-07-15 12:15:00,Tuesday,12,0,0,Stormy,23.4,3,6,6.69,8,0.5
2025-07-15 12:30:00,Tuesday,12,0,0,Stormy,20.4,7,6,5.59,10,3.39
2025-07-15 12:45:00,Tuesday,12,0,0,Stormy,22.7,8,5,6.93,14,8.55
2025-07-15 13:00:00,Tuesday,13,0,0,Stormy,26.9,6,6,5.88,10,1.94
2025-07-15 13:15:00,Tuesday,13,0,0,Stormy,22.6,3,5,6.76,6,0.5
2025-07-15 13:30:00,Tuesday,13,0,0,Stormy,22.2,5,6,7.79,9,8.3
2025-07-15 13:45:00,Tuesday,13,0,0,Stormy,24.5,3,6,7.13,6,2.12
2025-07-15 14:00:00,Tuesday,14,0,0,Stormy,23.5,6,6,6.18,13,0.5
2025-07-15 14:15:00,Tuesday,14,0,0,Stormy,21.7,9,5,6.05,14,11.03
2025-07-15 14:30:00,Tuesday,14,0,0,Stormy,21.6,7,5,4.74,15,6.28
2025-07-15 14:45:00,Tuesday,14,0,0,Sunny,24.4,2,5,5.05,8,1.31
2025-07-15 15:00:00,Tuesday,15,0,0,Stormy,21.7,3,5,5.9,4,0.5
2025-07-15 15:15:00,Tuesday,15,0,0,Stormy,24.0,4,5,6.23,5,4.07
2025-07-15 15:30:00,Tuesday,15,0,0,Rainy,24.3,6,5,6.36,13,7.68
2025-07-15 15:45:00,Tuesday,15,0,0,Stormy,22.7,3,5,6.12,7,0.72
2025-07-15 16:00:00,Tuesday,16,0,0,Stormy,25.4,8,5,6.37,12,2.97
2025-07-15 16:15:00,Tuesday,16,0,0,Stormy,23.1,10,5,4.52,16,7.79
2025-07-15 16:30:00,Tuesday,16,0,0,Stormy,22.6,5,5,5.03,9,3.26
2025-07-15 16:45:00,Tuesday,16,0,0,Stormy,22.8,8,6,6.53,21,8.53
2025-07-15 17:00:00,Tuesday,17,0,0,Stormy,23.8,2,5,6.54,4,0.5
2025-07-15 17:15:00,Tuesday,17,0,0,Stormy,21.1,3,5,6.74,7,4.16
2025-07-15 17:30:00,Tuesday,17,0,0,Stormy,22.5,7,5,5.23,14,8.15
2025-07-15 17:45:00,Tuesday,17,0,0,Stormy,23.9,12,5,5.49,20,14.06
2025-07-15 18:00:00,Tuesday,18,0,0,Stormy,22.9,12,6,6.25,23,8.8
2025-07-15 18:15:00,Tuesday,18,0,0,Stormy,21.5,9,5,8.14,15,7.85
2025-07-15 18:30:00,Tuesday,18,0,0,Stormy,21.6,7,5,5.96,13,3.99
2025-07-15 18:45:00,Tuesday,18,0,0,Sunny,22.8,14,5,7.23,22,18.14
2025-07-15 19:00:00,Tuesday,19,0,0,Stormy,22.4,6,5,5.71,8,1.97
2025-07-15 19:15:00,Tuesday,19,0,0,Stormy,24.4,8,5,5.45,16,9.98
2025-07-15 19:30:00,Tuesday,19,0,0,Stormy,19.9,7,4,5.75,17,12.59
2025-07-15 19:45:00,Tuesday,19,0,0,Stormy,21.2,9,5,7.51,14,10.67
2025-07-15 20:00:00,Tuesday,20,0,0,Stormy,20.8,5,5,5.49,8,0.5
2025-07-15 20:15:00,Tuesday,20,0,0,Stormy,20.2,7,4,6.29,18,8.62
2025-07-15 20:30:00,Tuesday,20,0,0,Stormy,22.9,4,4,7.35,5,9.48
2025-07-15 20:45:00,Tuesday,20,0,0,Stormy,19.8,7,4,6.51,9,6.57
2025-07-15 21:00:00,Tuesday,21,0,0,Stormy,25.4,1,4,5.53,6,0.5
2025-07-15 21:15:00,Tuesday,21,0,0,Stormy,23.6,6,4,5.99,8,6.79
2025-07-15 21:30:00,Tuesday,21,0,0,Stormy,24.3,2,4,5.87,1,0.5
2025-07-15 21:45:00,Tuesday,21,0,0,Stormy,22.1,5,4,7.01,13,8.91
2025-07-16 08:00:00,Wednesday,8,0,0,Cloudy,18.0,1,2,6.8,1,0.5
2025-07-16 08:15:00,Wednesday,8,0,0,Cloudy,19.8,3,2,5.71,7,5.59
2025-07-16 08:30:00,Wednesday,8,0,0,Cloudy,18.0,1,2,4.88,1,0.5
2025-07-16 08:45:00,Wednesday,8,0,0,Cloudy,20.5,1,2,5.49,1,4.95
2025-07-16 09:00:00,Wednesday,9,0,0,Cloudy,21.7,3,3,4.8,10,2.37
2025-07-16 09:15:00,Wednesday,9,0,0,Cloudy,18.7,1,3,4.69,5,0.5
2025-07-16 09:30:00,Wednesday,9,0,0,Cloudy,23.7,1,3,5.43,4,0.5
2025-07-16 09:45:00,Wednesday,9,0,0,Sunny,22.3,0,4,5.75,0,0.5
2025-07-16 10:00:00,Wednesday,10,0,0,Cloudy,17.9,2,3,6.39,6,0.5
2025-07-16 10:15:00,Wednesday,10,0,0,Cloudy,20.1,0,3,6.02,0,0.5
2025-07-16 10:30:00,Wednesday,10,0,0,Cloudy,22.3,4,2,5.27,4,9.75
2025-07-16 10:45:00,Wednesday,10,0,0,Cloudy,21.5,5,3,5.92,7,8.93
2025-07-16 11:00:00,Wednesday,11,0,0,Cloudy,22.2,5,4,5.52,9,3.39
2025-07-16 11:15:00,Wednesday,11,0,0,Cloudy,21.1,6,5,6.53,12,5.16
2025-07-16 11:30:00,Wednesday,11,0,0,Cloudy,20.3,7,4,6.18,16,7.63
2025-07-16 11:45:00,Wednesday,11,0,0,Cloudy,24.0,6,4,6.3,16,6.25
2025-07-16 12:00:00,Wednesday,12,0,0,Cloudy,25.0,8,4,4.85,18,9.34
2025-07-16 12:15:00,Wednesday,12,0,0,Sunny,22.8,8,4,6.65,16,7.9
2025-07-16 12:30:00,Wednesday,12,0,0,Cloudy,20.0,10,4,6.41,16,10.23
2025-07-16 12:45:00,Wednesday,12,0,0,Cloudy,20.6,15,4,7.1,28,28.52
2025-07-16 13:00:00,Wednesday,13,0,0,Cloudy,19.4,6,5,5.37,16,4.25
2025-07-16 13:15:00,Wednesday,13,0,0,Cloudy,18.9,9,4,3.97,13,0.5
2025-07-16 13:30:00,Wednesday,13,0,0,Windy,21.9,7,4,5.67,11,7.25
2025-07-16 13:45:00,Wednesday,13,0,0,Cloudy,17.9,7,4,4.74,15,4.82
2025-07-16 14:00:00,Wednesday,14,0,0,Cloudy,21.1,6,3,6.95,10,10.32
2025-07-16 14:15:00,Wednesday,14,0,0,Rainy,20.4,2,3,4.79,4,2.46
2025-07-16 14:30:00,Wednesday,14,0,0,Cloudy,19.2,3,3,4.31,7,5.81
2025-07-16 14:45:00,Wednesday,14,0,0,Cloudy,24.9,5,3,4.76,11,8.68
2025-07-16 15:00:00,Wednesday,15,0,0,Cloudy,20.1,4,2,6.42,8,13.69
2025-07-16 15:15:00,Wednesday,15,0,0,Cloudy,21.4,13,3,6.38,31,32.69
2025-07-16 15:30:00,Wednesday,15,0,0,Cloudy,24.3,8,3,4.97,16,10.52
2025-07-16 15:45:00,Wednesday,15,0,0,Cloudy,23.5,4,2,5.02,7,10.41
2025-07-16 16:00:00,Wednesday,16,0,0,Cloudy,22.3,3,2,5.78,10,9.24
2025-07-16 16:15:00,Wednesday,16,0,0,Cloudy,16.9,4,3,4.87,10,4.33
2025-07-16 16:30:00,Wednesday,16,0,0,Cloudy,19.7,8,3,6.02,14,16.28
2025-07-16 16:45:00,Wednesday,16,0,0,Cloudy,21.1,9,3,6.01,20,18.7
2025-07-16 17:00:00,Wednesday,17,0,0,Cloudy,22.7,13,2,7.61,24,48.83
2025-07-16 17:15:00,Wednesday,17,0,0,Cloudy,23.0,3,3,4.11,7,0.5
2025-07-16 17:30:00,Wednesday,17,0,0,Cloudy,19.4,9,3,5.37,15,18.88
2025-07-16 17:45:00,Wednesday,17,0,0,Cloudy,21.8,16,3,6.97,26,34.93
2025-07-16 18:00:00,Wednesday,18,0,0,Cloudy,19.5,14,2,8.65,22,62.88
2025-07-16 18:15:00,Wednesday,18,0,0,Cloudy,23.4,13,2,7.48,25,53.44
2025-07-16 18:30:00,Wednesday,18,0,0,Windy,23.7,15,3,6.14,24,30.1
2025-07-16 18:45:00,Wednesday,18,0,0,Cloudy,20.0,18,3,7.47,29,41.52
2025-07-16 19:00:00,Wednesday,19,0,0,Cloudy,22.8,10,3,6.16,19,22.74
2025-07-16 19:15:00,Wednesday,19,0,0,Cloudy,20.3,13,3,7.32,22,35.82
2025-07-16 19:30:00,Wednesday,19,0,0,Cloudy,19.3,8,2,4.73,14,17.25
2025-07-16 19:45:00,Wednesday,19,0,0,Cloudy,20.5,11,3,7.31,22,26.21
2025-07-16 20:00:00,Wednesday,20,0,0,Cloudy,19.9,7,3,5.95,12,13.02
2025-07-16 20:15:00,Wednesday,20,0,0,Cloudy,19.7,8,2,6.52,15,26.48
2025-07-16 20:30:00,Wednesday,20,0,0,Cloudy,18.2,8,1,8.37,18,66.77
2025-07-16 20:45:00,Wednesday,20,0,0,Sunny,20.0,9,2,6.73,18,25.72
2025-07-16 21:00:00,Wednesday,21,0,0,Stormy,22.0,5,2,5.29,8,16.1
2025-07-16 21:15:00,Wednesday,21,0,0,Cloudy,19.2,12,2,6.75,28,41.75
2025-07-16 21:30:00,Wednesday,21,0,0,Cloudy,20.9,2,3,6.04,1,0.5
2025-07-16 21:45:00,Wednesday,21,0,0,Sunny,21.6,5,1,5.98,13,28.84
2025-07-17 08:00:00,Thursday,8,0,0,Cloudy,21.3,0,4,6.96,1,0.5
2025-07-17 08:15:00,Thursday,8,0,0,Cloudy,20.8,3,5,7.7,7,0.5
2025-07-17 08:30:00,Thursday,8,0,0,Cloudy,21.7,2,4,4.7,2,3.76
2025-07-17 08:45:00,Thursday,8,0,0,Cloudy,21.0,1,4,4.36,0,0.5
2025-07-17 09:00:00,Thursday,9,0,0,Cloudy,20.0,1,5,5.64,0,0.5
2025-07-17 09:15:00,Thursday,9,0,0,Cloudy,21.9,3,5,4.37,7,0.5
2025-07-17 09:30:00,Thursday,9,0,0,Cloudy,21.1,2,6,4.72,8,0.5
2025-07-17 09:45:00,Thursday,9,0,0,Cloudy,20.5,0,6,4.12,0,0.5
2025-07-17 10:00:00,Thursday,10,0,0,Cloudy,23.7,5,5,6.33,10,3.27
2025-07-17 10:15:00,Thursday,10,0,0,Cloudy,22.4,3,5,5.94,2,0.5
2025-07-17 10:30:00,Thursday,10,0,0,Cloudy,23.2,4,5,5.43,8,2.06
2025-07-17 10:45:00,Thursday,10,0,0,Cloudy,21.4,4,6,5.9,7,0.5
2025-07-17 11:00:00,Thursday,11,0,0,Cloudy,21.7,8,6,5.23,18,6.19
2025-07-17 11:15:00,Thursday,11,0,0,Cloudy,19.8,6,6,5.43,11,0.5
2025-07-17 11:30:00,Thursday,11,0,0,Sunny,23.6,5,6,4.23,8,0.5
2025-07-17 11:45:00,Thursday,11,0,0,Cloudy,24.6,7,6,5.43,15,4.26
2025-07-17 12:00:00,Thursday,12,0,0,Cloudy,23.1,9,6,6.37,18,2.19
2025-07-17 12:15:00,Thursday,12,0,0,Cloudy,22.5,9,5,4.55,18,2.28
2025-07-17 12:30:00,Thursday,12,0,0,Cloudy,21.4,8,7,6.54,12,2.05
2025-07-17 12:45:00,Thursday,12,0,0,Cloudy,23.0,11,6,4.87,23,2.69
2025-07-17 13:00:00,Thursday,13,0,0,Cloudy,25.2,9,6,3.73,17,0.87
2025-07-17 13:15:00,Thursday,13,0,0,Cloudy,20.6,6,6,5.74,14,0.63
2025-07-17 13:30:00,Thursday,13,0,0,Cloudy,20.7,12,6,5.1,23,3.7
2025-07-17 13:45:00,Thursday,13,0,0,Cloudy,22.3,6,6,5.92,7,0.5
2025-07-17 14:00:00,Thursday,14,0,0,Cloudy,21.4,7,6,4.75,13,0.5
2025-07-17 14:15:00,Thursday,14,0,0,Cloudy,24.2,5,5,6.0,9,2.11
2025-07-17 14:30:00,Thursday,14,0,0,Cloudy,21.7,4,4,4.93,8,0.74
2025-07-17 14:45:00,Thursday,14,0,0,Cloudy,25.0,7,4,6.3,12,12.53
2025-07-17 15:00:00,Thursday,15,0,0,Cloudy,21.0,9,5,5.58,15,3.51
2025-07-17 15:15:00,Thursday,15,0,0,Cloudy,20.1,7,4,6.3,11,5.96
2025-07-17 15:30:00,Thursday,15,0,0,Cloudy,22.2,7,5,5.38,15,4.1
2025-07-17 15:45:00,Thursday,15,0,0,Cloudy,22.2,5,5,4.73,9,4.32
2025-07-17 16:00:00,Thursday,16,0,0,Cloudy,24.7,5,5,6.62,10,2.96
2025-07-17 16:15:00,Thursday,16,0,0,Cloudy,20.3,14,5,5.72,25,9.12
2025-07-17 16:30:00,Thursday,16,0,0,Cloudy,27.0,6,5,4.7,11,0.5
2025-07-17 16:45:00,Thursday,16,0,0,Cloudy,20.9,11,5,6.49,22,12.9
2025-07-17 17:00:00,Thursday,17,0,0,Cloudy,23.7,9,5,6.59,20,11.13
2025-07-17 17:15:00,Thursday,17,0,0,Cloudy,21.4,9,5,3.89,15,6.01
2025-07-17 17:30:00,Thursday,17,0,0,Sunny,24.1,9,5,4.92,18,5.68
2025-07-17 17:45:00,Thursday,17,0,0,Cloudy,23.7,9,5,5.95,15,6.6
2025-07-17 18:00:00,Thursday,18,0,0,Cloudy,21.9,10,5,6.5,17,8.3
2025-07-17 18:15:00,Thursday,18,0,0,Cloudy,22.9,16,5,6.37,32,16.86
2025-07-17 18:30:00,Thursday,18,0,0,Cloudy,22.3,20,5,6.56,36,20.81
2025-07-17 18:45:00,Thursday,18,0,0,Cloudy,20.0,13,4,6.7,25,23.81
2025-07-17 19:00:00,Thursday,19,0,0,Cloudy,20.3,13,5,4.84,22,7.84
2025-07-17 19:15:00,Thursday,19,0,0,Cloudy,21.3,6,5,4.97,11,2.89
2025-07-17 19:30:00,Thursday,19,0,0,Cloudy,21.2,7,6,4.56,14,0.5
2025-07-17 19:45:00,Thursday,19,0,0,Cloudy,21.7,6,5,7.15,18,5.34
2025-07-17 20:00:00,Thursday,20,0,0,Cloudy,19.8,10,5,4.37,17,0.5
2025-07-17 20:15:00,Thursday,20,0,0,Cloudy,20.8,12,4,4.89,22,11.1
2025-07-17 20:30:00,Thursday,20,0,0,Cloudy,19.4,7,4,5.65,10,9.39
2025-07-17 20:45:00,Thursday,20,0,0,Cloudy,23.1,7,4,5.05,15,9.79
2025-07-17 21:00:00,Thursday,21,0,0,Cloudy,19.5,3,4,5.08,7,0.5
2025-07-17 21:15:00,Thursday,21,0,0,Cloudy,19.3,3,4,5.55,7,0.5
2025-07-17 21:30:00,Thursday,21,0,0,Cloudy,21.1,7,4,4.07,12,0.5
2025-07-17 21:45:00,Thursday,21,0,0,Cloudy,20.2,4,4,4.23,7,0.5
2025-07-18 08:00:00,Friday,8,0,0,Cloudy,23.7,1,4,5.84,1,0.5
2025-07-18 08:15:00,Friday,8,0,0,Cloudy,21.2,5,4,5.38,7,0.7
2025-07-18 08:30:00,Friday,8,0,0,Cloudy,20.7,1,4,5.61,0,0.5
2025-07-18 08:45:00,Friday,8,0,0,Cloudy,24.5,4,4,5.75,7,0.82
2025-07-18 09:00:00,Friday,9,0,0,Cloudy,21.0,0,5,5.89,0,0.5
2025-07-18 09:15:00,Friday,9,0,0,Cloudy,20.1,2,6,5.3,2,0.5
2025-07-18 09:30:00,Friday,9,0,0,Cloudy,27.3,2,5,4.16,6,0.5
2025-07-18 09:45:00,Friday,9,0,0,Cloudy,21.9,3,6,5.19,8,0.5
2025-07-18 10:00:00,Friday,10,0,0,Cloudy,21.1,2,5,6.45,7,0.5
2025-07-18 10:15:00,Friday,10,0,0,Cloudy,25.3,1,5,6.41,1,0.5
2025-07-18 10:30:00,Friday,10,0,0,Cloudy,22.5,7,5,6.12,12,3.54
2025-07-18 10:45:00,Friday,10,0,0,Cloudy,21.4,7,5,6.31,12,5.87
2025-07-18 11:00:00,Friday,11,0,0,Cloudy,22.9,3,6,4.46,5,0.5
2025-07-18 11:15:00,Friday,11,0,0,Cloudy,21.6,4,6,6.13,7,0.5
2025-07-18 11:30:00,Friday,11,0,0,Cloudy,25.7,7,6,4.57,10,0.5
2025-07-18 11:45:00,Friday,11,0,0,Cloudy,21.9,11,6,5.69,20,7.13
2025-07-18 12:00:00,Friday,12,0,0,Cloudy,24.5,8,6,5.9,15,2.98
2025-07-18 12:15:00,Friday,12,0,0,Cloudy,24.6,8,6,6.0,18,4.83
2025-07-18 12:30:00,Friday,12,0,0,Cloudy,24.8,12,6,6.03,23,10.64
2025-07-18 12:45:00,Friday,12,0,0,Cloudy,22.6,14,7,5.35,28,6.32
2025-07-18 13:00:00,Friday,13,0,0,Cloudy,24.2,7,6,4.83,12,1.06
2025-07-18 13:15:00,Friday,13,0,0,Cloudy,20.1,9,6,5.11,16,5.57
2025-07-18 13:30:00,Friday,13,0,0,Cloudy,23.7,6,6,4.69,8,0.5
2025-07-18 13:45:00,Friday,13,0,0,Cloudy,22.1,6,5,5.03,9,0.5
2025-07-18 14:00:00,Friday,14,0,0,Cloudy,22.1,4,6,4.85,9,0.5
2025-07-18 14:15:00,Friday,14,0,0,Cloudy,25.3,4,5,5.86,9,3.37
2025-07-18 14:30:00,Friday,14,0,0,Rainy,23.1,5,5,6.03,9,0.75
2025-07-18 14:45:00,Friday,14,0,0,Cloudy,22.0,6,5,5.39,11,4.76
2025-07-18 15:00:00,Friday,15,0,0,Cloudy,21.8,3,5,4.54,8,0.5
2025-07-18 15:15:00,Friday,15,0,0,Cloudy,23.7,12,5,5.1,23,11.75
2025-07-18 15:30:00,Friday,15,0,0,Cloudy,21.9,6,5,4.33,10,0.5
2025-07-18 15:45:00,Friday,15,0,0,Cloudy,22.5,5,5,6.43,11,2.7
2025-07-18 16:00:00,Friday,16,0,0,Cloudy,25.6,7,5,4.83,13,6.55
2025-07-18 16:15:00,Friday,16,0,0,Cloudy,21.2,10,5,6.03,19,9.23
2025-07-18 16:30:00,Friday,16,0,0,Cloudy,21.3,9,5,5.49,19,10.01
2025-07-18 16:45:00,Friday,16,0,0,Cloudy,23.7,13,5,4.7,22,6.43
2025-07-18 17:00:00,Friday,17,0,0,Cloudy,20.8,10,5,5.94,18,7.43
2025-07-18 17:15:00,Friday,17,0,0,Cloudy,26.0,9,5,6.43,18,8.1
2025-07-18 17:30:00,Friday,17,0,0,Cloudy,24.9,9,5,5.78,16,8.69
2025-07-18 17:45:00,Friday,17,0,0,Cloudy,25.6,11,6,5.06,24,5.07
2025-07-18 18:00:00,Friday,18,0,0,Cloudy,20.4,12,5,7.55,27,14.84
2025-07-18 18:15:00,Friday,18,0,0,Cloudy,24.3,11,4,6.5,17,12.73
2025-07-18 18:30:00,Friday,18,0,0,Cloudy,24.4,13,4,5.81,23,18.37
2025-07-18 18:45:00,Friday,18,0,0,Cloudy,24.1,12,4,7.04,21,17.51
2025-07-18 19:00:00,Friday,19,0,0,Cloudy,22.9,11,5,5.95,20,11.94
2025-07-18 19:15:00,Friday,19,0,0,Cloudy,23.7,14,5,4.7,26,13.11
2025-07-18 19:30:00,Friday,19,0,0,Cloudy,22.2,10,5,5.15,21,9.49
2025-07-18 19:45:00,Friday,19,0,0,Cloudy,24.9,12,5,5.62,25,8.66
2025-07-18 20:00:00,Friday,20,0,0,Sunny,20.7,8,6,4.49,16,0.84
2025-07-18 20:15:00,Friday,20,0,0,Cloudy,21.1,8,4,5.88,13,10.24
2025-07-18 20:30:00,Friday,20,0,0,Cloudy,22.3,9,4,5.95,18,11.04
2025-07-18 20:45:00,Friday,20,0,0,Cloudy,22.1,4,4,4.86,6,0.73
2025-07-18 21:00:00,Friday,21,0,0,Cloudy,20.1,7,5,3.86,17,3.21
2025-07-18 21:15:00,Friday,21,0,0,Cloudy,24.2,9,4,5.75,18,12.53
2025-07-18 21:30:00,Friday,21,0,0,Cloudy,21.4,5,4,4.22,11,3.16
2025-07-18 21:45:00,Friday,21,0,0,Cloudy,21.6,4,4,6.16,7,0.5
2025-07-19 08:00:00,Saturday,8,1,0,Cloudy,23.3,2,6,4.86,5,1.02
2025-07-19 08:15:00,Saturday,8,1,0,Cloudy,22.0,2,6,5.91,4,0.5
2025-07-19 08:30:00,Saturday,8,1,0,Cloudy,25.6,0,6,5.84,3,0.5
2025-07-19 08:45:00,Saturday,8,1,0,Cloudy,25.5,1,5,3.82,0,0.5
2025-07-19 09:00:00,Saturday,9,1,0,Cloudy,21.3,3,7,6.04,3,0.5
2025-07-19 09:15:00,Saturday,9,1,0,Cloudy,24.9,4,7,5.17,7,0.5
2025-07-19 09:30:00,Saturday,9,1,0,Cloudy,26.2,2,7,4.63,5,0.5
2025-07-19 09:45:00,Saturday,9,1,0,Cloudy,23.8,2,7,7.08,4,0.5
2025-07-19 10:00:00,Saturday,10,1,0,Cloudy,23.6,3,6,5.19,6,0.5
2025-07-19 10:15:00,Saturday,10,1,0,Cloudy,24.7,5,7,5.23,8,0.5
2025-07-19 10:30:00,Saturday,10,1,0,Cloudy,24.5,7,7,4.87,15,0.5
2025-07-19 10:45:00,Saturday,10,1,0,Cloudy,25.0,4,7,6.49,6,0.5
2025-07-19 11:00:00,Saturday,11,1,0,Cloudy,24.6,11,9,5.64,17,1.27
2025-07-19 11:15:00,Saturday,11,1,0,Cloudy,22.1,8,8,4.42,16,0.5
2025-07-19 11:30:00,Saturday,11,1,0,Cloudy,24.4,8,8,6.14,11,0.5
2025-07-19 11:45:00,Saturday,11,1,0,Cloudy,27.2,8,8,5.6,17,0.5
2025-07-19 12:00:00,Saturday,12,1,0,Cloudy,23.2,9,7,6.08,16,2.74
2025-07-19 12:15:00,Saturday,12,1,0,Cloudy,22.6,10,8,5.85,20,3.03
2025-07-19 12:30:00,Saturday,12,1,0,Cloudy,24.7,13,8,4.7,24,1.49
2025-07-19 12:45:00,Saturday,12,1,0,Cloudy,22.6,11,9,4.77,21,0.5
2025-07-19 13:00:00,Saturday,13,1,0,Cloudy,24.2,12,8,5.75,24,1.64
2025-07-19 13:15:00,Saturday,13,1,0,Cloudy,21.8,14,8,5.62,23,3.66
2025-07-19 13:30:00,Saturday,13,1,0,Cloudy,25.0,14,8,5.76,23,1.81
2025-07-19 13:45:00,Saturday,13,1,0,Cloudy,24.7,7,8,5.57,10,0.5
2025-07-19 14:00:00,Saturday,14,1,0,Cloudy,22.6,8,8,5.9,17,2.98
2025-07-19 14:15:00,Saturday,14,1,0,Cloudy,26.8,11,7,4.48,22,2.86
2025-07-19 14:30:00,Saturday,14,1,0,Cloudy,25.8,6,7,6.18,13,4.8
2025-07-19 14:45:00,Saturday,14,1,0,Cloudy,25.9,7,7,6.14,11,1.23
2025-07-19 15:00:00,Saturday,15,1,0,Cloudy,24.1,4,7,5.87,7,0.5
2025-07-19 15:15:00,Saturday,15,1,0,Cloudy,24.8,9,6,5.92,17,1.84
2025-07-19 15:30:00,Saturday,15,1,0,Cloudy,23.6,12,7,4.93,24,5.42
2025-07-19 15:45:00,Saturday,15,1,0,Sunny,21.1,10,7,5.27,22,7.55
2025-07-19 16:00:00,Saturday,16,1,0,Cloudy,21.9,5,7,6.23,13,0.79
2025-07-19 16:15:00,Saturday,16,1,0,Cloudy,25.5,7,7,4.97,18,0.92
2025-07-19 16:30:00,Saturday,16,1,0,Cloudy,25.7,10,7,6.48,18,11.03
2025-07-19 16:45:00,Saturday,16,1,0,Cloudy,26.4,6,7,5.12,12,0.5
2025-07-19 17:00:00,Saturday,17,1,0,Cloudy,23.1,13,7,5.16,28,11.29
2025-07-19 17:15:00,Saturday,17,1,0,Cloudy,25.1,5,7,5.63,9,0.5
2025-07-19 17:30:00,Saturday,17,1,0,Cloudy,25.7,18,7,3.7,38,8.24
2025-07-19 17:45:00,Saturday,17,1,0,Cloudy,25.1,10,7,5.28,19,4.98
2025-07-19 18:00:00,Saturday,18,1,0,Cloudy,25.4,8,7,5.19,13,0.5
2025-07-19 18:15:00,Saturday,18,1,0,Cloudy,26.0,14,7,4.65,20,6.18
2025-07-19 18:30:00,Saturday,18,1,0,Cloudy,26.1,20,7,5.77,41,15.44
2025-07-19 18:45:00,Saturday,18,1,0,Cloudy,24.2,17,7,4.79,32,9.87
2025-07-19 19:00:00,Saturday,19,1,0,Cloudy,26.0,17,7,5.33,31,10.16
2025-07-19 19:15:00,Saturday,19,1,0,Rainy,24.3,9,7,4.44,13,3.33
2025-07-19 19:30:00,Saturday,19,1,0,Cloudy,26.1,11,7,5.98,16,4.58
2025-07-19 19:45:00,Saturday,19,1,0,Cloudy,24.0,13,7,5.25,28,4.81
2025-07-19 20:00:00,Saturday,20,1,0,Cloudy,24.1,15,6,6.52,24,13.77
2025-07-19 20:15:00,Saturday,20,1,0,Cloudy,24.5,8,6,5.48,17,2.54
2025-07-19 20:30:00,Saturday,20,1,0,Cloudy,24.6,8,7,5.22,17,2.65
2025-07-19 20:45:00,Saturday,20,1,0,Cloudy,23.8,10,6,4.97,19,7.84
2025-07-19 21:00:00,Saturday,21,1,0,Cloudy,23.0,6,6,5.36,14,0.5
2025-07-19 21:15:00,Saturday,21,1,0,Cloudy,22.0,2,6,6.6,1,0.5
2025-07-19 21:30:00,Saturday,21,1,0,Cloudy,24.1,9,6,7.84,19,5.02
2025-07-19 21:45:00,Saturday,21,1,0,Cloudy,24.2,5,6,4.01,11,0.5
